unit_id,source_year,rigor,class_rank,gpa,test_scores,essay,recommendations,interview,extracurriculars,talent,character_qualities,first_generation,alumni_relation,geography,state_residency,religious_affiliation,volunteer_work,work_experience,applicant_interest,source_url,archive_url
100663,2024,very_important,not_considered,very_important,considered,not_considered,not_considered,not_considered,not_considered,not_considered,not_considered,not_considered,not_considered,not_considered,not_considered,not_considered,not_considered,not_considered,not_considered,https://drive.usercontent.google.com/download?id=1nB2mlDG1ZeLTIp_pQpu8moQJEvIaBm1F&export=download,https://www.collegedata.fyi/schools/university-of-alabama-at-birmingham/2024-25
100751,2025,very_important,considered,very_important,very_important,considered,considered,considered,important,considered,considered,considered,considered,considered,considered,not_considered,important,considered,not_considered,https://oira.ua.edu/d/sites/all/files/reports26/CDS%202025-26%20FINAL%209Dec2025.pdf,https://www.collegedata.fyi/schools/the-university-of-alabama/2025-26
100830,2024,very_important,not_considered,very_important,very_important,not_considered,not_considered,not_considered,not_considered,not_considered,not_considered,not_considered,not_considered,not_considered,not_considered,not_considered,not_considered,not_considered,not_considered,https://www.aum.edu/wp-content/uploads/2025/05/CDS-2024-2025.pdf,https://www.collegedata.fyi/schools/auburn-university-at-montgomery/2024-25
101879,2024,important,important,very_important,not_considered,not_considered,not_considered,not_considered,not_considered,not_considered,not_considered,not_considered,not_considered,,not_considered,,,not_considered,not_considered,https://www.una.edu/research/Institutional%20Data/2024-2025-cds-university-of-north-alabama.pdf,https://www.collegedata.fyi/schools/university-of-north-alabama/2024-25
102049,2024,important,considered,very_important,important,very_important,very_important,considered,considered,not_considered,important,not_considered,not_considered,not_considered,not_considered,not_considered,considered,considered,considered,https://www.samford.edu/departments/files/Institutional_Effectiveness/2024-2025/CDS_Section_A.pdf,https://www.collegedata.fyi/schools/samford-university/2024-25
102094,2025,very_important,very_important,very_important,very_important,very_important,very_important,very_important,very_important,very_important,very_important,very_important,very_important,very_important,very_important,very_important,very_important,very_important,very_important,https://www.southalabama.edu/departments/institutionalresearch/resources/usa-cds-2025-2026.pdf,https://www.collegedata.fyi/schools/university-of-south-alabama/2025-26
102368,2024,very_important,not_considered,very_important,very_important,not_considered,not_considered,not_considered,not_considered,not_considered,not_considered,not_considered,not_considered,not_considered,not_considered,not_considered,not_considered,not_considered,not_considered,https://www.troy.edu/_assets/irpe/_documents/cds-2024-2025.pdf,https://www.collegedata.fyi/schools/troy-university/2024-25
102614,2024,not_considered,not_considered,very_important,considered,not_considered,not_considered,not_considered,not_considered,not_considered,not_considered,not_considered,not_considered,not_considered,not_considered,not_considered,not_considered,not_considered,not_considered,https://www.uaf.edu/pair/pair_reports/common-data-set/UAF_Common_data_Set_2025_2026.pdf,https://www.collegedata.fyi/schools/university-of-alaska-fairbanks/2024-25
104151,2025,important,important,very_important,considered,not_considered,not_considered,not_considered,not_considered,not_considered,not_considered,not_considered,not_considered,not_considered,considered,not_considered,not_considered,not_considered,not_considered,https://uoia.asu.edu/sites/g/files/litvpz1436/files/2026-04/CDS%202025-26%20-%20ASU%20Campus%20Immersion.pdf,https://www.collegedata.fyi/schools/arizona-state-university-campus-immersion/2025-26
105330,2025,important,not_considered,very_important,considered,not_considered,not_considered,not_considered,not_considered,not_considered,not_considered,not_considered,not_considered,not_considered,not_considered,not_considered,not_considered,not_considered,not_considered,https://in.nau.edu/wp-content/uploads/sites/129/2026/04/CDS-2025-2026.pdf,https://www.collegedata.fyi/schools/northern-arizona-university/2025-26
106397,2025,very_important,very_important,very_important,very_important,very_important,very_important,very_important,very_important,very_important,very_important,very_important,very_important,very_important,very_important,very_important,very_important,very_important,very_important,https://osai.uark.edu/datasets/cds/cds25-26v3.pdf,https://www.collegedata.fyi/schools/university-of-arkansas/2025-26
107558,2025,very_important,very_important,very_important,very_important,very_important,very_important,,very_important,very_important,very_important,very_important,very_important,very_important,very_important,very_important,,very_important,very_important,https://ozarks.edu/wp-content/uploads/CDS_2025-2026.pdf,https://www.collegedata.fyi/schools/university-of-the-ozarks/2025-26
110361,2025,very_important,considered,very_important,very_important,very_important,very_important,not_considered,considered,considered,very_important,not_considered,not_considered,not_considered,not_considered,not_considered,considered,not_considered,important,https://calbaptist.edu/about/leadership/provost/educational-effectiveness/institutional-research/pdfs/CDS-PDF-2025-2026%20-%20All.pdf,https://www.collegedata.fyi/schools/california-baptist-university/2025-26
110404,2025,very_important,very_important,very_important,very_important,very_important,very_important,very_important,very_important,very_important,very_important,very_important,very_important,very_important,very_important,very_important,very_important,very_important,very_important,https://finance.caltech.edu/documents/35127/cds_2026.pdf,https://www.collegedata.fyi/schools/california-institute-of-technology/2025-26
110413,2024,considered,important,very_important,considered,very_important,very_important,considered,important,considered,important,important,considered,important,considered,considered,considered,considered,considered,https://www.callutheran.edu/about/factbook/2024_2025_Common_Data_Set_Draft.pdf,https://www.collegedata.fyi/schools/california-lutheran-university/2024-25
110422,2025,very_important,very_important,very_important,very_important,very_important,very_important,very_important,very_important,very_important,very_important,very_important,very_important,very_important,very_important,very_important,very_important,very_important,very_important,https://content-calpoly-edu.s3.amazonaws.com/ir/1/images/CDS-PDF-2025-2026_final_web_0.pdf,https://www.collegedata.fyi/schools/california-polytechnic-state-university-san-luis-obispo/2025-26
110486,2025,very_important,not_considered,very_important,not_considered,not_considered,not_considered,not_considered,,,,,,,,,,,,https://public.boxcloud.com/d/1/b1!SiQTQpA98zWhmn6wMNcNXvrHvDOHuF4bt_g-IeokA2Zazw03jVW7C9SsumvaNTiJbdYtbOOtDYg6kXJrnWQ9GhM4EunGnGI7L8weu-ciuQqIC4S6uFuzZREh1_6FItgS45agu8LcB0ezfxkyJSB4C2tvxgNnx7R4iRMXQauSs2ClgKsMU4-tQHkGH0sfIzdHF4HnslyIT1JkpsVRFKOHaakbJOOCCd6DOjXZKlM16Iuz7-sKuyQazyFVmoauK1N39kEi0f5qeodyi5YGoYfPRAUGWsRN1zmnGZGm2cDG8dbPcc508_oFClTbLOMNhAQj_IY8_kCW-2ZNjLpAJjQH2fqdoeZKk5S-UFSXhWon2QgGrkJ-qwZmEHP6NNbQ6KXADWQK1ITZr9tEFqlKd3mFkl7neT2VLu5JEFsSixK8xLWGUlNZC5Y7xlNXGOHF7knCiG_kIOedjUAF4--DEL-3ggPUNm-Vybz9a9nWg7QqdC6TAEg0jlhDwLsvpmsSg6KwJd0xF1W_5rzR2lAYGzzqMIsO5QDBaBiHinHGqUykFjFgfR96DsGoOCTIACKFotBywpsaWyII3azM2LTLg5a9xdm7vgxWUOkV8TwWaPTvLiPkqJ5v7Hm5n1dLZRcGQOig68i-uWhbngAThx223nv5haWCyviTMNpuhLfgrmKVJk4vEbFRcEPrIFj0Pex7T_cL0i3XAqbAzdXnPcn4OzQxSayKux3LDQdtcgZoDFnMTta0avcdB1Fs-M8F16oo8QzJBwn15A5L5ZdZBZYzYENmWGrXk7dOxZGNL0Hd7PpAvUDsocGNdUcnV_-nvZF6LXc_DjT3yjCKM3FCuixczZLuW3BiiKflxxyF_3_o5PEJqAn_QVtkqjqvRHnDsfIpVi6diYinOqFxWjTkeUsryUZCxe7s5qcp8QkuzyaEjpE0kUEG89jcQfF0_j7pUkDcJBDJ2TNFbf-7g-UZ5z_5m3qKbZ9mcSkRXyRQ65ZVfQ9U_0RcDywTqWq7YhW_TxxhcTUQO5OLIR8N4qZcDAmUXuX2Rir-PV2S8iizN_uBmYSjKgUY-Op8gCbnnNTzv8Dfqf5UrZd5QI1Am6dy8JYdPgZw-umbeYl-hFWRD9-HkCk3kPtocwUIEgwrmDtYvLhAUMHDiDff_JRs87HizwHQ9w-eeiEDIinSCeyGY1JBDQlThMcnyAGjldVruhDP0CtLJ4pii0EEyP4tyuJ0vvXWRk22lqzI437Wwo0g4DJHvatrTZyspRdbDyceweKUEkqSj-kW5zPu87P0PydtWa6Qon1J5upZTd-hGuJwqZk6QuiKzpzjedQB0CL-6WALbNjwz742GjxrMrR4OmnJylolj79KgyuT0MRB43VZ1YAhVaC-0I0shPBFI9MBTHvFWcMiXXBDt4D4FjJEuYUU_JgoeAbwFbzDZQirmFERMj0OG1jCTl-Rra8O1TkkCNtnL-bCZUZEBCcSPIMD0Xwe-_IC8UBdp-GKq2-e6OKvXpqYqmS6iONJHA_6ljF2zxGomPTCN_mLDgoyEOuxZNmbOgjKtV_obQ4JrlNWoFD5WfV_SYkzYq0udoRFdZZdFGyBgw../download,https://www.collegedata.fyi/schools/california-state-university-bakersfield/2025-26
110510,2024,not_considered,not_considered,very_important,very_important,not_considered,not_considered,not_considered,not_considered,not_considered,not_considered,not_considered,not_considered,important,not_considered,not_considered,not_considered,not_considered,not_considered,https://www.csusb.edu/sites/default/files/upload/file/2024/CDS_2024-2025.pdf,https://www.collegedata.fyi/schools/california-state-university-san-bernardino/2024-25
110529,2024,very_important,not_considered,very_important,not_considered,not_considered,not_considered,,,,,,,,,,,,,https://drive.usercontent.google.com/download?id=1lwH_X-KfROFlSNBf0fxZoTtnJuMd5F7H&export=download,https://www.collegedata.fyi/schools/california-state-polytechnic-university-pomona/2024-25
110538,2025,very_important,very_important,very_important,very_important,very_important,very_important,very_important,very_important,very_important,very_important,very_important,very_important,very_important,very_important,very_important,very_important,very_important,very_important,https://www.csuchico.edu/ir/_assets/documents/cds-2026.pdf,https://www.collegedata.fyi/schools/california-state-university-chico/2025-26
110592,2024,considered,not_considered,very_important,not_considered,not_considered,not_considered,not_considered,not_considered,not_considered,not_considered,not_considered,not_considered,considered,considered,not_considered,not_considered,not_considered,not_considered,https://drive.usercontent.google.com/download?id=19xk9izL3dPFoI27yihvy13fym5RmCxns&export=download,https://www.collegedata.fyi/schools/california-state-university-los-angeles/2024-25
110608,2024,very_important,very_important,very_important,very_important,very_important,very_important,,very_important,very_important,very_important,very_important,very_important,very_important,very_important,very_important,very_important,very_important,not_considered,https://live-csu-northridge.pantheonsite.io/sites/default/files/2026-04/CDS%202025%20v2.pdf,https://www.collegedata.fyi/schools/california-state-university-northridge/2024-25
110617,2024,very_important,very_important,very_important,very_important,very_important,very_important,,very_important,very_important,very_important,very_important,very_important,very_important,very_important,very_important,very_important,very_important,very_important,https://www.csus.edu/information-resources-technology/institutional-research/common-data-set/cds_2024-2025-final.pdf,https://www.collegedata.fyi/schools/california-state-university-sacramento/2024-25
110635,2024,very_important,not_considered,very_important,considered,very_important,considered,not_considered,important,considered,important,considered,not_considered,not_considered,considered,not_considered,important,important,not_considered,https://doc-10-7s-sheets.googleusercontent.com/export/54bogvaave6cua4cdnls17ksc4/geo5a1j64pf991e4qa1bker1ik/1778077500000/108561847862806983489/*/11BnFbit7JcrmFMi9iV_TMkzhUyCQ_dQHS0V8weuOHPM?format=xlsx,https://www.collegedata.fyi/schools/uc-berkeley/2024-25
110644,2024,very_important,not_considered,very_important,not_considered,important,not_considered,not_considered,important,important,important,considered,not_considered,considered,important,not_considered,important,considered,not_considered,https://drive.usercontent.google.com/download?id=1xd_2g4L1SqR_csHIwhIpBMTyhY_2E71l&export=download,https://www.collegedata.fyi/schools/uc-davis/2024-25
110653,2024,very_important,not_considered,very_important,not_considered,very_important,not_considered,not_considered,very_important,very_important,important,considered,not_considered,considered,considered,not_considered,very_important,very_important,not_considered,https://drive.usercontent.google.com/download?id=1E6CPsg5A5FC83Kl5AzRfhXifxSd5O2j9&export=download,https://www.collegedata.fyi/schools/uc-irvine/2024-25
110662,2025,very_important,not_considered,very_important,not_considered,very_important,not_considered,not_considered,important,important,important,considered,not_considered,considered,considered,not_considered,important,important,not_considered,https://apb.ucla.edu/file/d1ab04b3-ee89-4cf2-9124-8dc0471b5e5a,https://www.collegedata.fyi/schools/ucla/2025-26
110671,2025,important,not_considered,very_important,not_considered,very_important,not_considered,not_considered,not_considered,considered,not_considered,considered,not_considered,not_considered,considered,not_considered,not_considered,not_considered,not_considered,https://ir.ucr.edu/sites/default/files/2026-05/cds-2025-2026.pdf,https://www.collegedata.fyi/schools/university-of-california-riverside/2025-26
110680,2025,very_important,considered,very_important,not_considered,very_important,not_considered,not_considered,important,important,important,considered,not_considered,considered,important,not_considered,important,considered,not_considered,https://ir.ucsd.edu/stats/undergrad/CDS-2025-2026-Final2.pdf,https://www.collegedata.fyi/schools/uc-san-diego/2025-26
110705,2025,important,not_considered,very_important,not_considered,very_important,not_considered,not_considered,considered,considered,considered,considered,not_considered,considered,considered,not_considered,considered,considered,not_considered,https://drive.usercontent.google.com/download?id=1FIkvY5dANho45ioG7-JHgO3IPH6-ui1W&export=download,https://www.collegedata.fyi/schools/uc-santa-barbara/2025-26
110714,2024,very_important,very_important,very_important,very_important,very_important,very_important,,very_important,very_important,very_important,very_important,very_important,very_important,very_important,very_important,very_important,very_important,very_important,https://drive.usercontent.google.com/download?id=14YjGYXfskam0VrxaeYKGQqjlHmVpxKLA&export=download,https://www.collegedata.fyi/schools/university-of-california-santa-cruz/2024-25
111948,2024,very_important,very_important,very_important,very_important,very_important,very_important,,very_important,very_important,very_important,very_important,very_important,very_important,very_important,very_important,very_important,very_important,very_important,https://drive.usercontent.google.com/download?id=1OK5t-z7CB1oRLJQTv2Du4gtpjTxIsneN&export=download,https://www.collegedata.fyi/schools/chapman-university/2024-25
112260,2025,very_important,considered,very_important,considered,very_important,very_important,important,very_important,important,very_important,considered,,considered,not_considered,not_considered,considered,considered,not_considered,https://www.cmc.edu/sites/default/files/CDS_2025-26_Annotated(Updated20260605).pdf,https://www.collegedata.fyi/schools/claremont-mckenna/2025-26
113698,2024,very_important,important,considered,considered,considered,very_important,considered,important,important,very_important,considered,considered,not_considered,not_considered,not_considered,important,important,considered,https://www.dominican.edu/sites/default/files/2021-12/CDS_2021-2022_Dominican%20University%20of%20California.pdf,https://www.collegedata.fyi/schools/dominican-university-of-california/2024-25
115409,2025,very_important,considered,very_important,considered,important,very_important,considered,important,considered,important,considered,not_considered,considered,considered,not_considered,considered,considered,not_considered,https://www.hmc.edu/institutional-research/wp-content/uploads/sites/42/2026/03/CDS-HMC-2025.2026_shared.pdf,https://www.collegedata.fyi/schools/harvey-mudd/2025-26
115755,2024,considered,not_considered,very_important,considered,not_considered,not_considered,not_considered,not_considered,not_considered,not_considered,not_considered,not_considered,not_considered,not_considered,,,,,https://www.humboldt.edu/sites/default/files/irar/2024-11/2024-2025-cds-cal-poly-humboldt-printable.pdf,https://www.collegedata.fyi/schools/california-state-polytechnic-university-humboldt/2024-25
117946,2024,very_important,considered,very_important,considered,very_important,important,not_considered,considered,important,important,considered,not_considered,not_considered,not_considered,not_considered,considered,considered,not_considered,https://drive.usercontent.google.com/download?id=1-NFEQb641NiDM3NHvckRSaX0IutJaFdg&export=download,https://www.collegedata.fyi/schools/loyola-marymount-university/2024-25
121150,2024,very_important,not_considered,very_important,considered,very_important,important,considered,very_important,very_important,very_important,considered,not_considered,not_considered,not_considered,very_important,important,considered,not_considered,https://drive.usercontent.google.com/download?id=16KVLUw3ll1EXe0Xz5cuBjeHtDGMGGf8A&export=download,https://www.collegedata.fyi/schools/pepperdine-university/2024-25
122436,2024,very_important,important,very_important,not_considered,important,important,considered,important,important,important,considered,not_considered,considered,not_considered,considered,important,considered,considered,https://www.sandiego.edu/facts/documents/cds/cds_2024-25.pdf,https://www.collegedata.fyi/schools/university-of-san-diego/2024-25
122612,2024,very_important,considered,very_important,considered,important,considered,considered,considered,considered,important,considered,not_considered,not_considered,not_considered,not_considered,important,considered,considered,https://drive.usercontent.google.com/download?id=1zKU2_jGW_cQgxxQ74oHLkKlebIgyrjq3&export=download,https://www.collegedata.fyi/schools/university-of-san-francisco/2024-25
122755,2024,not_considered,not_considered,very_important,not_considered,not_considered,,not_considered,not_considered,not_considered,,considered,not_considered,important,,,,,,https://drive.usercontent.google.com/download?id=1OgrHSD1Z3sYa7aAcQeRa2_kc6bfjXdOb&export=download,https://www.collegedata.fyi/schools/san-jose-state-university/2024-25
122931,2024,very_important,important,very_important,considered,very_important,important,not_considered,very_important,very_important,very_important,considered,considered,considered,considered,considered,very_important,very_important,important,https://drive.usercontent.google.com/download?id=1vfbrOrkoUKUMqrcIBqcg60yigVWD3jTD&export=download,https://www.collegedata.fyi/schools/santa-clara-university/2024-25
123165,2024,very_important,considered,very_important,considered,very_important,important,considered,considered,considered,very_important,considered,not_considered,considered,not_considered,not_considered,considered,considered,not_considered,https://drive.usercontent.google.com/download?id=1MWZXiqPqf9z9qlQnJ6jOl4nSvUHS8l9p&export=download,https://www.collegedata.fyi/schools/scripps-college/2024-25
123961,2025,very_important,not_considered,very_important,considered,very_important,very_important,not_considered,important,important,very_important,considered,considered,not_considered,not_considered,not_considered,considered,considered,not_considered,https://oir.usc.edu/wp-content/uploads/sites/3/2026/10/CDS_2025-26_FINAL.pdf,https://www.collegedata.fyi/schools/usc/2025-26
125727,2024,not_considered,not_considered,very_important,considered,very_important,very_important,considered,considered,considered,considered,not_considered,not_considered,not_considered,not_considered,considered,considered,not_considered,considered,https://www.westmont.edu/sites/default/files/2025-11/CDS%202024-25%20Westmont%20College.xlsx,https://www.collegedata.fyi/schools/westmont-college/2024-25
126614,2025,very_important,considered,very_important,considered,important,important,not_considered,important,important,important,considered,not_considered,considered,considered,not_considered,considered,considered,not_considered,https://data.colorado.edu/reports/common-data-set,https://www.collegedata.fyi/schools/colorado/2025-26
126678,2024,very_important,very_important,very_important,very_important,very_important,very_important,,very_important,very_important,very_important,very_important,very_important,very_important,very_important,very_important,very_important,very_important,very_important,https://drive.usercontent.google.com/download?id=1p0TnSu0PlZq7aAOmPeu7z1K55ZpNW9jj&export=download,https://www.collegedata.fyi/schools/colorado-college/2024-25
127200,2024,very_important,,very_important,very_important,very_important,very_important,very_important,,very_important,very_important,very_important,very_important,very_important,very_important,very_important,very_important,very_important,very_important,https://www.frontrange.edu/_resources/docs/about-frcc/ir-student-data/FRCC%202024-2025%20CDS-remediated.pdf,https://www.collegedata.fyi/schools/front-range-community-college/2024-25
127556,2024,very_important,considered,very_important,considered,important,considered,not_considered,considered,considered,considered,considered,not_considered,considered,considered,not_considered,considered,considered,not_considered,https://drive.usercontent.google.com/download?id=104HAlHr6kClPur16ZTVt4jsCL8kyb04S&export=download,https://www.collegedata.fyi/schools/colorado-mesa-university/2024-25
127565,2024,considered,not_considered,considered,considered,considered,considered,not_considered,considered,considered,considered,not_considered,not_considered,not_considered,not_considered,not_considered,considered,considered,not_considered,https://www.msudenver.edu/wp-content/uploads/2026/06/CDS_2024-2025_Updated_06-29-26_jjb3.pdf,https://www.collegedata.fyi/schools/metropolitan-state-university-of-denver/2024-25
128106,2025,important,important,very_important,considered,considered,considered,not_considered,not_considered,not_considered,not_considered,not_considered,not_considered,not_considered,not_considered,not_considered,not_considered,not_considered,not_considered,https://www.csupueblo.edu/institutional-research/_doc/2024-2025-data-set/cds_2025-2026_section-a_general-information.pdf,https://www.collegedata.fyi/schools/colorado-state-university-pueblo/2025-26
128498,2024,very_important,very_important,very_important,very_important,very_important,very_important,,very_important,very_important,very_important,very_important,very_important,very_important,very_important,very_important,very_important,very_important,very_important,https://drive.usercontent.google.com/download?id=1cb-7QPm2EL_CSJP4lw1RN1qLEKfHiQiF&export=download,https://www.collegedata.fyi/schools/albertus-magnus-college/2024-25
128902,2025,very_important,considered,very_important,considered,important,important,important,important,important,very_important,considered,considered,considered,considered,considered,important,important,considered,https://www.conncoll.edu/media/Common-Data-Set-2025-26.pdf,https://www.collegedata.fyi/schools/connecticut-college/2025-26
129020,2024,very_important,very_important,very_important,very_important,very_important,important,not_considered,important,important,important,important,not_considered,considered,considered,not_considered,important,considered,not_considered,https://drive.usercontent.google.com/download?id=1BBILZKCO-i59J0oRpd2d3FK2NOzlMbIz&export=download,https://www.collegedata.fyi/schools/university-of-connecticut/2024-25
129215,2025,considered,important,very_important,considered,important,considered,considered,considered,considered,considered,considered,not_considered,not_considered,,,,,,https://www.easternct.edu/planning-and-institutional-research/_documents/cds-2025-26a.pdf,https://www.collegedata.fyi/schools/eastern-connecticut-state-university/2025-26
129242,2024,very_important,considered,very_important,considered,very_important,very_important,important,important,important,important,important,considered,considered,not_considered,not_considered,important,important,important,https://drive.usercontent.google.com/download?id=1ISj2X8bGe3-Nltk9Sbe6vjfz3cQ6-ZFf&export=download,https://www.collegedata.fyi/schools/fairfield-university/2024-25
130314,2024,important,considered,very_important,not_considered,important,important,not_considered,considered,considered,important,not_considered,not_considered,not_considered,not_considered,not_considered,important,considered,considered,https://www.usj.edu/wp-content/uploads/2025/05/USJ-CDS-2025.pdf,https://www.collegedata.fyi/schools/university-of-saint-joseph/2024-25
130697,2024,very_important,important,important,considered,important,important,not_considered,considered,important,important,important,not_considered,considered,not_considered,not_considered,considered,considered,not_considered,https://drive.usercontent.google.com/download?id=1Tu6btPPH-IrFDCQbFCmtwha7kLe8-enJ&export=download,https://www.collegedata.fyi/schools/wesleyan-university/2024-25
130794,2024,very_important,very_important,very_important,considered,very_important,very_important,considered,very_important,very_important,very_important,considered,considered,considered,considered,not_considered,considered,considered,not_considered,https://oir.yale.edu/sites/default/files/yale_cds_2024-25_rmd_20250612.pdf,https://www.collegedata.fyi/schools/yale/2024-25
130934,2025,considered,not_considered,very_important,considered,not_considered,not_considered,not_considered,not_considered,not_considered,not_considered,not_considered,not_considered,not_considered,not_considered,not_considered,not_considered,not_considered,not_considered,https://www.desu.edu/sites/flagship/files/common-data-set.pdf,https://www.collegedata.fyi/schools/delaware-state-university/2025-26
130943,2024,very_important,very_important,very_important,very_important,very_important,very_important,,very_important,very_important,very_important,very_important,very_important,very_important,very_important,very_important,very_important,very_important,very_important,https://drive.usercontent.google.com/download?id=1oiwhsiGKFpTRnaOBdnbVvK8Q9Z6FmmC4&export=download,https://www.collegedata.fyi/schools/udel/2024-25
131159,2024,very_important,very_important,very_important,very_important,very_important,very_important,,very_important,very_important,very_important,very_important,very_important,very_important,very_important,very_important,very_important,very_important,very_important,https://www.american.edu/provost/oira/upload/cds_2024-2025_american-university_final.pdf,https://www.collegedata.fyi/schools/american-university/2024-25
131469,2024,very_important,not_considered,very_important,considered,important,important,not_considered,important,important,considered,considered,considered,considered,not_considered,not_considered,important,considered,considered,https://irp.gwu.edu/sites/g/files/zaxdzs6056/files/2025-05/CDS_2024-2025_FINAL.pdf,https://www.collegedata.fyi/schools/gwu/2024-25
131496,2025,very_important,very_important,very_important,very_important,very_important,very_important,important,important,very_important,very_important,,,,,,,,,https://public.boxcloud.com/d/1/b1!1VD711BRbYYR2Z3Nbp5frWLLfJekv_f5hAcGfYSjjcLDPi6Q-JVAzr83qZ67X9yaaHUHScG-qEgS9GfliIGQXBsnVddgo-s3DFK7-jdhiYFSKK8_h71GMoYwf65FRevW7HmmLQkzqwB8rmon0VOuoSLFpA6xrLh3KVAZo1atClSS8qooW30wfIZs_tVdaP7WuJAWXsQFr5dZsZrY5RrmIPUBS7kPA8EpRfdINIbhCWdL4rYI77effcstbVmXvWbd4As_ZRjx3_x2Fb2qRrPifHJXg2NfYDeU8bYI1Eo-mjWI_mBRHnIoiXSW3KQw1jCkHh0btXBughyAAyG38d2mMMbW_0_NZwF19i_pLsMNuBDWpqZAXIpQhPlbL9t594L4rTt7EKoNRfMxWQTc_remrCiOuPRXqJdigf5osBN18nqM0gJmsmMbv_vGmzJxHFdNsHbvPfshZ9dJdGjScS121CiJVuLJmBV5DUXk1sHVj4evIyRIwg_53tLtaw3ElAhZCM-i--HQAju-3pzm3_7QHhmOjlTz-UUrDKUIYers5I7tjbcciUmEwog8lFG0533iqHoLiDWQeplo_ofmrgk1XqcBrHAF-sOM72JcoOyN8IMHY9fLaUdvcRAnLE9PLL2Q4aA8mQPcRsan4DvCKicawpohFQ9Evn0quQchl3xWJ9jv3vLICboWVvXqQwPdG4dLsmn6R5E7XblzjTPgGb3N34NXWoZkserG-kmFP44fQseJbLKrsA5rEj8MKryTZwOVbojTL_Vgu1gAre4NX9sLV8wTVhmhwF9HDQfaj3VSb0B45AMqKgXw3cvUtqC_UMGbiBd7g-skd9WeTqvEtSM03iYv-ty4vQ83Y_Xq5cTjRBNcSVOmNmedZjE9oDqqa9bVPWQNQSpakPg5Y5aNN0h-avHhGrJExwHJigUe1FlFf9yPovTWyRvUZ1wlUkh4ClsuZUF5iLyLdH66_aLVECBYUA5Y4QyCHGbkJtK_m-qxunPCJ5fZ3dQUw1OnXYJhhULrbJm3uVWkMIGOMQrH0EatdUn6xIjU7ALGHqizXjHPLfB6DFFhE0IysVy7KtqMpg9SoTqBP3xiK-haO58voX0p3exNK-O3QtYc925OYASdf-nkskfSwjouMUPB9nLsyXwLLQb_0UVgVPgtr8kPAXTNuInoaHPaZFUDoMxp161rgFhSiRqyvirnTvFdXqTRUMJuTLTaEjJjkOp7yRmkp8t4lG5yTkdFoO6ycf0MahoA3AbSTa0QF-BYNK4LfQSPI92eUc_QMGfq0N0fqRuBWKS4o1uZNkCaQtSQxR1IH4OudQxP0crNo2TziIEE72s4fk2HIehoQYERG58TT-fwS_Gq9bSfTrGUiUvU8kiNiUncDeJpWRN2DM__xQNGoGSUwLSlrVxaVW10WoS7Gf4SJ1go2BdzsQD3JDBLi2SwlAc6ESfI6WpVJvT2KASF_RqZSu5VSOhMeCUdPibqSld6z8RgSH05KwJP6zIoMfqhNZdzPRakWxBkyi0iIaq7vFF5SevnrA5dxVHw4W_Fej3pMT5xNntZfhk8r4JsGnzJinZUQYWRS7PA-4un7Vsh/download,https://www.collegedata.fyi/schools/georgetown/2025-26
131520,2025,very_important,considered,very_important,very_important,considered,considered,not_considered,considered,considered,important,considered,considered,not_considered,not_considered,not_considered,considered,considered,considered,https://ira.howard.edu/sites/ira.howard.edu/files/2026-06/CDS%20PDF%202526_06.25.26.pdf,https://www.collegedata.fyi/schools/howard-university/2025-26
132903,2024,very_important,considered,very_important,very_important,important,not_considered,not_considered,considered,considered,considered,considered,not_considered,considered,considered,not_considered,considered,considered,considered,https://drive.usercontent.google.com/download?id=1Dt0KgZS-C2-gJ5EYHYZQ8KdGZvSqx6LQ&export=download,https://www.collegedata.fyi/schools/university-of-central-florida/2024-25
133492,2024,very_important,considered,very_important,important,important,important,important,important,important,important,considered,considered,not_considered,not_considered,not_considered,important,important,important,https://drive.usercontent.google.com/download?id=0B1YlcpfxYuReWkE4NzlQUnFiamM&export=download,https://www.collegedata.fyi/schools/eckerd-college/2024-25
133650,2025,very_important,very_important,very_important,very_important,very_important,very_important,,very_important,very_important,very_important,very_important,very_important,very_important,very_important,very_important,very_important,very_important,very_important,https://www.famu.edu/administration/strategic-planning-analysis-and-institutional-effectiveness/institutional-research/surveys/pdf/cds/CDS_2025-2026.pdf,https://www.collegedata.fyi/schools/florida-agricultural-and-mechanical-university/2025-26
133669,2024,very_important,very_important,very_important,very_important,very_important,very_important,,very_important,very_important,very_important,very_important,very_important,very_important,very_important,very_important,very_important,very_important,very_important,https://www.fau.edu/iea/documents/pdf/cds/cds-2024-2025.pdf,https://www.collegedata.fyi/schools/florida-atlantic-university/2024-25
133881,2024,,,,,,,,,,,,,,,,,,considered,https://drive.usercontent.google.com/download?id=1_XxPcyrnq6Z6X7IjQD3jAL5kcDH3wn8l&export=download,https://www.collegedata.fyi/schools/florida-institute-of-technology/2024-25
133951,2024,very_important,very_important,very_important,very_important,very_important,very_important,,very_important,very_important,very_important,very_important,very_important,very_important,very_important,very_important,very_important,very_important,considered,https://aim.fiu.edu/cds/CDS2024.pdf,https://www.collegedata.fyi/schools/florida-international-university/2024-25
134130,2025,very_important,not_considered,very_important,important,important,not_considered,not_considered,very_important,very_important,important,considered,not_considered,considered,considered,not_considered,important,important,not_considered,https://data-apps.ir.aa.ufl.edu/public/cds/CDS%202025-26_v7_07.15.2026.pdf,https://www.collegedata.fyi/schools/uf/2025-26
135726,2025,very_important,very_important,very_important,very_important,very_important,considered,not_considered,very_important,important,important,considered,not_considered,considered,considered,not_considered,important,important,considered,https://irsa.miami.edu/facts-and-information/common-data-set/cds2526.pdf,https://www.collegedata.fyi/schools/university-of-miami/2025-26
136950,2024,,considered,very_important,important,important,important,not_considered,important,important,,considered,considered,not_considered,not_considered,not_considered,considered,considered,important,https://drive.usercontent.google.com/download?id=1kuzTrfMGGpU6FncJ1kqxT6hav0ir20L5&export=download,https://www.collegedata.fyi/schools/rollins-college/2024-25
137546,2024,very_important,important,very_important,considered,important,important,important,important,important,important,considered,considered,considered,considered,not_considered,important,important,considered,https://drive.usercontent.google.com/download?id=1VcJ_hPkcy9edY2EXFcVrf_SzJyUOE-dY&export=download,https://www.collegedata.fyi/schools/stetson-university/2024-25
138354,2024,very_important,not_considered,very_important,very_important,considered,considered,not_considered,considered,considered,considered,considered,considered,considered,very_important,not_considered,considered,considered,considered,https://uwf.edu/media/university-of-west-florida/academic-affairs/departments/institutional-research/docs/archive/cds/CDS_2024-25.pdf,https://www.collegedata.fyi/schools/university-of-west-florida/2024-25
138600,2025,very_important,considered,very_important,considered,important,important,considered,important,important,considered,considered,not_considered,considered,considered,not_considered,important,important,considered,https://www.agnesscott.edu/assets/documents/institutional-research/cds_2025_2026.pdf,https://www.collegedata.fyi/schools/agnes-scott-college/2025-26
139658,2024,very_important,considered,very_important,important,important,very_important,considered,very_important,very_important,very_important,considered,,,,,,,,https://provost.emory.edu/planning-administration/_includes/documents/sections/institutional-data/emory-common-data-set-2024-2025.pdf,https://www.collegedata.fyi/schools/emory/2024-25
139755,2025,very_important,not_considered,very_important,considered,important,considered,not_considered,important,considered,very_important,not_considered,not_considered,considered,very_important,not_considered,considered,considered,not_considered,https://irp.gatech.edu/sites/default/files/CDS/CDS_2025-2026_FINAL_R4_03JUN2026.pdf,https://www.collegedata.fyi/schools/georgia-tech/2025-26
139940,2024,very_important,not_considered,very_important,very_important,considered,considered,not_considered,not_considered,considered,not_considered,,,,,,,,,https://drive.usercontent.google.com/download?id=1Ap8NU-yVvU59DFPiAZjkIhQ0ldcLS6oB&export=download,https://www.collegedata.fyi/schools/georgia-state-university/2024-25
139959,2024,very_important,not_considered,very_important,important,considered,considered,not_considered,considered,considered,considered,considered,not_considered,not_considered,not_considered,not_considered,considered,considered,not_considered,https://oir.uga.edu/wp-content/uploads/UGA_CDS_2024-2025.pdf,https://www.collegedata.fyi/schools/uga/2024-25
141060,2025,very_important,considered,very_important,considered,very_important,very_important,not_considered,very_important,considered,important,considered,considered,not_considered,not_considered,not_considered,considered,considered,considered,https://www.spelman.edu/_1_Docs-and-Files/about/institutional-research/common-data-set/cds_2025-2026_spelman_college_1.26.2026.pdf,https://www.collegedata.fyi/schools/spelman-college/2025-26
141264,2024,not_considered,not_considered,very_important,very_important,not_considered,not_considered,not_considered,not_considered,not_considered,not_considered,not_considered,not_considered,not_considered,not_considered,not_considered,not_considered,not_considered,not_considered,https://www.valdosta.edu/administration/institutional-research/documents/common-data-set/cds-2024-2025.pdf,https://www.collegedata.fyi/schools/valdosta-state-university/2024-25
142115,2025,very_important,very_important,very_important,very_important,very_important,very_important,,very_important,very_important,very_important,very_important,very_important,very_important,very_important,very_important,very_important,very_important,not_considered,https://www.boisestate.edu/ie/wp-content/uploads/sites/501/2026/04/Boise-State-University-CDS_2025-2026_PDF.pdf,https://www.collegedata.fyi/schools/boise-state-university/2025-26
142328,2025,very_important,very_important,very_important,very_important,very_important,very_important,very_important,very_important,very_important,very_important,very_important,very_important,very_important,very_important,very_important,very_important,very_important,very_important,https://www.lcsc.edu/media/ccvnocvu/cds_2025-2026_final_060326.pdf,https://www.collegedata.fyi/schools/lewis-clark-state-college/2025-26
143084,2025,very_important,very_important,very_important,very_important,very_important,very_important,,very_important,very_important,very_important,very_important,very_important,very_important,very_important,very_important,very_important,very_important,very_important,https://www.augustana.edu/files/2026-04/2025-26_CDS_Augustana_College_IL_V2.pdf,https://www.collegedata.fyi/schools/augustana-college/2025-26
143118,2025,very_important,very_important,very_important,very_important,very_important,very_important,very_important,very_important,very_important,very_important,very_important,very_important,very_important,very_important,very_important,very_important,very_important,very_important,https://aurora.edu/documents/about/cds-2025-2026.pdf,https://www.collegedata.fyi/schools/aurora-university/2025-26
143358,2024,very_important,important,very_important,not_considered,,,,,,,,,,,,,,,https://drive.usercontent.google.com/download?id=1jV0iWll0uRYQr5alcn6WbbAot8IlLx1p&export=download,https://www.collegedata.fyi/schools/bradley-university/2024-25
144050,2025,very_important,considered,considered,considered,very_important,very_important,not_considered,very_important,very_important,very_important,considered,,,,,,,,https://bpb-us-w2.wpmucdn.com/voices.uchicago.edu/dist/8/2077/files/2026/08/CDS_2025-2026_to_publish-1.pdf,https://www.collegedata.fyi/schools/uchicago/2025-26
144281,2024,very_important,very_important,very_important,very_important,very_important,very_important,,very_important,very_important,very_important,very_important,very_important,very_important,very_important,very_important,very_important,very_important,very_important,https://about.colum.edu/effectiveness/columbia-college-chicago-cds_2024_2025-final-2-12-2025-publish-ready.pdf,https://www.collegedata.fyi/schools/columbia-college-chicago/2024-25
144740,2024,very_important,important,very_important,very_important,considered,important,considered,important,important,important,considered,considered,considered,considered,considered,important,important,important,https://drive.usercontent.google.com/download?id=1IdI_x1wH_nknqoRgU9P49Wvq7XZBO1Rb&export=download,https://www.collegedata.fyi/schools/depaul-university/2024-25
145600,2024,very_important,very_important,very_important,very_important,very_important,very_important,,very_important,very_important,very_important,very_important,very_important,very_important,very_important,very_important,very_important,very_important,very_important,https://oir.uic.edu/wp-content/uploads/sites/213/2025/04/CDS_UNL_2024_2025_section_C.pdf,https://www.collegedata.fyi/schools/university-of-illinois-chicago/2024-25
145619,2024,very_important,considered,important,considered,very_important,important,considered,important,important,considered,not_considered,considered,not_considered,not_considered,not_considered,not_considered,considered,not_considered,https://ben.edu/wp-content/uploads/2025/04/Benedictine-University-Common-Data-Set-2024-2025.pdf,https://www.collegedata.fyi/schools/benedictine-university/2024-25
145637,2024,very_important,not_considered,very_important,considered,important,not_considered,not_considered,important,important,important,important,not_considered,considered,considered,not_considered,considered,considered,not_considered,https://www.dmi.illinois.edu/stuenr/misc/cds_2024_2025.xlsx,https://www.collegedata.fyi/schools/university-of-illinois-urbana-champaign/2024-25
145646,2024,very_important,very_important,very_important,considered,important,considered,not_considered,important,considered,considered,not_considered,not_considered,not_considered,not_considered,not_considered,considered,considered,considered,https://drive.usercontent.google.com/download?id=1n2smyitAMGAXYMiFVJFa6IWE9kXfelqr&export=download,https://www.collegedata.fyi/schools/illinois-wesleyan-university/2024-25
145813,2024,not_considered,not_considered,very_important,considered,considered,not_considered,not_considered,not_considered,not_considered,not_considered,not_considered,not_considered,not_considered,not_considered,not_considered,not_considered,not_considered,not_considered,https://prpa.illinoisstate.edu/downloads/CDS-2024-2025_ISU_FINAL.pdf,https://www.collegedata.fyi/schools/illinois-state-university/2024-25
146481,2024,very_important,considered,important,considered,very_important,considered,very_important,very_important,very_important,very_important,considered,considered,considered,not_considered,not_considered,not_considered,considered,considered,https://drive.usercontent.google.com/download?id=1_OrsgCRpIIkeTvaw2QfQPvJpiU6DkP32&export=download,https://www.collegedata.fyi/schools/lake-forest-college/2024-25
146719,2025,very_important,considered,very_important,considered,,,not_considered,considered,,considered,,considered,not_considered,not_considered,not_considered,,considered,,https://www.luc.edu/media/lucedu/oie/CDS%202025-26%20-%20Loyola%20University%20Chicago%20-%20Final_af.pdf,https://www.collegedata.fyi/schools/loyola-university-chicago/2025-26
147660,2024,very_important,not_considered,very_important,not_considered,considered,considered,considered,important,important,very_important,considered,considered,not_considered,not_considered,not_considered,not_considered,considered,considered,https://www.northcentralcollege.edu/sites/default/files/Common%20Data%20Set_2024-2025.pdf,https://www.collegedata.fyi/schools/north-central-college/2024-25
147767,2024,very_important,very_important,very_important,very_important,very_important,very_important,,very_important,very_important,very_important,very_important,very_important,very_important,very_important,very_important,very_important,very_important,very_important,https://drive.usercontent.google.com/download?id=1w2QtvSXBK8cuV3r10E4g3-beRqP0lilk&export=download,https://www.collegedata.fyi/schools/northwestern/2024-25
148131,2025,very_important,considered,very_important,considered,very_important,important,important,important,important,considered,considered,considered,considered,not_considered,considered,considered,considered,important,https://www.quincy.edu/wp-content/uploads/2026/03/CDS-PDF-2025-2026_PDF_Template-quincy-university-working-final.pdf,https://www.collegedata.fyi/schools/quincy-university/2025-26
148496,2025,important,important,very_important,considered,important,considered,considered,considered,considered,important,considered,not_considered,not_considered,not_considered,not_considered,considered,considered,considered,https://www.dom.edu/sites/default/files/2026-01/OIE_CDS_2025-2026_Final_12_11_25.pdf,https://www.collegedata.fyi/schools/dominican-university/2025-26
150163,2024,very_important,considered,very_important,very_important,important,considered,,important,considered,considered,considered,not_considered,,not_considered,not_considered,considered,considered,considered,https://drive.usercontent.google.com/download?id=1EwcVaexL3MUER9jj_mWnF4l2AF-JWB2Z&export=download,https://www.collegedata.fyi/schools/butler-university/2024-25
150400,2024,very_important,important,very_important,considered,important,important,considered,considered,considered,considered,considered,considered,considered,considered,not_considered,,,,https://drive.usercontent.google.com/download?id=1H0BDWS4g91wjnlSqI9HfncCRb9rTBud2&export=download,https://www.collegedata.fyi/schools/depauw-university/2024-25
150455,2024,very_important,considered,very_important,considered,important,considered,considered,important,considered,important,not_considered,not_considered,not_considered,not_considered,not_considered,considered,considered,not_considered,https://earlham.edu/wp-content/uploads/2025/01/CDS-2024-2025-PDF.pdf,https://www.collegedata.fyi/schools/earlham-college/2024-25
151306,2024,very_important,not_considered,very_important,considered,not_considered,considered,not_considered,not_considered,not_considered,not_considered,not_considered,,,,,,,,https://www.usi.edu/media/jkvps14g/pdf-cds_2024-2025.pdf,https://www.collegedata.fyi/schools/university-of-southern-indiana/2024-25
152080,2025,very_important,very_important,very_important,important,very_important,very_important,very_important,,very_important,very_important,important,considered,considered,considered,important,very_important,considered,,https://drive.usercontent.google.com/download?id=1yWm48DwrNsGJJmw8ZEcx4T1pj2xunXQq&export=download,https://www.collegedata.fyi/schools/university-of-notre-dame/2025-26
152600,2025,very_important,considered,very_important,considered,important,considered,considered,considered,considered,considered,not_considered,not_considered,not_considered,not_considered,not_considered,considered,not_considered,considered,https://www.valpo.edu/wp-content/uploads/2026/06/CDS_2025-2026-PDF_v4_2026.06.10.pdf,https://www.collegedata.fyi/schools/valparaiso-university/2025-26
153108,2024,very_important,important,important,considered,considered,,considered,considered,,,considered,,not_considered,not_considered,,considered,considered,,https://departments.central.edu/wp-content/uploads/sites/17/files/2025/05/2024-25-CDS-FINAL-Central-College-IA.pdf,https://www.collegedata.fyi/schools/central-college/2024-25
153384,2024,very_important,very_important,important,important,important,very_important,,important,important,considered,considered,considered,considered,considered,not_considered,considered,considered,considered,https://drive.usercontent.google.com/download?id=1VYF-nDPRFsRgSqcCKysq67uwp_LXeliM&export=download,https://www.collegedata.fyi/schools/grinnell-college/2024-25
153658,2024,very_important,very_important,very_important,very_important,very_important,very_important,,very_important,very_important,very_important,very_important,very_important,very_important,very_important,very_important,very_important,very_important,very_important,https://provost.uiowa.edu/sites/provost.uiowa.edu/files/2025-09/cds_2425_0.pdf,https://www.collegedata.fyi/schools/university-of-iowa/2024-25
154095,2025,very_important,considered,very_important,considered,considered,considered,considered,considered,considered,considered,considered,not_considered,not_considered,not_considered,not_considered,not_considered,not_considered,not_considered,https://ie.uni.edu/sites/default/files/inline-uploads/CDS-2025-2026%20Updated%208.18.26.pdf,https://www.collegedata.fyi/schools/university-of-northern-iowa/2025-26
154235,2025,very_important,very_important,very_important,very_important,very_important,very_important,,very_important,very_important,very_important,very_important,very_important,very_important,very_important,very_important,very_important,very_important,very_important,https://sau.edu/media/content-assets/pdfs/consumer-information/SAU-Common-Data-Set-2025-26.pdf,https://www.collegedata.fyi/schools/saint-ambrose-university/2025-26
155399,2025,not_considered,considered,very_important,important,considered,considered,not_considered,not_considered,not_considered,not_considered,not_considered,not_considered,not_considered,not_considered,not_considered,not_considered,considered,not_considered,https://www.k-state.edu/data/institutional-research/resources/common-data-set/CDS_2025_2026.pdf,https://www.collegedata.fyi/schools/kansas-state-university/2025-26
156408,2025,very_important,important,very_important,important,important,important,considered,important,considered,important,considered,considered,considered,not_considered,not_considered,considered,considered,considered,https://www.centre.edu/documents/2025-2026-common-data,https://www.collegedata.fyi/schools/centre-college/2025-26
157058,2025,not_considered,not_considered,very_important,very_important,,,not_considered,not_considered,considered,not_considered,considered,considered,considered,considered,not_considered,considered,considered,considered,https://www.kysu.edu/documents/institutional-research/CDS%202025-2026.pdf,https://www.collegedata.fyi/schools/kentucky-state-university/2025-26
157085,2025,very_important,very_important,very_important,very_important,very_important,very_important,very_important,very_important,very_important,very_important,very_important,very_important,very_important,very_important,very_important,very_important,very_important,very_important,https://irads.uky.edu/sites/default/files/2026-07/university-of-kentucky-cds-2025-2026-flat.pdf,https://www.collegedata.fyi/schools/university-of-kentucky/2025-26
157289,2024,very_important,considered,very_important,important,considered,considered,not_considered,considered,considered,not_considered,not_considered,not_considered,not_considered,considered,not_considered,considered,considered,not_considered,https://drive.usercontent.google.com/download?id=14lbBcIAcvM1hj6bU4hGVQ1FikU9K_jBe&export=download,https://www.collegedata.fyi/schools/university-of-louisville/2024-25
157386,2024,not_considered,not_considered,very_important,considered,not_considered,not_considered,,,,,,,,,,,,,https://www.moreheadstate.edu/_files/files/about-msu/leadership/ppe-institutional-research/cds-2025-2026.pdf,https://www.collegedata.fyi/schools/morehead-state-university/2024-25
157535,2025,very_important,very_important,very_important,very_important,very_important,very_important,,very_important,very_important,very_important,very_important,very_important,very_important,very_important,very_important,very_important,very_important,very_important,https://www.upike.edu/wp-content/uploads/2025/11/common-data-set-2025.pdf,https://www.collegedata.fyi/schools/university-of-pikeville/2025-26
159647,2025,,,,,,very_important,,,,,,,,,,,,,https://oierp.latech.edu/documents/2026/06/common-data-set-2025-2026.xlsx/,https://www.collegedata.fyi/schools/louisiana-tech-university/2025-26
160755,2025,very_important,very_important,very_important,important,important,important,not_considered,very_important,considered,important,important,considered,considered,considered,not_considered,very_important,considered,important,https://public.boxcloud.com/d/1/b1!URBJ_2hUJPfqk0WzZtN2RREbSZRT90mC6IIDOQrdzj3z_LcaRkRIg6F5MW82rEyae6PlqmmUEnEFJ0M8-VYTcsK6BHE8CTNGAY7_ljUz-s-Sw92V9rAYsxZ5iA1tcIf3oJmFdvKFJ8b_24cr4cTj-rQQde_7zS7t8c9ljlcXeUgpRWApKqW23xAI12rHYdReHMA7i45XcBO1g5qt04dUxBnvDlJctnCONgWBZknTRPGZkArC07zC9HmtE-f2IWwWJHuWiNfvWJQgfiaKkLkI5SflGJIbS7NZZFR7n-ZiJtHbQRqwBvzwx8ygKXvST8vllnwIQHtBJjPCRrZPMJ80HoT1ePXGNsgh5xELX5Jig_sz2_7fYqV1FmhzVisoageH0qGA804XCWMBYpFXEr-wbCA4JJLADu8Xri4Hhwg9958-gRw0awlTrpmTV9m8ErRv5dIo8wuRI4CfzyB5fAhI44j2P8u5iV5KwmZFnGrmqGlGW_bdNBaylHnQIckTfzRCM5pVAQ4vO1YRlKAk9TCXiFM89M8GMuNwf9R-ximY9gCKWlVopJCedzvcO9MBrw99PF8Zy7e4zBaK6ytEy9NKwHZejLXdqqx1CXu8jLdW44hzACdhylE2Wywj8u5EMfNmxpx2S0mQjZWC32XrwSX156il6UmcmzTzQeZrCjkxW0t-IcoNR_tvA2JdHwY64FRERURMQ29194hmujZMN3ACHmZ8nbsD6p49TX-YWcN1XvHXPCc4QbddX7Pi9y3ZYY_q5DmQixtS6oK-uqAIRrJBxfLAjpyfLMWpbKWg2cVYMU6BKKaG1Vr6owLOtk7sK64n3eA4vqmcsO7MK5DcDHi0dVVsG1Ezc80bmsfWKWin_HA6zyrBI38bdzY-1LtsaZeZ5qOMkdNUZWdRNmAQOfZo3HV7q0Aj72IKdk7QgWRFj4cGIGv6jrP-3-htwTxvz56BsJCASgiEE5Xot6oQ8li7BJTkXm_tWFDhdrR5yM6W7nhHMp1h_wNcLxpV7xh9cVKqDwTUdmFmCS8jnS7mKpB6mLRGv1RNHTInBRl_SuoXFChZNpPEo7HI3XWXHInoSE6izkVkuje165oWyPvNLwgk5oFCubY0bz0XZd8kCWsZynNMOB5x9JbbJt1nnMBJesEi8ntSYEUZYcfyCbUpGcwEa3h8w5v_qTarbcgga3EEwXQZiIXK8yVHv-ty81DWVzTRnITSN5Byvltr4Ckd4YSLpOfshHUvMY8RLxUnTpDpf5xfiQoG9XQk5kMOTzsWN6NdU5bmFSsb0G9gQJiBOhYFocmgR4oH5j96cSpc7hb8FwJxhbcz9s_YuJWkeG52ZPmRk9uWfYvilHdlQ2qw5gFtDREQiUuvfn-6FK1sypswRghbM4BHLKpITOUZaiGxzYUzMPmcXxde89UHyZc-Kszr1K5ujpBJvlYrC-sZ9d42EykNnKY5nv4bGrKC0tHIqyU690UkHQcsHVDUasNyv02OaULi9Q33I0Ck-d2ZAInhn4Edupk7Bdnynn2EjtpGiWPNuTiWc8cIXyYOXmiqgpz3Iq_fhTWz7TnWWPtYXAo-gHO4FAUkbw7bWIPdcfOQYQIsbXmVt5EYIooSu0Je7lffMwYEA_1B/download,https://www.collegedata.fyi/schools/tulane-university-of-louisiana/2025-26
160977,2025,very_important,very_important,very_important,considered,very_important,very_important,considered,very_important,very_important,very_important,important,considered,important,important,not_considered,considered,considered,important,https://www.bates.edu/research/files/2026/06/CDS_2025-2026.pdf,https://www.collegedata.fyi/schools/bates/2025-26
161004,2025,very_important,very_important,very_important,considered,very_important,very_important,considered,very_important,very_important,very_important,considered,considered,considered,considered,not_considered,considered,considered,considered,https://www.bowdoin.edu/ir/pdf/bowdoin-cds_2025-2026.pdf,https://www.collegedata.fyi/schools/bowdoin/2025-26
161253,2024,very_important,very_important,very_important,not_considered,important,important,considered,considered,considered,considered,not_considered,not_considered,not_considered,not_considered,not_considered,considered,considered,not_considered,https://drive.usercontent.google.com/download?id=1iIm6kbdpySc_APcfykY1gICTMkNIQHN0&export=download,https://www.collegedata.fyi/schools/university-of-maine/2024-25
162928,2025,very_important,very_important,very_important,very_important,very_important,very_important,not_considered,important,important,important,considered,not_considered,considered,not_considered,not_considered,important,important,not_considered,https://oira.jhu.edu/wp-content/uploads/2025-2026-CDS-Johns-Hopkins-University.pdf,https://www.collegedata.fyi/schools/johns-hopkins/2025-26
163046,2024,very_important,not_considered,very_important,,important,important,not_considered,important,important,very_important,considered,considered,considered,not_considered,not_considered,important,important,not_considered,https://www.loyola.edu/_media/department/institutional-research/documents/cds/CDS_2024-2025_20250402.pdf,https://www.collegedata.fyi/schools/loyola-university-maryland/2024-25
163851,2024,very_important,important,very_important,considered,important,considered,considered,considered,considered,considered,considered,not_considered,considered,considered,not_considered,,,,https://www.salisbury.edu/administration/university-analysis-reporting-and-assessment/_files/cds-2024-2025-Final.pdf,https://www.collegedata.fyi/schools/salisbury-university/2024-25
163912,2025,very_important,important,very_important,considered,very_important,very_important,considered,important,important,important,considered,not_considered,considered,considered,not_considered,important,considered,considered,https://www.smcm.edu/app/uploads/sites/60/2026/05/CDS_25-26.pdf,https://www.collegedata.fyi/schools/st-marys-college-of-maryland/2025-26
164216,2024,very_important,very_important,very_important,very_important,very_important,very_important,,very_important,very_important,very_important,very_important,very_important,very_important,very_important,very_important,very_important,very_important,important,https://www.washcoll.edu/people_departments/offices/institutional-research/common_data_sets_cds/common-data-set-2024-2025.pdf,https://www.collegedata.fyi/schools/washington-college/2024-25
164465,2024,very_important,important,very_important,very_important,very_important,very_important,not_considered,very_important,very_important,important,important,not_considered,considered,not_considered,not_considered,important,important,not_considered,https://drive.usercontent.google.com/download?id=1nyc6IMyEA2YcnGR-0O0PXFTQufJsn-bp&export=download,https://www.collegedata.fyi/schools/amherst/2024-25
164580,2024,very_important,very_important,very_important,very_important,very_important,very_important,considered,very_important,considered,very_important,considered,considered,considered,considered,not_considered,considered,considered,considered,https://www.babson.edu/media/babson/assets/rankings/babson-college-common-data-set.pdf,https://www.collegedata.fyi/schools/babson-college/2024-25
164739,2024,very_important,not_considered,important,considered,important,important,considered,important,important,important,,,,,,,,,https://drive.usercontent.google.com/download?id=10et1a0IuSwyI57Me-zG7gMPoKAPc26k-&export=download,https://www.collegedata.fyi/schools/bentley-university/2024-25
164748,2025,considered,considered,very_important,not_considered,considered,considered,very_important,considered,very_important,considered,considered,considered,considered,considered,not_considered,considered,considered,considered,https://www.berklee.edu/sites/default/files/2026-02/CDS_2025-2026.pdf?fv=b45dCYjY,https://www.collegedata.fyi/schools/berklee-college-of-music/2025-26
164924,2024,very_important,important,very_important,important,important,important,important,,important,important,considered,considered,considered,not_considered,considered,important,considered,not_considered,https://drive.usercontent.google.com/download?id=1Wz4J6SRfCTTibOEHavBLweEnYAxG_oJR&export=download,https://www.collegedata.fyi/schools/boston-college/2024-25
164988,2025,very_important,important,very_important,considered,important,important,not_considered,important,not_considered,important,considered,not_considered,considered,considered,not_considered,considered,considered,considered,https://www.bu.edu/asir/files/2026/07/CDS-2025-2026-updated.pdf,https://www.collegedata.fyi/schools/boston-university/2025-26
165015,2025,very_important,very_important,very_important,very_important,very_important,very_important,,very_important,very_important,very_important,very_important,very_important,very_important,very_important,very_important,very_important,very_important,considered,https://www.brandeis.edu/institutional-research/docs/cds-2025-26.pdf,https://www.collegedata.fyi/schools/brandeis/2025-26
165334,2024,very_important,considered,very_important,considered,important,very_important,considered,important,important,important,,,,,,,,,https://www.clarku.edu/saair/wp-content/uploads/sites/95/Clark-CDS-2024-25.pdf,https://www.collegedata.fyi/schools/clark-university/2024-25
165820,2024,very_important,not_considered,very_important,considered,considered,,considered,considered,,important,considered,not_considered,not_considered,not_considered,not_considered,not_considered,considered,considered,https://www.fitchburgstate.edu/sites/default/files/documents/2026-05/IRP-CDS20252026-A.pdf,https://www.collegedata.fyi/schools/fitchburg-state-university/2024-25
166027,2025,considered,not_considered,considered,considered,considered,considered,considered,considered,considered,considered,considered,considered,considered,not_considered,not_considered,considered,considered,not_considered,https://bpb-us-e1.wpmucdn.com/sites.harvard.edu/dist/6/210/files/2026/07/CDS_2025-2026.pdf,https://www.collegedata.fyi/schools/harvard/2025-26
166629,2025,very_important,important,very_important,considered,important,important,not_considered,important,important,important,considered,not_considered,not_considered,not_considered,not_considered,considered,important,not_considered,https://www.umass.edu/uair/media/1062/download,https://www.collegedata.fyi/schools/university-of-massachusetts-amherst/2025-26
166683,2024,important,considered,important,important,important,important,important,important,important,very_important,considered,not_considered,considered,not_considered,not_considered,considered,considered,not_considered,https://ir.mit.edu/projects/2024-25-common-data-set/,https://www.collegedata.fyi/schools/mit/2024-25
166939,2024,very_important,important,very_important,considered,very_important,very_important,important,important,important,important,considered,considered,considered,not_considered,not_considered,important,important,considered,https://drive.usercontent.google.com/download?id=1zsl-tIQenh5GI5u0qspsNbS9VFZumvMr&export=download,https://www.collegedata.fyi/schools/mount-holyoke-college/2024-25
167729,2024,very_important,very_important,very_important,very_important,very_important,very_important,,very_important,very_important,very_important,very_important,very_important,very_important,very_important,very_important,very_important,very_important,very_important,https://records.salemstate.edu/sites/default/files/reports/2026-04/CDS-2024-2025.pdf,https://www.collegedata.fyi/schools/salem-state-university/2024-25
168148,2025,very_important,very_important,very_important,very_important,very_important,very_important,very_important,very_important,very_important,very_important,very_important,very_important,very_important,very_important,very_important,very_important,very_important,very_important,https://provost.tufts.edu/institutionalresearch/wp-content/uploads/sites/5/CDS_2025-2026.pdf,https://www.collegedata.fyi/schools/tufts/2025-26
168218,2025,very_important,,very_important,considered,,very_important,not_considered,,,very_important,considered,considered,considered,considered,not_considered,considered,considered,considered,https://wellesley-college.files.svdcdn.com/production/administrative-departments/OIR/CDS_2025-2026-FINAL.pdf?dm=1773253066,https://www.collegedata.fyi/schools/wellesley-college/2025-26
168227,2025,very_important,very_important,very_important,very_important,very_important,very_important,,very_important,very_important,very_important,very_important,very_important,very_important,very_important,very_important,very_important,very_important,considered,https://wit.edu/sites/default/files/2026-07/Wentworth_CDS_25_26_final6.pdf,https://www.collegedata.fyi/schools/wentworth-institute-of-technology/2025-26
168254,2025,important,considered,very_important,not_considered,considered,considered,considered,not_considered,not_considered,considered,not_considered,not_considered,not_considered,not_considered,not_considered,not_considered,not_considered,not_considered,https://wne.edu/institutional-research/doc/CDS-2025-2026.pdf,https://www.collegedata.fyi/schools/western-new-england-university/2025-26
168342,2025,very_important,very_important,very_important,considered,important,very_important,not_considered,important,important,very_important,important,considered,considered,not_considered,considered,important,important,not_considered,https://www.williams.edu/institutional-research/files/2026/04/Williams-CDS-2025-2026-V2.pdf,https://www.collegedata.fyi/schools/williams-college/2025-26
168430,2024,very_important,not_considered,very_important,considered,considered,considered,not_considered,considered,considered,considered,important,not_considered,considered,considered,not_considered,considered,considered,not_considered,https://webcdn.worcester.edu/wp-content/uploads/2025/09/WSU-Common-Data-Set-2024-2025-w-2025-AY-Cost.pdf,https://www.collegedata.fyi/schools/worcester-state-university/2024-25
168786,2024,very_important,considered,very_important,considered,important,considered,considered,,,,,not_considered,not_considered,not_considered,not_considered,not_considered,,,https://www.aquinas.edu/_files/Aquinas%20College%20cds-2024-2025.pdf,https://www.collegedata.fyi/schools/aquinas-college/2024-25
168847,2025,important,considered,very_important,considered,not_considered,not_considered,not_considered,considered,not_considered,considered,not_considered,not_considered,not_considered,not_considered,not_considered,considered,considered,not_considered,https://my.baker.edu/icsfileserver/docs/docs/about_us/institutional_effectiveness/common_data_set/Common%20Data%20Set%202025-2026.pdf,https://www.collegedata.fyi/schools/baker-college/2025-26
169910,2025,very_important,very_important,very_important,very_important,very_important,very_important,very_important,very_important,very_important,very_important,very_important,very_important,very_important,very_important,very_important,very_important,very_important,very_important,https://www.ferris.edu/admissions/testing/resources/common/CDS2025-2026.pdf,https://www.collegedata.fyi/schools/ferris-state-university/2025-26
170675,2025,very_important,not_considered,very_important,not_considered,considered,not_considered,not_considered,not_considered,not_considered,not_considered,not_considered,not_considered,not_considered,not_considered,not_considered,not_considered,not_considered,not_considered,https://ltu.edu/wp-content/uploads/2026/04/2025_2026_CDS_EXTERNAL.pdf,https://www.collegedata.fyi/schools/lawrence-technological-university/2025-26
170976,2025,very_important,very_important,very_important,very_important,very_important,very_important,,very_important,very_important,very_important,very_important,very_important,very_important,very_important,very_important,very_important,very_important,very_important,https://obp.umich.edu/wp-content/uploads/pubdata/cds/cds_2025-26_umaa.pdf,https://www.collegedata.fyi/schools/umich/2025-26
171100,2025,important,not_considered,very_important,considered,important,not_considered,considered,important,considered,considered,considered,not_considered,not_considered,not_considered,not_considered,considered,considered,considered,https://edge.sitecorecloud.io/michiganstab57e-msustrategi129d-prod9868-7e5e/media/project/msu/ir/docs/cds/cds-2025-2026.pdf,https://www.collegedata.fyi/schools/michigan-state-university/2025-26
171128,2024,important,not_considered,very_important,important,considered,considered,not_considered,considered,considered,considered,not_considered,not_considered,not_considered,not_considered,not_considered,not_considered,not_considered,not_considered,https://drive.usercontent.google.com/download?id=1ACJsbWaW5AcEDqwaPiLRm3ykwi5W4z0c&export=download,https://www.collegedata.fyi/schools/michigan-technological-university/2024-25
171137,2024,considered,not_considered,very_important,considered,not_considered,not_considered,not_considered,not_considered,not_considered,not_considered,not_considered,not_considered,not_considered,not_considered,not_considered,not_considered,not_considered,not_considered,https://umdearborn.edu/sites/default/files/unmanaged/pdf/ire/cds-2024-2025.pdf,https://www.collegedata.fyi/schools/university-of-michigan-dearborn/2024-25
171456,2024,not_considered,not_considered,very_important,not_considered,not_considered,not_considered,not_considered,not_considered,not_considered,not_considered,not_considered,not_considered,not_considered,not_considered,not_considered,not_considered,not_considered,not_considered,https://nmu.edu/institutionaleffectiveness/sites/institutionaleffectiveness/files/2026-01/Northern-Michigan-University-CDS-2025-2026.xlsx,https://www.collegedata.fyi/schools/northern-michigan-university/2024-25
172644,2025,considered,not_considered,very_important,important,considered,considered,not_considered,considered,not_considered,considered,not_considered,not_considered,not_considered,not_considered,not_considered,considered,considered,not_considered,https://irda.wayne.edu/common-data-set/2025-2026-cds.pdf,https://www.collegedata.fyi/schools/wayne-state-university/2025-26
172699,2024,important,considered,very_important,not_considered,considered,considered,not_considered,considered,not_considered,not_considered,not_considered,not_considered,not_considered,not_considered,not_considered,considered,considered,not_considered,https://files.wmich.edu/s3fs-public/2025-02/wmu_cds_2024-25_0.pdf,https://www.collegedata.fyi/schools/western-michigan-university/2024-25
173647,2024,very_important,considered,very_important,considered,important,considered,considered,considered,considered,considered,considered,considered,considered,considered,considered,considered,considered,considered,https://drive.usercontent.google.com/download?id=1V8MmDkggCYsDCg2dVZ2at-R_vdHEAsbO&export=download,https://www.collegedata.fyi/schools/gustavus-adolphus-college/2024-25
174844,2024,not_considered,important,very_important,considered,very_important,important,important,important,important,,considered,considered,considered,considered,considered,considered,considered,important,https://drive.usercontent.google.com/download?id=1-pnWyqC_p3XdjYDvKRMY_xDAyo9KCGj0&export=download,https://www.collegedata.fyi/schools/st-olaf-college/2024-25
175272,2024,very_important,considered,very_important,important,considered,considered,considered,considered,considered,considered,not_considered,not_considered,considered,considered,not_considered,considered,considered,not_considered,https://drive.usercontent.google.com/download?id=1FYwQEjtQSn3RhBfPJGzJM_rIF8Jp1KlU&export=download,https://www.collegedata.fyi/schools/winona-state-university/2024-25
176017,2024,considered,considered,important,important,not_considered,not_considered,not_considered,not_considered,not_considered,not_considered,not_considered,not_considered,not_considered,not_considered,not_considered,not_considered,not_considered,not_considered,https://drive.usercontent.google.com/download?id=1zkKqpes6AHDRsUFPDK37u39NIIgfMwdf&export=download,https://www.collegedata.fyi/schools/university-of-mississippi/2024-25
178341,2025,very_important,very_important,very_important,very_important,not_considered,not_considered,not_considered,not_considered,not_considered,not_considered,not_considered,not_considered,not_considered,not_considered,not_considered,not_considered,not_considered,not_considered,https://www.mssu.edu/academics/institutional-effectiveness/files/CDS-2025-2026-Missouri-Southern-State-University-Final.pdf,https://www.collegedata.fyi/schools/missouri-southern-state-university/2025-26
178387,2025,not_considered,not_considered,not_considered,not_considered,not_considered,not_considered,not_considered,not_considered,not_considered,not_considered,not_considered,not_considered,not_considered,not_considered,not_considered,not_considered,not_considered,not_considered,https://www.missouriwestern.edu/ir/wp-content/uploads/sites/169/2026/05/CDS-PDF-2025-2026_MWSU_Final.pdf,https://www.collegedata.fyi/schools/missouri-western-state-university/2025-26
178396,2024,,,,,,considered,,,,not_considered,,,,,,,,,https://drive.usercontent.google.com/download?id=1NbaWvHf-4bYOTiKZcqYC01uraioI4u5q&export=download,https://www.collegedata.fyi/schools/university-of-missouri-columbia/2024-25
178402,2024,very_important,considered,very_important,considered,not_considered,not_considered,not_considered,not_considered,not_considered,not_considered,not_considered,not_considered,not_considered,not_considered,not_considered,not_considered,not_considered,not_considered,https://www.umkc.edu/data/docs/cds_2024-2025.pdf,https://www.collegedata.fyi/schools/university-of-missouri-kansas-city/2024-25
178420,2025,very_important,very_important,very_important,very_important,very_important,very_important,,very_important,very_important,very_important,very_important,very_important,very_important,very_important,very_important,very_important,very_important,very_important,https://www.umsl.edu/~ir/common-data-set/pdf-archive/cds_2025_rv.pdf,https://www.collegedata.fyi/schools/university-of-missouri-st-louis/2025-26
179557,2025,very_important,considered,very_important,considered,not_considered,not_considered,not_considered,not_considered,not_considered,not_considered,not_considered,not_considered,not_considered,not_considered,not_considered,not_considered,not_considered,not_considered,https://semo.edu/institutional-research/_pdfs/accessible_version_cds-pdf-2025-2026-southeastmissouristateuniversity.pdf,https://www.collegedata.fyi/schools/southeast-missouri-state-university/2025-26
179867,2025,very_important,very_important,very_important,very_important,very_important,very_important,important,,very_important,very_important,important,considered,considered,considered,not_considered,considered,considered,considered,https://washu.edu/app/uploads/2026/06/2025-2026-WashU-CDS.pdf,https://www.collegedata.fyi/schools/washington-university-in-st-louis/2025-26
180179,2025,very_important,very_important,very_important,considered,not_considered,,not_considered,not_considered,not_considered,not_considered,not_considered,not_considered,not_considered,not_considered,not_considered,not_considered,not_considered,not_considered,https://www.msubillings.edu/ir/institutionalfacts/cds/CDS_2025-26_A.pdf,https://www.collegedata.fyi/schools/montana-state-university-billings/2025-26
180461,2025,considered,considered,very_important,considered,not_considered,not_considered,not_considered,not_considered,not_considered,,,,,,,,,,https://www.montana.edu/data/common-data-set/cds25.pdf,https://www.collegedata.fyi/schools/montana-state-university/2025-26
180595,2025,important,considered,very_important,considered,important,important,considered,considered,considered,considered,considered,considered,not_considered,not_considered,not_considered,considered,considered,very_important,https://rocky.edu/wp-content/uploads/2025/11/CDS_2025-2026.pdf,https://www.collegedata.fyi/schools/rocky-mountain-college/2025-26
182281,2024,very_important,not_considered,very_important,very_important,not_considered,not_considered,not_considered,not_considered,not_considered,not_considered,not_considered,not_considered,not_considered,not_considered,not_considered,not_considered,not_considered,not_considered,https://drive.usercontent.google.com/download?id=1sjBRzIdfn0hrt99hjdNgyiTessBWtP9X&export=download,https://www.collegedata.fyi/schools/university-of-nevada-las-vegas/2024-25
182290,2024,very_important,not_considered,very_important,not_considered,not_considered,not_considered,not_considered,not_considered,not_considered,not_considered,not_considered,not_considered,not_considered,not_considered,,,,,https://dataden.unr.edu/Resources/CDS/CDS_2024-2025.pdf,https://www.collegedata.fyi/schools/university-of-nevada-reno/2024-25
182670,2025,very_important,very_important,very_important,very_important,very_important,very_important,considered,very_important,important,very_important,considered,considered,considered,not_considered,not_considered,considered,considered,considered,https://www.dartmouth.edu/oir/pdfs/cds_2025-26.pdf,https://www.collegedata.fyi/schools/dartmouth/2025-26
183044,2024,very_important,very_important,very_important,very_important,very_important,very_important,,very_important,very_important,very_important,very_important,very_important,very_important,very_important,very_important,very_important,very_important,very_important,https://www.unh.edu/institutional-research/sites/default/files/media/2025-02/cds-2024-2025-2.12.25_0.pdf,https://www.collegedata.fyi/schools/university-of-new-hampshire-main-campus/2024-25
183080,2024,very_important,not_considered,important,not_considered,important,important,considered,considered,considered,considered,considered,not_considered,not_considered,not_considered,not_considered,considered,considered,considered,https://www.plymouth.edu/sites/default/files/media/2025-07/FINAL%20CDS-2024-2025-Plymouth.pdf,https://www.collegedata.fyi/schools/plymouth-state-university/2024-25
184603,2024,very_important,not_considered,very_important,considered,considered,considered,considered,considered,not_considered,,,,,,,,,,https://www.fdu.edu/wp-content/uploads/2025/04/2024-25-Common-Data-Set-University.pdf,https://www.collegedata.fyi/schools/fairleigh-dickinson-university-metropolitan-campus/2024-25
184694,2024,very_important,not_considered,very_important,considered,considered,considered,considered,considered,not_considered,,,,,,,,,,https://www.fdu.edu/wp-content/uploads/2025/04/2024-25-Common-Data-Set-University.pdf,https://www.collegedata.fyi/schools/fairleigh-dickinson-university-florham-campus/2024-25
184782,2025,important,not_considered,very_important,considered,considered,considered,not_considered,not_considered,considered,not_considered,not_considered,not_considered,not_considered,,,,,,https://sites.rowan.edu/academic-affairs/ida/_docs/rowan_university_cds.pdf,https://www.collegedata.fyi/schools/rowan-university/2025-26
185590,2024,important,considered,very_important,not_considered,important,important,considered,,considered,considered,not_considered,not_considered,not_considered,not_considered,not_considered,considered,considered,not_considered,https://irdata.montclair.edu/institutionalresearch/CDS/CDS%202024-2025.pdf,https://www.collegedata.fyi/schools/montclair-state-university/2024-25
186131,2025,very_important,very_important,very_important,very_important,very_important,very_important,considered,very_important,very_important,very_important,considered,considered,considered,not_considered,not_considered,considered,considered,not_considered,https://ir.princeton.edu/sites/g/files/toruqf2041/files/documents/CDS_2526_Princeton_v1.3.pdf,https://www.collegedata.fyi/schools/princeton/2025-26
186201,2024,very_important,very_important,very_important,very_important,very_important,very_important,,very_important,very_important,very_important,very_important,very_important,very_important,very_important,very_important,very_important,very_important,very_important,https://www.ramapo.edu/ir/wp-content/uploads/sites/52/2025/04/2024-2025-Common-Data-Set.pdf,https://www.collegedata.fyi/schools/ramapo-college-of-new-jersey/2024-25
187134,2024,very_important,very_important,considered,considered,important,important,not_considered,very_important,important,important,considered,considered,important,important,not_considered,very_important,considered,important,https://ira.tcnj.edu/wp-content/uploads/sites/322/2025/04/CDS-2024-2025.pdf,https://www.collegedata.fyi/schools/the-college-of-new-jersey/2024-25
187897,2024,not_considered,not_considered,considered,not_considered,not_considered,not_considered,not_considered,not_considered,not_considered,not_considered,not_considered,not_considered,not_considered,not_considered,not_considered,not_considered,not_considered,not_considered,http://its.nmhu.edu/IntranetUploads/009182-CommonData-8182026115318.pdf,https://www.collegedata.fyi/schools/new-mexico-highlands-university/2024-25
189088,2024,very_important,important,very_important,considered,very_important,very_important,not_considered,important,important,very_important,considered,considered,considered,not_considered,not_considered,important,important,considered,https://drive.usercontent.google.com/download?id=18JnWkO0gn0m8SJCQkUBCwbwj3ASI8avH&export=download,https://www.collegedata.fyi/schools/bard-college/2024-25
189097,2024,very_important,important,very_important,considered,very_important,very_important,not_considered,important,important,very_important,considered,considered,considered,not_considered,not_considered,important,important,considered,https://barnard.edu/sites/default/files/inline-files/Barnard%20CDS%202024-2025.pdf,https://www.collegedata.fyi/schools/barnard/2024-25
190099,2024,very_important,very_important,very_important,important,important,important,not_considered,important,important,important,considered,considered,considered,not_considered,not_considered,considered,considered,not_considered,https://drive.usercontent.google.com/download?id=1IqjJEZCqBf_tRwZlSjj65BYUabxaHyoB&export=download,https://www.collegedata.fyi/schools/colgate-university/2024-25
190415,2024,very_important,important,important,considered,very_important,very_important,considered,very_important,very_important,very_important,considered,considered,considered,considered,not_considered,considered,considered,not_considered,https://irp.dpb.cornell.edu/wp-content/uploads/2025/07/CDS-2024-2025-v6-print.pdf,https://www.collegedata.fyi/schools/cornell/2024-25
190512,2024,very_important,not_considered,very_important,considered,important,important,considered,considered,considered,considered,not_considered,not_considered,not_considered,not_considered,not_considered,not_considered,considered,not_considered,https://drive.usercontent.google.com/download?id=12Y-yqkMAUDhkjU3tuhYWJ6wTNPUvhlZl&export=download,https://www.collegedata.fyi/schools/cuny-bernard-m-baruch-college/2024-25
190567,2024,important,not_considered,very_important,considered,not_considered,not_considered,not_considered,not_considered,not_considered,not_considered,not_considered,not_considered,not_considered,not_considered,not_considered,not_considered,not_considered,not_considered,https://www.ccny.cuny.edu/sites/default/files/2025-03/20250324_FINAL%20CDS-2024-2025.pdf,https://www.collegedata.fyi/schools/cuny-city-college/2024-25
191515,2024,very_important,very_important,very_important,considered,important,important,considered,considered,considered,important,considered,considered,considered,considered,not_considered,considered,considered,considered,https://drive.usercontent.google.com/download?id=1fCvhLgLv11Hdy14kJe9Co2TQbdOWJFz3&export=download,https://www.collegedata.fyi/schools/hamilton/2024-25
191533,2025,very_important,considered,considered,,considered,considered,considered,considered,considered,important,not_considered,considered,not_considered,not_considered,not_considered,important,important,very_important,https://www.hartwick.edu/wp-content/uploads/2026/07/IR_HartwickCollegeCommonDataSet2025-2026_070826.pdf,https://www.collegedata.fyi/schools/hartwick-college/2025-26
191630,2024,very_important,very_important,very_important,very_important,very_important,very_important,,very_important,very_important,very_important,very_important,very_important,very_important,very_important,very_important,very_important,very_important,considered,https://www.hws.edu/offices/irp/pdf/cds-2425.pdf,https://www.collegedata.fyi/schools/hobart-william-smith-colleges/2024-25
191968,2024,very_important,considered,very_important,considered,,,not_considered,,,,considered,considered,not_considered,not_considered,not_considered,considered,considered,considered,https://drive.usercontent.google.com/download?id=120jXX2ti-cerOxGj1kTvom9yik5kA-Ip&export=download,https://www.collegedata.fyi/schools/ithaca-college/2024-25
192703,2025,very_important,considered,very_important,considered,important,important,considered,,considered,considered,not_considered,considered,not_considered,not_considered,not_considered,considered,considered,considered,https://content.manhattan.edu/institutional-research/2025-26-CDS.pdf,https://www.collegedata.fyi/schools/manhattan-college/2025-26
192819,2024,very_important,considered,very_important,considered,considered,,not_considered,considered,considered,important,considered,not_considered,considered,not_considered,not_considered,considered,considered,considered,https://doc-04-60-sheets.googleusercontent.com/export/54bogvaave6cua4cdnls17ksc4/0hsr1gvlv5rpn2u64k4dpjmv7o/1776619760000/105250506097979753968/*/1ZA4I-25m1NYvQfqbc78zBnjifUGGs0u3?format=xlsx,https://www.collegedata.fyi/schools/marist-college/2024-25
193900,2024,very_important,not_considered,very_important,important,very_important,very_important,not_considered,considered,considered,very_important,considered,not_considered,considered,not_considered,not_considered,considered,considered,,https://drive.usercontent.google.com/download?id=1WxzME_JwpWRKEFabR7KhIW2vuOh8q0Dy&export=download,https://www.collegedata.fyi/schools/nyu/2024-25
194578,2024,important,not_considered,very_important,not_considered,very_important,important,considered,considered,very_important,important,not_considered,not_considered,not_considered,not_considered,not_considered,considered,considered,very_important,https://www.pratt.edu/wp-content/uploads/2025/03/2024-2025-CDS-Final_for_Publication.xlsx,https://www.collegedata.fyi/schools/pratt-institute-main/2024-25
195003,2025,very_important,very_important,very_important,very_important,very_important,very_important,very_important,very_important,very_important,very_important,very_important,very_important,very_important,very_important,very_important,very_important,very_important,considered,https://www.rit.edu/institutionalresearch/sites/rit.edu.institutionalresearch/files/documents/Common%20Data%20Set%20PDFs/RIT_CDS_2025_26_FINAL_20260603.pdf,https://www.collegedata.fyi/schools/rochester-institute-of-technology/2025-26
195030,2024,very_important,considered,very_important,considered,important,important,important,very_important,important,very_important,considered,considered,considered,not_considered,not_considered,considered,considered,important,https://www.rochester.edu/provost/wp-content/uploads/2025/06/CDS_2024-2025-completed-for-web.pdf,https://www.collegedata.fyi/schools/university-of-rochester/2024-25
195304,2024,important,considered,important,considered,very_important,very_important,considered,important,important,important,considered,not_considered,considered,not_considered,not_considered,considered,considered,not_considered,https://assets.sarahlawrence.io/about/slc-cds-2024-2025.pdf,https://www.collegedata.fyi/schools/sarah-lawrence-college/2024-25
195526,2025,very_important,important,very_important,considered,important,important,not_considered,important,important,very_important,considered,not_considered,considered,not_considered,not_considered,important,important,considered,https://www.skidmore.edu/ir/facts/common/cds-2025-26.pdf,https://www.collegedata.fyi/schools/skidmore-college/2025-26
195720,2025,very_important,important,very_important,important,important,very_important,important,important,important,very_important,considered,very_important,considered,considered,not_considered,important,important,important,https://www.sjf.edu/media/services/institutional-research/documents/CommonDataSet.pdf,https://www.collegedata.fyi/schools/st-john-fisher-university/2025-26
196015,2025,important,not_considered,very_important,considered,considered,considered,,considered,not_considered,not_considered,not_considered,not_considered,not_considered,not_considered,not_considered,considered,considered,considered,https://www.canton.edu/media/ir/CDS2025-2026.pdf,https://www.collegedata.fyi/schools/suny-college-of-technology-at-canton/2025-26
196042,2024,important,considered,very_important,considered,important,important,considered,considered,considered,considered,considered,considered,not_considered,not_considered,not_considered,considered,considered,important,https://www.farmingdale.edu/institutional-research/pdf/cds_2024-2025_fsc.pdf,https://www.collegedata.fyi/schools/farmingdale-state-college/2024-25
196079,2024,very_important,important,very_important,considered,important,considered,not_considered,considered,considered,considered,considered,not_considered,not_considered,,not_considered,considered,considered,not_considered,https://drive.usercontent.google.com/download?id=1OEtsa2GOsTWIlmYhe3-ZA0fn-n63mtBb&export=download,https://www.collegedata.fyi/schools/binghamton-university/2024-25
196097,2024,very_important,considered,very_important,very_important,very_important,important,considered,considered,considered,considered,considered,considered,considered,considered,not_considered,,,,https://drive.usercontent.google.com/download?id=1Xau4LIrBSBCWtgZUPZ_HkjMcbduJBWg0&export=download,https://www.collegedata.fyi/schools/stony-brook-university/2024-25
196103,2025,very_important,very_important,very_important,very_important,very_important,very_important,,very_important,very_important,very_important,very_important,very_important,very_important,very_important,very_important,very_important,very_important,important,https://www.esf.edu/institutional-research/documents/CDS_2025_2026_ESF.pdf,https://www.collegedata.fyi/schools/suny-college-of-environmental-science-and-forestry/2025-26
196167,2024,,important,very_important,not_considered,important,important,very_important,important,important,considered,considered,not_considered,not_considered,considered,,considered,,very_important,https://drive.usercontent.google.com/download?id=1LdTI380difIIPSGArsGEFxl1pYJKulzh&export=download,https://www.collegedata.fyi/schools/suny-college-at-geneseo/2024-25
196185,2024,very_important,considered,very_important,considered,important,important,considered,considered,important,important,considered,not_considered,not_considered,not_considered,not_considered,important,important,considered,https://drive.usercontent.google.com/download?id=1ONOj6xLAnukWzgpdfP9VaJCFO8D57xmx&export=download,https://www.collegedata.fyi/schools/suny-oneonta/2024-25
196200,2024,very_important,very_important,very_important,very_important,very_important,very_important,,very_important,very_important,very_important,very_important,very_important,very_important,very_important,very_important,very_important,very_important,very_important,https://www.potsdam.edu/sites/default/files/2025-02/CDS-2024-2025.pdf,https://www.collegedata.fyi/schools/suny-college-at-potsdam/2024-25
196866,2024,very_important,very_important,very_important,important,important,important,,important,important,important,considered,considered,,considered,not_considered,important,important,considered,https://www.union.edu/sites/default/files/institutional-research/202505/common-data-set-2024-2025-final-website-march-2025.pdf,https://www.collegedata.fyi/schools/union-college/2024-25
197036,2024,very_important,considered,very_important,very_important,important,important,very_important,important,important,very_important,not_considered,not_considered,not_considered,not_considered,not_considered,considered,considered,important,https://s3.amazonaws.com/usma-media/inline-images/about/g5/G5OIR_CDS_2024-2025.pdf,https://www.collegedata.fyi/schools/united-states-military-academy/2024-25
197133,2024,very_important,important,very_important,considered,very_important,very_important,considered,very_important,very_important,very_important,considered,considered,considered,not_considered,considered,important,important,not_considered,https://offices.vassar.edu/institutional-research/wp-content/uploads/sites/23/2025/03/Vassar-College-CDS-2024-2025-1.pdf,https://www.collegedata.fyi/schools/vassar-college/2024-25
197869,2024,very_important,very_important,very_important,important,considered,not_considered,important,important,important,considered,considered,not_considered,not_considered,not_considered,not_considered,important,important,important,https://drive.usercontent.google.com/download?id=1BSu4wJPfG2j8SpHEA3vUk1GBN3jGYg1n&export=download,https://www.collegedata.fyi/schools/appalachian-state-university/2024-25
197911,2025,very_important,not_considered,important,considered,considered,considered,important,important,important,important,important,not_considered,not_considered,not_considered,not_considered,important,not_considered,important,https://www.barton.edu/wp-content/uploads/2026/05/updated-5.26.26_barton-college_cdspdf20252026_02052026.pdf,https://www.collegedata.fyi/schools/barton-college/2025-26
198215,2025,very_important,considered,very_important,considered,important,considered,considered,important,considered,important,considered,considered,not_considered,not_considered,not_considered,considered,considered,important,https://www.catawba.edu/media/catawba-college/site-assets/pdf/CDS_2025-2026-PDF.pdf,https://www.collegedata.fyi/schools/catawba-college/2025-26
198385,2025,very_important,considered,considered,considered,important,very_important,not_considered,considered,considered,very_important,,not_considered,not_considered,not_considered,not_considered,considered,considered,considered,https://www.davidson.edu/media/9718/download?attachment,https://www.collegedata.fyi/schools/davidson-college/2025-26
198419,2024,very_important,important,very_important,considered,considered,very_important,considered,very_important,very_important,very_important,considered,considered,considered,considered,not_considered,considered,considered,considered,https://drive.usercontent.google.com/download?id=1GSANSJf5yJPlMSYCXYy_tImg1X4zUv-K&export=download,https://www.collegedata.fyi/schools/duke/2024-25
198464,2024,,important,very_important,important,very_important,very_important,not_considered,considered,considered,considered,considered,considered,not_considered,important,not_considered,considered,considered,considered,https://drive.usercontent.google.com/download?id=1de7FH5I8a0USlrRfFV2PKBJkznEwifZV&export=download,https://www.collegedata.fyi/schools/east-carolina-university/2024-25
199102,2024,considered,not_considered,very_important,very_important,not_considered,not_considered,not_considered,not_considered,not_considered,not_considered,not_considered,not_considered,not_considered,considered,not_considered,,,,https://www.ncat.edu/provost/ospie/cds_2024-2025_-final-20251201.pdf,https://www.collegedata.fyi/schools/north-carolina-a-and-t-state-university/2024-25
199111,2024,very_important,very_important,very_important,very_important,very_important,very_important,,very_important,very_important,very_important,very_important,very_important,very_important,very_important,very_important,very_important,very_important,very_important,https://drive.usercontent.google.com/download?id=1BIr6_uomfl7Wr32enLCSJdDj2-ax2Nje&export=download,https://www.collegedata.fyi/schools/university-of-north-carolina-asheville/2024-25
199120,2025,very_important,important,important,considered,very_important,very_important,not_considered,very_important,very_important,very_important,considered,considered,not_considered,very_important,not_considered,important,important,not_considered,https://oira.unc.edu/wp-content/uploads/sites/297/2026/06/CDS_UNCCH_2025-26_20260615.pdf,https://www.collegedata.fyi/schools/unc/2025-26
199139,2024,very_important,not_considered,very_important,very_important,considered,considered,not_considered,considered,considered,considered,not_considered,not_considered,considered,considered,not_considered,,,,https://ir.charlotte.edu/wp-content/uploads/sites/871/2025/03/CDS_2024-2025.xlsx,https://www.collegedata.fyi/schools/university-of-north-carolina-at-charlotte/2024-25
199157,2024,very_important,very_important,very_important,very_important,very_important,very_important,,very_important,very_important,very_important,very_important,very_important,very_important,very_important,very_important,very_important,very_important,considered,https://myeol.nccu.edu/sites/default/files/2025-02/Common-Data-set-2024-2025.pdf,https://www.collegedata.fyi/schools/north-carolina-central-university/2024-25
199218,2024,very_important,important,very_important,considered,very_important,considered,not_considered,very_important,considered,important,considered,considered,considered,important,not_considered,considered,considered,considered,https://drive.usercontent.google.com/download?id=1ZDufOKYw6zJgqvg-nR06RJK-CvOqMA6U&export=download,https://www.collegedata.fyi/schools/university-of-north-carolina-wilmington/2024-25
199281,2024,important,considered,very_important,important,considered,considered,considered,not_considered,considered,considered,not_considered,not_considered,considered,considered,not_considered,not_considered,not_considered,not_considered,https://www.uncp.edu/_files/0_2024-2025_CDS_All.pdf,https://www.collegedata.fyi/schools/university-of-north-carolina-at-pembroke/2024-25
199847,2024,very_important,very_important,very_important,considered,very_important,important,important,important,important,very_important,considered,considered,considered,considered,considered,considered,considered,considered,https://prod.wp.cdn.aws.wfu.edu/sites/202/2025/07/CDS-2024-2025-fillable-WFU.pdf,https://www.collegedata.fyi/schools/wake-forest/2024-25
200004,2024,,,,,,,,important,important,important,considered,not_considered,considered,,,,,,https://www.wcu.edu/_files/learn/provost/2024-2025-CDS.pdf,https://www.collegedata.fyi/schools/western-carolina-university/2024-25
200800,2025,very_important,not_considered,very_important,considered,considered,considered,not_considered,considered,considered,considered,not_considered,not_considered,not_considered,not_considered,not_considered,considered,considered,not_considered,https://www.uakron.edu/ir/docs/CDS/CDS%202025-2026%20University%20of%20Akron%20Main%20Campus.pdf,https://www.collegedata.fyi/schools/university-of-akron-main-campus/2025-26
201195,2025,very_important,important,very_important,considered,important,considered,considered,important,important,important,considered,considered,,,,,,,https://www.bw.edu/about/offices/institutional-research-assessment/_files/common-data-set-2025-26.pdf,https://www.collegedata.fyi/schools/baldwin-wallace-university/2025-26
201645,2025,very_important,very_important,very_important,considered,important,important,important,very_important,important,important,considered,considered,not_considered,not_considered,not_considered,important,considered,considered,https://case.edu/ir/sites/default/files/2026-02/CDS%202025-26%20Adjusted%20Final.pdf,https://www.collegedata.fyi/schools/case-western-reserve-university/2025-26
202523,2024,very_important,very_important,very_important,very_important,very_important,very_important,,very_important,very_important,very_important,very_important,very_important,very_important,very_important,very_important,very_important,very_important,very_important,https://drive.usercontent.google.com/download?id=1gmNXk-Ziz_x3o1ybWE3CAhrRtckOryqU&export=download,https://www.collegedata.fyi/schools/denison-university/2024-25
203368,2025,very_important,very_important,very_important,very_important,very_important,very_important,,very_important,very_important,very_important,very_important,very_important,very_important,very_important,very_important,very_important,very_important,very_important,https://drive.usercontent.google.com/download?id=19A4F69gxe520JXxubBCEQH0m422gYRWn&export=download,https://www.collegedata.fyi/schools/john-carroll-university/2025-26
203535,2024,very_important,important,very_important,important,very_important,very_important,important,important,important,important,considered,considered,considered,,,,,,https://www.kenyon.edu/files/resources/kenyon-cds-202425-march-2025.pdf,https://www.collegedata.fyi/schools/kenyon/2024-25
206084,2025,not_considered,not_considered,very_important,considered,not_considered,not_considered,not_considered,not_considered,not_considered,not_considered,not_considered,not_considered,not_considered,not_considered,not_considered,not_considered,not_considered,not_considered,https://www.utoledo.edu/offices/institutional-research/report-library/common-data-set/docs/cds-2025-2026.pdf,https://www.collegedata.fyi/schools/university-of-toledo/2025-26
206589,2024,very_important,very_important,,very_important,very_important,very_important,,very_important,very_important,very_important,very_important,very_important,very_important,very_important,very_important,very_important,very_important,very_important,https://drive.usercontent.google.com/download?id=1s15mPw4CPv-jsjrepmzMpykl8hS5Ftnt&export=download,https://www.collegedata.fyi/schools/the-college-of-wooster/2024-25
206604,2024,very_important,not_considered,very_important,considered,not_considered,considered,not_considered,not_considered,not_considered,not_considered,not_considered,not_considered,not_considered,not_considered,not_considered,not_considered,not_considered,not_considered,https://www.wright.edu/sites/www.wright.edu/files/page/attachments/CDS_2024-2025_Lake.pdf,https://www.collegedata.fyi/schools/wright-state-university-main-campus/2024-25
206914,2025,not_considered,very_important,very_important,very_important,not_considered,not_considered,not_considered,not_considered,not_considered,not_considered,not_considered,not_considered,not_considered,not_considered,not_considered,not_considered,not_considered,not_considered,https://www.cameron.edu/storage/departments/institutional-research-assessment-and-accountability/common-data-set/CDS-2025-2026-accessible.pdf,https://www.collegedata.fyi/schools/cameron-university/2025-26
207500,2025,very_important,important,very_important,very_important,important,important,considered,considered,considered,considered,considered,considered,considered,considered,not_considered,considered,considered,considered,https://www.ou.edu/content/dam/irr/docs/common-data-sets/norman-campus-only/2025-26-nc/IRR%20CDS-A.pdf,https://www.collegedata.fyi/schools/university-of-oklahoma-norman-campus/2025-26
207661,2025,not_considered,considered,considered,considered,not_considered,not_considered,not_considered,not_considered,not_considered,not_considered,not_considered,not_considered,not_considered,not_considered,,,,,https://rogersstateuniversity.b-cdn.net/app/uploads/2026/06/CDS-2025-26.pdf,https://www.collegedata.fyi/schools/rogers-state-university/2025-26
209065,2024,very_important,not_considered,important,not_considered,important,important,not_considered,considered,considered,considered,considered,considered,considered,not_considered,not_considered,considered,considered,considered,https://www.linfield.edu/assets/files/institutional-research/CDS-2024-2025-PDF-Linfield-04.21.2025.pdf,https://www.collegedata.fyi/schools/linfield-university/2024-25
209506,2025,very_important,very_important,very_important,very_important,very_important,very_important,very_important,very_important,very_important,very_important,very_important,very_important,very_important,very_important,very_important,very_important,very_important,very_important,https://www.oit.edu/sites/default/files/2026/documents/CDS_202526.pdf,https://www.collegedata.fyi/schools/oregon-institute-of-technology/2025-26
209542,2025,important,considered,very_important,considered,important,considered,not_considered,considered,considered,important,not_considered,not_considered,not_considered,not_considered,not_considered,considered,considered,considered,https://institutionalresearch.oregonstate.edu/sites/institutionalresearch.oregonstate.edu/files/2026-06/CDS-2025-26_1.pdf,https://www.collegedata.fyi/schools/oregon-state-university/2025-26
209551,2024,very_important,considered,very_important,considered,important,considered,not_considered,considered,considered,considered,considered,not_considered,considered,considered,not_considered,considered,considered,not_considered,https://uoregon.sharepoint.com/sites/UOInstitutionalResearchPublicMaterials/_layouts/15/download.aspx?UniqueId=d5e1646e-2809-4ee4-83e8-cb6a3790504e&Translate=false,https://www.collegedata.fyi/schools/university-of-oregon/2024-25
209825,2024,very_important,important,very_important,considered,important,considered,considered,important,important,considered,considered,not_considered,considered,not_considered,considered,important,important,considered,https://drive.usercontent.google.com/download?id=1prgfAP2B4e2ocRosGec0dk_9Q0xu_u6q&export=download,https://www.collegedata.fyi/schools/university-of-portland/2024-25
209922,2024,very_important,important,very_important,,very_important,important,important,considered,considered,important,considered,considered,considered,,,considered,considered,considered,https://drive.usercontent.google.com/download?id=1o3FD7pfAbFDV4jkuw1HI0AzpIAkkNUKu&export=download,https://www.collegedata.fyi/schools/reed-college/2024-25
210429,2024,considered,not_considered,very_important,considered,considered,considered,not_considered,not_considered,not_considered,not_considered,not_considered,not_considered,not_considered,not_considered,not_considered,not_considered,not_considered,not_considered,https://cdn.wou.edu/institutionalresearch/files/2025/09/CDS-2024-2025.pdf,https://www.collegedata.fyi/schools/western-oregon-university/2024-25
210669,2024,very_important,considered,very_important,important,considered,considered,considered,important,considered,important,considered,not_considered,considered,not_considered,not_considered,considered,considered,considered,https://sites.allegheny.edu/institutional-effectiveness/files/2025/04/2024-2025-CDS-210669-1.xlsx,https://www.collegedata.fyi/schools/allegheny-college/2024-25
210739,2024,very_important,important,very_important,important,important,important,important,considered,considered,very_important,considered,not_considered,not_considered,not_considered,not_considered,considered,considered,important,https://www.desales.edu/_files/pdfs/ier/CDS_2024-2025_FINAL.pdf,https://www.collegedata.fyi/schools/desales-university/2024-25
211273,2024,very_important,very_important,very_important,very_important,very_important,very_important,,very_important,very_important,very_important,very_important,very_important,very_important,very_important,very_important,very_important,very_important,very_important,https://drive.usercontent.google.com/download?id=1GHHBZasqXHUBlr7elAB4Sigve5-tCoNg&export=download,https://www.collegedata.fyi/schools/bryn-mawr-college/2024-25
211291,2024,very_important,considered,very_important,considered,very_important,important,not_considered,very_important,very_important,very_important,considered,,,,,,,,https://www.bucknell.edu/sites/default/files/institutional-research/common_data_set_2024-25.pdf,https://www.collegedata.fyi/schools/bucknell/2024-25
211440,2025,very_important,very_important,very_important,considered,important,important,,very_important,important,very_important,important,not_considered,considered,not_considered,not_considered,very_important,considered,not_considered,https://www.cmu.edu/ira/CDS/pdf/cds_2025_26/cds_2025_full_pdf.pdf,https://www.collegedata.fyi/schools/carnegie-mellon/2025-26
211556,2024,very_important,considered,important,considered,important,considered,considered,considered,considered,considered,considered,not_considered,considered,not_considered,not_considered,considered,considered,considered,https://www.chatham.edu/_documents/_about/cds-2024-2025.pdf,https://www.collegedata.fyi/schools/chatham-university/2024-25
212009,2024,very_important,important,very_important,considered,important,very_important,important,important,very_important,very_important,considered,considered,considered,not_considered,not_considered,considered,considered,very_important,https://drive.usercontent.google.com/download?id=1EBQXWzp_k2jN1JV9edCVRVTziRIB5Zfp&export=download,https://www.collegedata.fyi/schools/dickinson-college/2024-25
212106,2025,very_important,important,very_important,very_important,considered,considered,considered,important,important,important,considered,considered,considered,considered,considered,important,important,considered,https://www.duq.edu/documents/institutionalresearch/cds-2025-2026.pdf,https://www.collegedata.fyi/schools/duquesne-university/2025-26
212577,2024,very_important,very_important,very_important,important,important,important,important,important,important,very_important,not_considered,considered,,,,,,,https://www.fandm.edu/_resources/pdfs/IR_CDS%202024-25.pdf,https://www.collegedata.fyi/schools/franklin-and-marshall-college/2024-25
212674,2024,very_important,important,very_important,important,very_important,very_important,important,important,important,important,considered,not_considered,considered,not_considered,not_considered,important,considered,considered,https://www.gettysburg.edu/offices/institutional-research/pdfs/2025/cds_2024-2025_final.pdf,https://www.collegedata.fyi/schools/gettysburg-college/2024-25
212832,2024,very_important,not_considered,very_important,not_considered,considered,considered,considered,considered,not_considered,not_considered,not_considered,not_considered,not_considered,not_considered,,,,,https://www.gmercyu.edu/pdfs/legacy-cds_2024-2025_updated_4_11_2025_compressed.pdf,https://www.collegedata.fyi/schools/gwynedd-mercy-university/2024-25
212911,2025,very_important,important,very_important,considered,very_important,very_important,considered,very_important,important,very_important,considered,considered,considered,not_considered,not_considered,important,important,considered,https://www.haverford.edu/sites/default/files/Office/President/CDS-2025-26.pdf,https://www.collegedata.fyi/schools/haverford-college/2025-26
213011,2025,very_important,important,very_important,considered,considered,considered,considered,considered,considered,considered,considered,considered,not_considered,not_considered,considered,considered,considered,considered,https://www.immaculata.edu/wp-content/uploads/2026/03/Common-Data-Set-2025-2026-Immaculata-University-3-25-2026.pdf,https://www.collegedata.fyi/schools/immaculata-university/2025-26
213020,2024,important,not_considered,very_important,considered,considered,considered,considered,considered,considered,considered,considered,not_considered,not_considered,not_considered,,,,,https://www.iup.edu/planningandassessment/files/university_data/common_data_set/cds-2025-26-iup-for-web-2.pdf,https://www.collegedata.fyi/schools/indiana-university-of-pennsylvania-main-campus/2024-25
213251,2024,important,considered,very_important,considered,important,important,considered,important,important,important,considered,considered,considered,considered,not_considered,considered,considered,not_considered,https://doc-0o-60-sheets.googleusercontent.com/export/54bogvaave6cua4cdnls17ksc4/16davqpundd7ihag6ehs96ml10/1776619730000/105250506097979753968/*/1c4clQ5t8nSgPFv1Wk2pihiGlehC70LuA?format=xlsx,https://www.collegedata.fyi/schools/juniata-college/2024-25
213349,2025,very_important,very_important,considered,considered,not_considered,not_considered,not_considered,not_considered,considered,not_considered,not_considered,not_considered,not_considered,not_considered,not_considered,not_considered,not_considered,not_considered,https://www.kutztown.edu/Departments-Offices/G-L/InstitutionalResearch/Documents/CDS_KU_2025%20COMMON%20DATA%20SET.pdf,https://www.collegedata.fyi/schools/kutztown-university-of-pennsylvania/2025-26
213385,2025,very_important,important,very_important,important,important,important,important,important,important,important,considered,considered,considered,not_considered,not_considered,considered,considered,important,https://oir.lafayette.edu/wp-content/uploads/sites/196/2026/01/CDS2025-2026.pdf,https://www.collegedata.fyi/schools/lafayette-college/2025-26
213543,2025,very_important,important,very_important,important,important,important,considered,important,important,important,considered,considered,considered,considered,not_considered,important,considered,important,https://data.lehigh.edu/sites/data.lehigh.edu/files/682026_CDS-2025-26_Revised_Published.pdf,https://www.collegedata.fyi/schools/lehigh/2025-26
213668,2024,very_important,important,important,important,important,very_important,important,considered,considered,considered,considered,not_considered,considered,considered,not_considered,considered,considered,considered,https://www.lycoming.edu/institutional-research/pdfs/cds-2024-2025.pdf,https://www.collegedata.fyi/schools/lycoming-college/2024-25
213996,2025,very_important,important,very_important,important,important,considered,not_considered,very_important,very_important,very_important,not_considered,considered,not_considered,not_considered,very_important,important,considered,considered,https://www.messiah.edu/institutional-research/_files/messiah-university-cds-current-year.pdf,https://www.collegedata.fyi/schools/messiah-university/2025-26
214041,2024,very_important,very_important,very_important,not_considered,important,considered,not_considered,considered,important,important,considered,not_considered,,,,,,,https://www.millersville.edu/iea/ir/cds_2024-25_final.pdf,https://www.collegedata.fyi/schools/millersville-university-of-pennsylvania/2024-25
215062,2025,very_important,important,very_important,considered,very_important,very_important,,important,important,very_important,considered,considered,considered,considered,not_considered,important,important,not_considered,https://public.boxcloud.com/d/1/b1!2U04ewHOLph7vR6BOGJsXwpTo9_pLUlxq42Oxm5dpXl7RTy6LKQeGWA2bsJ671FsFuOyk1Sa_o42WaBrleNZVdQg_X5MChKsmdt1c14g3NbWxIPt3U8NPT4govMG7SIPtA2uT_ds0_XgQID7prRyZEY1LvlaqzYEJzTdhczkkuIKl9CuP0gFPjEfKXmyNXRKLKEQPgvtazPCCp2_MM4HWCRLUte_Srz8h2KAu6sOYews5E3hrYinYct4aW0CEJDPm22Qht8zrOHhENoOAyEuYl4fYNTehmtMQZfxeUtcISCDHuNxYh4cAjGApG6qhm_ExNGY7qcoB3VLoNSawNZ9S8hLFWIKvUja6sLaEPkMEmifznBNfsnpPFvdURi8lq0RPPpjNXUyHLstywGrR8DYkyqpVM4foS2NznFpVky4PU7XCQtF1cEtboOWpORjrTVVsY9937uxgavkoZAhF0i7kv-7Ipy8VSHMdZ5VRWPr6NM1LDhexdVWnHh9gTkZp925r4xfRGp47UdKynStdOdpBlM9bWCsstCvgz7GslVGURAcNbb5xgrAn7TQw6M3xwug_MDSoY6xhubdS6D0oBf1LvEfzSchDUU95qd8nFTSVLXlGsKC1mH66zmCdIJSAc1i9BCDI0za8atRk8sbVgLzXJm7VduEQaid-0-bu326TlAIMrO_WnGoz1ZpZOkh3L71BEEJRSl2Y4IKW1xrSqJvXHUM8DtNMS-dQGqjdaVyjmMSx337Kovnhvyn6dTNoDH-iGIyLou7Msrzw-j1QZ37PYYTdb3ikJfWAKEOp1EUQtMLDJTbk_LADMj25WCTym0dJvjQS8ilmd0KI4LoyRocORVKKT4ur3670M1Lc9vVMCtKYuTkBWOV2sK7ih7KkaHV_lKFFK5bV7se_7h9Tnmcd80TKyWm7OqoV37aAhT2PMqjLYidg-BBYl-jjqZft5luUd0HrxVCcFOpfln1UdVjIYhLJxSUXTTJi3nXx6i223UHIqsJBzfk88zlzeKNgDyJntmER7ejcT6WTBPbMyZBsV_mfg45gVHXVEiA9zRTbv8MTccO_bEJzYSVRTCd_Gj4wDPmtHOnXHE4Aghf8ENdYB5rHtlNsLrcbOlwppbbQxd5S_AcRabcxilgjn4XnD5n476WlvPhCxg9yTXpLeNIBWqKbUNR-zqDWpP8Eh2Udcx3yvetUtXUtc80hq8r442OOc3ZSisG9NAoJvUO3tTW8bzBIZuElg2YuALOgyvKMYJvkgTRrjmYs6E40J_geql7PdHdJMgSCqqcmw0ZV7Jp0YQxxPu2sbMRgEF9BCWGKip1Ce6xsmctjvmt4s_oVSLYAKlkUUYG9qoa9n-JU36-w8YMbmceS3lJn8yUTrqe-hhEsNIDpssa3ntyNxOQVtES4pqinUzabdKPoBwVbzgxnubsM5vg90m54Grrz3iA2a0k99L358s5sJvEUPCmzHqroqQpsUojpXRQM29D6Soee5qwM2M9C4bBWo76pOeiNcMO8V9npcYufPM3ZUE2Pf3L-8fLHhDTBsMpWwSggJxjNZYaSbWQtmNwiJEnmt8GybArBQ../download,https://www.collegedata.fyi/schools/upenn/2025-26
215293,2024,very_important,considered,very_important,considered,very_important,considered,not_considered,considered,important,important,considered,not_considered,considered,considered,not_considered,important,important,important,https://drive.usercontent.google.com/download?id=1-YIIa2QsxiCAGs_mTKItZ8M_lz3ekIAC&export=download,https://www.collegedata.fyi/schools/upitt/2024-25
215442,2024,considered,not_considered,very_important,not_considered,not_considered,not_considered,not_considered,not_considered,very_important,not_considered,not_considered,not_considered,not_considered,not_considered,not_considered,not_considered,not_considered,not_considered,https://www.pointpark.edu/about/admindepts/institutionalresearch/media/files_cds/cds_2024_2025_final_updated_03242025.pdf,https://www.collegedata.fyi/schools/point-park-university/2024-25
215929,2025,very_important,very_important,very_important,very_important,considered,considered,considered,important,considered,considered,not_considered,considered,not_considered,not_considered,not_considered,considered,considered,considered,https://www.scranton.edu/pir/institutional-research/institutional-research-reports/2025-2026-cds.pdf,https://www.collegedata.fyi/schools/university-of-scranton/2025-26
216287,2025,very_important,very_important,very_important,considered,very_important,very_important,considered,considered,considered,very_important,considered,considered,considered,considered,considered,considered,considered,not_considered,https://www.swarthmore.edu/sites/default/files/assets/documents/institutional-effectiveness-research-assessment/Swarthmore-CDS-2025-26.pdf,https://www.collegedata.fyi/schools/swarthmore/2025-26
216339,2024,very_important,very_important,very_important,very_important,very_important,very_important,,very_important,very_important,very_important,very_important,very_important,very_important,very_important,very_important,very_important,very_important,very_important,https://drive.usercontent.google.com/download?id=1aa95wCsAHPMHqTrxzY7KJ6drIfQ4WAaa&export=download,https://www.collegedata.fyi/schools/temple/2024-25
216597,2024,,considered,very_important,considered,very_important,important,,,,,,,,,,important,,,https://drive.usercontent.google.com/download?id=1TJi4oOjU6bQQIdhnpeaPWgfwHb_tq_60&export=download,https://www.collegedata.fyi/schools/villanova-university/2024-25
216764,2025,very_important,very_important,very_important,very_important,very_important,very_important,,very_important,very_important,very_important,very_important,very_important,very_important,very_important,very_important,very_important,very_important,very_important,https://www.wcupa.edu/deputy-provost/institutionalResearch/documents/CDS_2025-2026%20Final.pdf,https://www.collegedata.fyi/schools/west-chester-university-of-pennsylvania/2025-26
216931,2025,very_important,considered,important,considered,considered,considered,considered,important,considered,important,considered,considered,not_considered,not_considered,not_considered,considered,considered,not_considered,https://www.wilkes.edu/about-wilkes/offices-and-administration/institutional-research/_assets/Wilkes%20University%20CDS_2025-26.pdf,https://www.collegedata.fyi/schools/wilkes-university/2025-26
217156,2024,very_important,very_important,very_important,very_important,very_important,very_important,not_considered,important,very_important,very_important,considered,considered,considered,considered,not_considered,considered,considered,not_considered,https://oir.brown.edu/sites/default/files/2020-04/CDS_2024_2025.pdf,https://www.collegedata.fyi/schools/brown/2024-25
217402,2024,very_important,considered,very_important,considered,very_important,important,not_considered,important,considered,important,considered,considered,considered,not_considered,not_considered,considered,considered,considered,https://drive.usercontent.google.com/download?id=1eoVemsrMuPO0W0u6_xOsnSBa0y9ITAbp&export=download,https://www.collegedata.fyi/schools/providence-college/2024-25
217420,2025,very_important,very_important,very_important,very_important,very_important,very_important,very_important,very_important,very_important,very_important,very_important,very_important,very_important,very_important,very_important,very_important,very_important,very_important,https://www.ric.edu/documents/common-data-set-2025-2026,https://www.collegedata.fyi/schools/rhode-island-college/2025-26
217484,2025,very_important,considered,very_important,considered,very_important,very_important,not_considered,important,considered,considered,considered,not_considered,considered,considered,not_considered,important,important,considered,https://web.uri.edu/ir/wp-content/uploads/sites/276/CDS-PDF-2025-2026_fillablePDF.pdf,https://www.collegedata.fyi/schools/university-of-rhode-island/2025-26
217819,2024,very_important,important,very_important,considered,considered,considered,not_considered,considered,considered,considered,considered,considered,important,important,not_considered,considered,considered,considered,https://drive.usercontent.google.com/download?id=1Fn6DeJuD-KBiKm0rw6EC5oHwDGWdGtz3&export=download,https://www.collegedata.fyi/schools/college-of-charleston/2024-25
217864,2024,very_important,very_important,very_important,very_important,very_important,very_important,,very_important,very_important,very_important,very_important,very_important,very_important,very_important,very_important,very_important,very_important,very_important,https://www.citadel.edu/institutional-research/wp-content/uploads/sites/75/CDS_2024-2025.pdf,https://www.collegedata.fyi/schools/citadel-military-college-of-south-carolina/2024-25
217882,2024,very_important,very_important,very_important,important,not_considered,considered,not_considered,considered,considered,not_considered,considered,considered,considered,very_important,not_considered,not_considered,not_considered,not_considered,https://drive.usercontent.google.com/download?id=1lgFGWD7h6i7J0ZzYy1p-6c4d26Is1Kgj&export=download,https://www.collegedata.fyi/schools/clemson/2024-25
218645,2024,important,important,very_important,important,considered,considered,not_considered,considered,considered,not_considered,not_considered,not_considered,not_considered,considered,not_considered,considered,considered,not_considered,https://drive.usercontent.google.com/download?id=1NL9FMDkvcWRsIrwu26wWK1w2cLsdr-C1&export=download,https://www.collegedata.fyi/schools/university-of-south-carolina-aiken/2024-25
218663,2024,important,important,very_important,important,considered,considered,not_considered,considered,considered,not_considered,not_considered,not_considered,not_considered,considered,not_considered,considered,considered,not_considered,http://oiraa.dw.sc.edu/cds/cds2024/CDS_2024-2025.pdf,https://www.collegedata.fyi/schools/university-of-south-carolina-columbia/2024-25
218724,2024,very_important,important,very_important,considered,considered,considered,not_considered,considered,considered,considered,considered,considered,considered,considered,not_considered,considered,considered,not_considered,https://drive.usercontent.google.com/download?id=1hyAZ9FlsdI_z6JAY8ZiuulcTtLEwEWbe&export=download,https://www.collegedata.fyi/schools/coastal-carolina-university/2024-25
218964,2025,very_important,not_considered,very_important,very_important,considered,considered,considered,considered,considered,not_considered,not_considered,not_considered,not_considered,,,,,,https://www.winthrop.edu/uploadedFiles/institutional-effectiveness/cds202526.pdf,https://www.collegedata.fyi/schools/winthrop-university/2025-26
219000,2024,important,considered,very_important,considered,considered,considered,considered,considered,considered,considered,not_considered,not_considered,not_considered,not_considered,not_considered,considered,considered,considered,https://www.augie.edu/sites/default/files/documents/2025-04/2024-25CDS.xlsx,https://www.collegedata.fyi/schools/augustana-university/2024-25
219082,2025,very_important,very_important,very_important,very_important,very_important,very_important,,very_important,very_important,very_important,very_important,very_important,very_important,very_important,very_important,very_important,very_important,very_important,https://blogs.dsu.edu/wp-content/uploads/sites/19/2026/04/CDS_2025-2026-Dakota-State-University_for-Publication.pdf,https://www.collegedata.fyi/schools/dakota-state-university/2025-26
219471,2024,important,important,important,important,very_important,very_important,,very_important,very_important,very_important,very_important,very_important,very_important,very_important,very_important,very_important,very_important,very_important,https://www.usd.edu/-/media/Project/USD/DotEdu/About/Departments-Offices-and-Resources/Institutional-Research-Planning-and-Assessment/USD-Common-Data-Set.pdf?rev=1ddcb14196e140a9bec776ebd5bc7b88&hash=F12AD65AC125F221B48CB947AD4702C0,https://www.collegedata.fyi/schools/university-of-south-dakota/2024-25
219602,2025,very_important,very_important,very_important,very_important,very_important,very_important,,very_important,very_important,very_important,very_important,very_important,very_important,very_important,very_important,very_important,very_important,not_considered,https://www.apsu.edu/institutional-research/files/common-data-set-2025-2026.pdf,https://www.collegedata.fyi/schools/austin-peay-state-university/2025-26
219709,2024,very_important,very_important,very_important,very_important,very_important,very_important,,very_important,very_important,very_important,very_important,very_important,very_important,very_important,very_important,very_important,very_important,very_important,https://drive.usercontent.google.com/download?id=1S3YOAXK782hvRvBduoIGgF02dXedYafp&export=download,https://www.collegedata.fyi/schools/belmont-university/2024-25
219976,2024,very_important,considered,very_important,important,considered,important,not_considered,considered,considered,important,considered,not_considered,not_considered,not_considered,not_considered,considered,considered,not_considered,https://lipscomb.edu/sites/default/files/2025-10/CDS%202024%202025%20Lipscomb%20University%20Complete.pdf,https://www.collegedata.fyi/schools/lipscomb-university/2024-25
220613,2025,very_important,very_important,very_important,very_important,very_important,very_important,,very_important,very_important,very_important,very_important,very_important,very_important,very_important,very_important,very_important,very_important,very_important,https://www.leeuniversity.edu/wp-content/uploads/2025-2026-CDS-1-1.pdf,https://www.collegedata.fyi/schools/lee-university/2025-26
220978,2024,considered,not_considered,very_important,very_important,considered,considered,,,,,,,,,,,,,https://iepr.mtsu.edu/wp-content/uploads/sites/23/2025/02/CDS_2024_2025.pdf,https://www.collegedata.fyi/schools/middle-tennessee-state-university/2024-25
221351,2024,very_important,very_important,very_important,important,important,important,considered,considered,considered,important,considered,considered,considered,considered,not_considered,considered,considered,considered,https://www.rhodes.edu/sites/default/files/2026-02/CDS_2024-2025%20_Rhodes_College_.pdf,https://www.collegedata.fyi/schools/rhodes-college/2024-25
221740,2025,very_important,considered,very_important,very_important,considered,considered,not_considered,considered,considered,important,not_considered,not_considered,not_considered,not_considered,not_considered,considered,considered,not_considered,https://www.utc.edu/sites/default/files/2026-09/cds-2025-2026.pdf,https://www.collegedata.fyi/schools/the-university-of-tennessee-chattanooga/2025-26
221759,2025,very_important,considered,very_important,very_important,very_important,considered,,important,important,important,,,,very_important,,,,,https://irsa.utk.edu/wp-content/uploads/sites/5/2026/07/CDS_2025-26_All__-1.pdf,https://www.collegedata.fyi/schools/the-university-of-tennessee-knoxville/2025-26
221847,2025,very_important,not_considered,very_important,considered,not_considered,,not_considered,not_considered,not_considered,not_considered,not_considered,not_considered,not_considered,not_considered,not_considered,not_considered,not_considered,not_considered,https://www.tntech.edu/iare/pdf/institutional_research/CDS-PDF-2025-2026_ADA.pdf,https://www.collegedata.fyi/schools/tennessee-technological-university/2025-26
222983,2025,very_important,considered,very_important,considered,important,considered,considered,important,important,important,important,important,important,not_considered,not_considered,considered,considered,not_considered,https://resources.finalsite.net/images/v1787333926/austincollegeedu/austincollegeedu/qfseyvgfiugcabtgawum/CDS_2025-2026.pdf,https://www.collegedata.fyi/schools/austin-college/2025-26
223232,2024,important,considered,very_important,very_important,important,considered,not_considered,considered,considered,considered,considered,considered,considered,considered,considered,considered,considered,considered,https://ir.web.baylor.edu/sites/g/files/ecbvkj1621/files/2025-04/CDS-2024-2025-Baylor%20University.pdf,https://www.collegedata.fyi/schools/baylor-university/2024-25
224147,2025,very_important,very_important,very_important,very_important,very_important,very_important,,very_important,very_important,very_important,very_important,very_important,very_important,very_important,very_important,very_important,very_important,very_important,https://www.tamucc.edu/president/pir/cds_files/cds_2025-2026-final3.pdf,https://www.collegedata.fyi/schools/texas-a-and-m-university-corpus-christi/2025-26
224554,2025,very_important,very_important,very_important,very_important,not_considered,not_considered,not_considered,not_considered,not_considered,not_considered,not_considered,not_considered,not_considered,not_considered,not_considered,not_considered,not_considered,not_considered,https://www.etamu.edu/wp-content/uploads/2026/07/CDS_2025-2026-2.pdf,https://www.collegedata.fyi/schools/texas-a-and-m-university-commerce/2025-26
225399,2025,very_important,very_important,very_important,very_important,very_important,very_important,very_important,very_important,very_important,very_important,very_important,very_important,very_important,very_important,very_important,very_important,very_important,not_considered,https://hc.edu/publications/IRE/ire2526/HCU-CDS-2025-2026_PDF_Publish_07-17-2026.pdf,https://www.collegedata.fyi/schools/houston-christian-university/2025-26
225432,2025,important,very_important,very_important,very_important,not_considered,not_considered,not_considered,not_considered,not_considered,not_considered,not_considered,not_considered,not_considered,not_considered,not_considered,not_considered,not_considered,not_considered,https://www.uhd.edu/documents/provost/ie/institutional-research/common-data-set/cds-2025-2026.pdf,https://www.collegedata.fyi/schools/university-of-houston-downtown/2025-26
225627,2024,important,important,important,considered,considered,considered,considered,considered,,,,,,,,,,,https://my.uiw.edu/ir/_docs/cds-24-25.pdf,https://www.collegedata.fyi/schools/university-of-the-incarnate-word/2024-25
227182,2025,very_important,very_important,very_important,very_important,very_important,very_important,,very_important,very_important,very_important,very_important,very_important,very_important,very_important,very_important,very_important,very_important,not_considered,https://www.lonestar.edu/departments/institutionaleffectiveness/Lone-Star-College-CDS-PDF-2025-2026_PDF_Final_2.pdf,https://www.collegedata.fyi/schools/lone-star-college-system/2025-26
227216,2025,very_important,very_important,very_important,very_important,very_important,very_important,very_important,very_important,very_important,very_important,very_important,very_important,very_important,very_important,very_important,very_important,very_important,very_important,https://institutionalresearch.unt.edu/cds_univnorthtx_2025-2026.pdf,https://www.collegedata.fyi/schools/university-of-north-texas/2025-26
227757,2025,very_important,very_important,very_important,very_important,very_important,very_important,considered,very_important,very_important,very_important,considered,considered,considered,considered,not_considered,considered,considered,considered,https://ideas.rice.edu/wp-content/uploads/2026/08/CDS_2025-26_WEBSITE_Updated_8-3-2026.pdf,https://www.collegedata.fyi/schools/rice/2025-26
228246,2025,very_important,very_important,very_important,very_important,very_important,very_important,,very_important,very_important,very_important,very_important,very_important,very_important,very_important,very_important,very_important,very_important,considered,https://www.smu.edu/-/media/site/ir/commondatasets/2025/cds-2025-26-part-c-first-time-freshman-final.pdf,https://www.collegedata.fyi/schools/southern-methodist-university/2025-26
228459,2024,very_important,very_important,very_important,very_important,very_important,very_important,,very_important,very_important,very_important,very_important,very_important,very_important,very_important,very_important,very_important,very_important,very_important,https://docs.gato.txst.edu/743980/CDS-2024-2025%20from%20richard.pdf,https://www.collegedata.fyi/schools/texas-state-university/2024-25
228723,2025,very_important,very_important,very_important,considered,important,considered,not_considered,very_important,very_important,considered,important,not_considered,important,important,not_considered,,,,https://abpa.tamu.edu/getattachment/3ef3380e-0c01-4ac3-bad5-185eb51fa208/CDS-PDF-2025-2026_TAMU_FINAL.pdf,https://www.collegedata.fyi/schools/texas-am/2025-26
228778,2024,considered,considered,considered,considered,considered,considered,not_considered,considered,considered,considered,considered,not_considered,considered,considered,considered,considered,considered,not_considered,https://drive.usercontent.google.com/download?id=1IfM-WLguczkEG1sfDhg4OhihHeQkchY9&export=download,https://www.collegedata.fyi/schools/ut-austin/2024-25
228787,2024,very_important,considered,very_important,important,important,important,not_considered,important,considered,important,not_considered,not_considered,not_considered,not_considered,not_considered,important,important,considered,https://drive.usercontent.google.com/download?id=1cigaguVyYb-5dDGoizNviBdvfunLmx4n&export=download,https://www.collegedata.fyi/schools/the-university-of-texas-at-dallas/2024-25
228802,2025,very_important,very_important,very_important,very_important,not_considered,not_considered,not_considered,important,important,important,important,not_considered,not_considered,not_considered,not_considered,important,considered,very_important,https://www.uttyler.edu/offices/information-analysis/files/cds-2025-26-20260418.pdf,https://www.collegedata.fyi/schools/the-university-of-texas-at-tyler/2025-26
228875,2025,very_important,not_considered,very_important,considered,important,considered,not_considered,important,considered,important,important,considered,considered,considered,considered,important,important,considered,https://ir.tcu.edu/wp-content/uploads/2026/03/CDS-2025-26-TCU.pdf,https://www.collegedata.fyi/schools/texas-christian-university/2025-26
229115,2024,very_important,very_important,very_important,very_important,important,important,not_considered,important,important,important,considered,not_considered,considered,not_considered,not_considered,important,important,considered,https://drive.usercontent.google.com/download?id=1pXFSa14XaZ8VVRBIhSgEtp-PpzMds2YF&export=download,https://www.collegedata.fyi/schools/texas-tech-university/2024-25
229179,2024,very_important,very_important,very_important,considered,not_considered,not_considered,not_considered,not_considered,not_considered,not_considered,not_considered,not_considered,not_considered,not_considered,not_considered,not_considered,not_considered,not_considered,https://twu.edu/media/documents/irdm/CDS_2024-2025_v2.pdf,https://www.collegedata.fyi/schools/texas-womans-university/2024-25
229814,2024,important,very_important,very_important,important,not_considered,considered,not_considered,not_considered,not_considered,not_considered,not_considered,not_considered,not_considered,not_considered,not_considered,not_considered,not_considered,not_considered,https://www.wtamu.edu/_files/docs/academics/Institutional%20Research/CDS.pdf,https://www.collegedata.fyi/schools/west-texas-a-and-m-university/2024-25
230038,2025,very_important,not_considered,very_important,very_important,very_important,very_important,not_considered,very_important,very_important,very_important,important,not_considered,not_considered,not_considered,very_important,very_important,very_important,considered,https://data.byu.edu/0000019d-e4b4-df27-a1df-eef579b00001/cds-2025-2026-pdf,https://www.collegedata.fyi/schools/brigham-young-university/2025-26
230728,2025,,,very_important,very_important,not_considered,,not_considered,not_considered,not_considered,,,,,,,,,,https://www.usu.edu/oda/files/common-data-sets/CDS2025-26.pdf,https://www.collegedata.fyi/schools/utah-state-university/2025-26
230764,2024,very_important,very_important,very_important,very_important,very_important,very_important,,very_important,very_important,very_important,very_important,very_important,very_important,very_important,very_important,very_important,very_important,not_considered,https://drive.usercontent.google.com/download?id=1UwytoPwwp6jPanBxAuvQ6K_CxrvsaLS3&export=download,https://www.collegedata.fyi/schools/university-of-utah/2024-25
230816,2024,very_important,very_important,very_important,very_important,very_important,very_important,,very_important,very_important,very_important,very_important,very_important,very_important,very_important,very_important,very_important,very_important,not_considered,https://www.bennington.edu/sites/default/files/sources/docs/cds_bennington_2024-2025_final.pdf,https://www.collegedata.fyi/schools/bennington-college/2024-25
230959,2024,very_important,very_important,very_important,important,important,important,not_considered,very_important,very_important,very_important,considered,considered,considered,not_considered,not_considered,considered,,,https://drive.usercontent.google.com/download?id=1h-ek-1m3tiN70uCse2JRNZMl5dJs6mQB&export=download,https://www.collegedata.fyi/schools/middlebury-college/2024-25
231174,2025,very_important,considered,very_important,considered,important,important,not_considered,important,important,important,important,not_considered,important,important,not_considered,important,important,considered,https://www.uvm.edu/d10-files/documents/2026-06/CDS_2025-2026_C.pdf,https://www.collegedata.fyi/schools/university-of-vermont/2025-26
231624,2024,very_important,very_important,very_important,very_important,very_important,very_important,considered,very_important,very_important,very_important,considered,considered,considered,very_important,not_considered,very_important,very_important,considered,https://www.wm.edu/offices/ir/university_data/cds/wm_cds_2024-20252.xlsx,https://www.collegedata.fyi/schools/william-and-mary/2024-25
232043,2025,very_important,very_important,very_important,very_important,very_important,very_important,,very_important,very_important,very_important,very_important,very_important,very_important,very_important,very_important,very_important,very_important,not_considered,https://emu.edu/ir/docs/EMU%20CDS%202025-2026%20public.pdf,https://www.collegedata.fyi/schools/eastern-mennonite-university/2025-26
232308,2025,important,considered,very_important,considered,important,important,considered,considered,considered,considered,considered,considered,considered,considered,not_considered,considered,considered,considered,https://www.hollins.edu/wp-content/uploads/2026/07/CDS-2025-2026-Hollins-University.pdf,https://www.collegedata.fyi/schools/hollins-university/2025-26
232681,2024,very_important,important,very_important,considered,important,important,considered,considered,considered,considered,considered,not_considered,considered,considered,not_considered,considered,considered,considered,https://drive.usercontent.google.com/download?id=13VDoiHo8fuSDOt0iVvncycamqQ4dJ7CC&export=download,https://www.collegedata.fyi/schools/university-of-mary-washington/2024-25
233277,2025,very_important,very_important,very_important,very_important,very_important,very_important,,very_important,very_important,very_important,very_important,very_important,very_important,very_important,very_important,very_important,very_important,considered,https://www.radford.edu/institutional-research/_documents/cds-2025.pdf,https://www.collegedata.fyi/schools/radford-university/2025-26
233374,2024,very_important,important,very_important,important,important,important,not_considered,important,important,important,considered,considered,considered,considered,not_considered,considered,considered,not_considered,https://drive.usercontent.google.com/download?id=1H7OYRSCi-ZdQoFbAGqs-mG5_SORO5DRH&export=download,https://www.collegedata.fyi/schools/university-of-richmond/2024-25
233541,2024,important,not_considered,very_important,not_considered,considered,considered,considered,important,important,considered,considered,not_considered,not_considered,not_considered,not_considered,considered,considered,considered,https://www.su.edu/wp-content/uploads/2014/11/CDS-2425-Final.pdf,https://www.collegedata.fyi/schools/shenandoah-university/2024-25
233921,2024,very_important,,very_important,considered,very_important,not_considered,not_considered,considered,considered,considered,very_important,not_considered,very_important,very_important,not_considered,considered,considered,not_considered,https://doc-0g-60-sheets.googleusercontent.com/export/54bogvaave6cua4cdnls17ksc4/6lnn7pchv8k3mg4q0h9rudfoa4/1776620200000/105250506097979753968/*/1KnGBhS5hVKwDzlbRnoZt0YlAKfBVHX6x?format=xlsx,https://www.collegedata.fyi/schools/virginia-polytechnic-institute-and-state-university/2024-25
234030,2024,very_important,very_important,,very_important,very_important,very_important,,very_important,very_important,very_important,very_important,very_important,very_important,very_important,very_important,very_important,very_important,not_considered,https://irds.vcu.edu/media/decision-support/pdf/commondatasets/CommonDataSet2024-25.pdf,https://www.collegedata.fyi/schools/virginia-commonwealth-university/2024-25
234076,2024,very_important,very_important,very_important,considered,important,important,not_considered,important,important,very_important,considered,not_considered,considered,very_important,not_considered,considered,considered,not_considered,https://ira.virginia.edu/sites/ira/files/2025-03/CDS_2024-2025_508.pdf,https://www.collegedata.fyi/schools/uva/2024-25
234085,2025,very_important,very_important,very_important,very_important,very_important,very_important,,very_important,very_important,very_important,very_important,very_important,very_important,very_important,very_important,very_important,very_important,very_important,https://www.vmi.edu/wp-content/uploads/2026/06/CDS-2025-26-Tuition-Update.pdf,https://www.collegedata.fyi/schools/virginia-military-institute/2025-26
234207,2024,very_important,considered,considered,considered,considered,very_important,considered,very_important,considered,very_important,considered,,,,,,,,https://drive.usercontent.google.com/download?id=1_K2Y0eIfYNKULckC9h51h_FeGqJ0GyC7&export=download,https://www.collegedata.fyi/schools/washington-and-lee/2024-25
235097,2025,not_considered,,very_important,not_considered,not_considered,not_considered,not_considered,not_considered,not_considered,not_considered,not_considered,not_considered,not_considered,considered,not_considered,not_considered,not_considered,,https://inside.ewu.edu/institutional-research/wp-content/uploads/sites/65/2026/05/CDS-EWU-2025-2026-FINAL.pdf,https://www.collegedata.fyi/schools/eastern-washington-university/2025-26
235167,2024,very_important,not_considered,very_important,important,very_important,considered,considered,considered,not_considered,not_considered,important,not_considered,not_considered,not_considered,not_considered,considered,considered,important,https://www.evergreen.edu/sites/default/files/2026-04/2025-2026_Common_Data_Set_Evergreen.pdf,https://www.collegedata.fyi/schools/the-evergreen-state-college/2024-25
235316,2024,very_important,very_important,very_important,very_important,very_important,very_important,,very_important,very_important,very_important,very_important,very_important,very_important,very_important,very_important,very_important,very_important,very_important,https://drive.usercontent.google.com/download?id=190xggcmt8TabAu-esMgX8_A5asG1Yf4p&export=download,https://www.collegedata.fyi/schools/gonzaga-university/2024-25
236328,2024,very_important,considered,very_important,considered,very_important,important,considered,important,important,very_important,considered,important,not_considered,not_considered,not_considered,important,important,considered,https://drive.usercontent.google.com/download?id=1OaFaCV_d54yJCHVUmPKSu6C7Rermnahs&export=download,https://www.collegedata.fyi/schools/university-of-puget-sound/2024-25
236939,2024,very_important,very_important,very_important,very_important,very_important,very_important,,very_important,very_important,very_important,very_important,very_important,very_important,very_important,very_important,very_important,very_important,very_important,https://wpcdn.web.wsu.edu/wsuwp/uploads/sites/3447/2025/09/CDS-2024-2025-For-Website.pdf,https://www.collegedata.fyi/schools/washington-state-university/2024-25
236948,2025,very_important,not_considered,very_important,not_considered,very_important,not_considered,not_considered,important,important,considered,important,not_considered,not_considered,very_important,not_considered,important,important,not_considered,https://cdn.uw.edu/wp-content/uploads/sites/162/2026/02/27111247/CDS_2025-2026_Seattle.pdf,https://www.collegedata.fyi/schools/uw/2025-26
237011,2025,very_important,considered,very_important,considered,considered,considered,not_considered,considered,considered,considered,considered,not_considered,considered,considered,not_considered,considered,considered,considered,https://bpb-us-e1.wpmucdn.com/wp.wwu.edu/dist/d/4572/files/2026/02/CDS_2025-26.pdf,https://www.collegedata.fyi/schools/western-washington-university/2025-26
237330,2024,considered,not_considered,very_important,considered,considered,not_considered,considered,considered,,considered,not_considered,not_considered,not_considered,,not_considered,,,not_considered,https://www.concord.edu/wp-content/uploads/CDS_2024-2025_ConcordUniversity.pdf,https://www.collegedata.fyi/schools/concord-university/2024-25
238032,2024,very_important,very_important,very_important,very_important,very_important,very_important,,very_important,very_important,very_important,very_important,very_important,very_important,very_important,very_important,very_important,very_important,not_considered,https://drive.usercontent.google.com/download?id=1HJqpIcCSMUMx4s6xX1AgegpamvtCkLm5&export=download,https://www.collegedata.fyi/schools/west-virginia-university/2024-25
238333,2025,very_important,considered,very_important,considered,considered,considered,considered,important,important,important,,,,,,,,,https://www.beloit.edu/live/files/1104-common-data-set-cds-2025-26,https://www.collegedata.fyi/schools/beloit-college/2025-26
239017,2024,very_important,very_important,very_important,considered,important,considered,important,important,very_important,very_important,considered,not_considered,considered,not_considered,not_considered,considered,considered,considered,https://inside.lawrence.edu/sites/default/files/2025-02/CDS%202024-25_0.pdf,https://www.collegedata.fyi/schools/lawrence-university/2024-25
239105,2024,very_important,very_important,very_important,very_important,very_important,very_important,,very_important,very_important,very_important,very_important,very_important,very_important,very_important,very_important,very_important,very_important,very_important,https://www.marquette.edu/academic-effectiveness/institutional-research-analysis/documents/cds-2024-2025_final.pdf,https://www.collegedata.fyi/schools/marquette-university/2024-25
239318,2025,important,not_considered,very_important,considered,not_considered,not_considered,not_considered,important,important,considered,not_considered,not_considered,not_considered,not_considered,not_considered,not_considered,not_considered,not_considered,https://msoe.s3.amazonaws.com/files/resources/cds-final-pdf-25-26-1.pdf,https://www.collegedata.fyi/schools/milwaukee-school-of-engineering/2025-26
240107,2025,very_important,very_important,very_important,considered,considered,considered,considered,very_important,very_important,very_important,important,considered,considered,considered,not_considered,very_important,very_important,considered,https://www.viterbo.edu/sites/default/files/2026-04/vu_fa25_cds_final_20260416-a.pdf,https://www.collegedata.fyi/schools/viterbo-university/2025-26
240268,2025,very_important,important,very_important,considered,important,not_considered,not_considered,considered,considered,considered,considered,not_considered,considered,considered,not_considered,considered,considered,important,https://www.uwec.edu/sites/default/files/2025-11/CDS2025-2026.pdf,https://www.collegedata.fyi/schools/university-of-wisconsin-eau-claire/2025-26
240374,2024,very_important,very_important,very_important,important,considered,considered,not_considered,considered,considered,considered,considered,considered,considered,not_considered,not_considered,considered,considered,not_considered,https://www.uwp.edu/wp-content/uploads/2026/07/CDS_2024-25-UW-Parkside.pdf,https://www.collegedata.fyi/schools/university-of-wisconsin-parkside/2024-25
240444,2024,very_important,considered,very_important,considered,important,important,not_considered,important,considered,important,considered,not_considered,considered,important,not_considered,considered,considered,not_considered,https://public.boxcloud.com/d/1/b1!f2hRrNXBN0QwfPEEmQZkgR_IA6018t37JExLtCcfZt0vXOJ7ngl5yeBxbYTaBEWYj-D3RcazMMLc782SvtqYj_CxO1gt3A2RLsqdBoCRN6o3IWuFsXxX-YVCxeZuoaKVefZoTk8RAL1RKVFGZAHZGL3l_mKtxAKw7RYbO4cphdhPWKDs-AfWx0WFia7ZVN9bNPwoyEHo8CZhYGoO8AnTXjjo8QdVHboM7ysxuUVPfZrRfCl1OyJt_yeCtIBuIEKQIdCh99YynLYkQK2bWj8RxbKL3wMGq6MBcAdxgM4GhYlxiSwLvrhraoLXUM3iNfJXnXkR5KWHvHgdtCP76vqv-dcuMATwHu-xeqryRJDOv3CZTDFDQT_id4FVASsdrUAj7uX8PUqbkgK7Zon98GDTgnHod1DjdTjBrEACRbJ_mHEycIJ89h-SjDFknj7-5ACzdYUpFn9jZN1zueRsqeoFvGsLF8ADaX4qZtdu_w4v1ZlQw2yJiSpi88aRX6_BKNa1tjD4Z8M1D2jtdQObHUJc2SNMl4HkxDk5ZG49_4QlL9hcP7fbxdzv_7jYlVvchirBot9Ca61v4QDiNTlGIB7_jlqKDMIjAX7rrM55eiyngWpPhH6ai1IuP7c4DGfuMgq1PI_CFhAuuof5nm2JhALVR5eR-XP-lDevfSL-LulYnsG8uG2bc-h6r-6RdUiPddjOEz7sNGQ7mBVtA2NiXCub6BZut1bwEvMHfnsLDwZC_18OaatHBcURtvaAPQiq8MTRzgSbKaoWRQjBdU9r8NZIAaORGxwUOD8M0d6dzSSpsmsOWkUHpJc_mN_k5tTcj6zF5x1WxcKrSyhfKGELMFUjIY6xAJ9ZaGQI24L7y8Ilufk3GtoLWKauJEZs2T5cMDSreVcv7OZeeTmL2lj8SXNmRE0s82Az7jFgZjgIBZHJKlSJ1DeCfCfisvEd506IWetIk_B9Q_yYYvtBk9gxnGxmVrN2_0hiq1aQhax80OtYWZzBPDGbAbRVWJ8MYpX87o2dP9mnu94jAuiBpUk5-ydwX9rD3us_mwT10AD9wUzaIfU1bTF1jYxL-Bo974_YW3vv7T_tbIpgbHTH_vFTc6RMiwBy4h4MH9BkrjbDzS36Ma9Te8OEM7f4Y28vPUyTllU3G4MbI1sUvUMstpP6FcTt6Ys-6f20DoIQwaJ4eNA0h7Enf8qaL3uF8EpTrqkf-xfMxVmK86elH9FTjJmULpoGFEbNFw2jQ3vHj8N_Oy7PA8dfXcQ9qnWMyETVdLBuEJSL8QO0hdASOnogW66LLV5Z-WS2zdtdo2xJdfwtHWyv2WTt3t0cZ0FcTg3LJJ_WOSYyL-5Kz62DTwNCgKcvH90bEXSgLU3k_pE2c0af35Z84yASBfcUE05YN7Wv4lnILicXe2ihh8TdBcAZ-kh-Q2aCqXmACLv4y3v4YyPwQHDTBhSTnr4xqF4OimtiWE9tAlCJM67W-mRukx4os67pIanD6jwxEfrL9s9C5lttC7L-IY0IpXkpsfPyeKISxI-sVMtQZWxnGo8nyfh7wxUbqONnBZ9dJT7AWY-v0GXnLfBv5aHOi3-zKhFaUiZs5xDbc5rIhThTiNc2/download,https://www.collegedata.fyi/schools/uw-madison/2024-25
243744,2025,very_important,very_important,very_important,very_important,very_important,very_important,considered,very_important,very_important,very_important,considered,considered,considered,not_considered,,considered,considered,not_considered,https://drive.usercontent.google.com/download?id=1GIPKgVj1d86dkmLkHI_mZVCk_iY6kiCp&export=download,https://www.collegedata.fyi/schools/stanford/2025-26
243780,2025,,,,,,,,very_important,,,,,,,very_important,,,,https://www.purdue.edu/idata/wp-content/uploads/2026/04/CDS-2025-2026.xlsx,https://www.collegedata.fyi/schools/purdue/2025-26
377555,2025,very_important,not_considered,very_important,not_considered,very_important,not_considered,not_considered,important,important,considered,important,not_considered,not_considered,very_important,not_considered,important,important,not_considered,https://cdn.uw.edu/wp-content/uploads/sites/162/2026/02/27111247/CDS_2025-2026_Seattle.pdf,https://www.collegedata.fyi/schools/university-of-washington-bothell-campus/2025-26
377564,2025,very_important,not_considered,very_important,not_considered,very_important,not_considered,not_considered,important,important,considered,important,not_considered,not_considered,very_important,not_considered,important,important,not_considered,https://cdn.uw.edu/wp-content/uploads/sites/162/2026/02/27111247/CDS_2025-2026_Seattle.pdf,https://www.collegedata.fyi/schools/university-of-washington-tacoma-campus/2025-26
433660,2024,considered,important,very_important,very_important,considered,not_considered,not_considered,not_considered,considered,not_considered,considered,not_considered,not_considered,not_considered,not_considered,considered,considered,not_considered,https://drive.usercontent.google.com/download?id=1adQcqwkHToXN9XmWPSjI48GFgTTrV0ag&export=download,https://www.collegedata.fyi/schools/florida-gulf-coast-university/2024-25
445188,2024,very_important,not_considered,very_important,not_considered,very_important,considered,not_considered,important,important,considered,considered,not_considered,considered,considered,not_considered,considered,considered,not_considered,https://doc-00-60-sheets.googleusercontent.com/export/54bogvaave6cua4cdnls17ksc4/9quq6sross372a6beg238pq3go/1776620045000/105250506097979753968/*/1lUTmFPQC7tXMFF6mAZn8o2UcISM1oZes?format=xlsx,https://www.collegedata.fyi/schools/university-of-california-merced/2024-25
447689,2025,very_important,very_important,very_important,very_important,very_important,very_important,very_important,very_important,very_important,very_important,very_important,very_important,very_important,very_important,very_important,very_important,very_important,very_important,https://www.ggc.edu/sites/default/files/2026-07/CDS_2025-2026_GGC%20Data.pdf,https://www.collegedata.fyi/schools/georgia-gwinnett-college/2025-26
482680,2024,not_considered,not_considered,very_important,very_important,not_considered,not_considered,not_considered,not_considered,not_considered,not_considered,not_considered,not_considered,not_considered,not_considered,not_considered,not_considered,not_considered,not_considered,https://ung.edu/institutional-effectiveness-research-administration/_uploads/files/common-data-sets/cds-2024-2025-final.xlsx,https://www.collegedata.fyi/schools/university-of-north-georgia/2024-25
486840,2024,not_considered,not_considered,very_important,very_important,not_considered,not_considered,not_considered,not_considered,not_considered,not_considered,not_considered,not_considered,not_considered,not_considered,not_considered,not_considered,not_considered,not_considered,https://campus.kennesaw.edu/offices-services/data-strategy/institutional-research/publications/common-data-set/docs/cds-2024-2025-06232025.pdf,https://www.collegedata.fyi/schools/kennesaw-state-university/2024-25
