unit_id,source_year,fact,value,status,source_variable,source_url,archive_url
100751,2025,aid_awarded_freshmen_count,3677,reported,H.204,https://oira.ua.edu/d/sites/all/files/reports26/CDS%202025-26%20FINAL%209Dec2025.pdf,https://www.collegedata.fyi/schools/the-university-of-alabama/2025-26
100751,2025,avg_need_based_grant_usd,17406,reported,H.211,https://oira.ua.edu/d/sites/all/files/reports26/CDS%202025-26%20FINAL%209Dec2025.pdf,https://www.collegedata.fyi/schools/the-university-of-alabama/2025-26
100751,2025,avg_need_met_percent,62.7,reported,H.209,https://oira.ua.edu/d/sites/all/files/reports26/CDS%202025-26%20FINAL%209Dec2025.pdf,https://www.collegedata.fyi/schools/the-university-of-alabama/2025-26
100751,2025,need_fully_met_count,994,reported,H.208,https://oira.ua.edu/d/sites/all/files/reports26/CDS%202025-26%20FINAL%209Dec2025.pdf,https://www.collegedata.fyi/schools/the-university-of-alabama/2025-26
100830,2024,aid_awarded_freshmen_count,267,reported,H.204,https://www.aum.edu/wp-content/uploads/2025/05/CDS-2024-2025.pdf,https://www.collegedata.fyi/schools/auburn-university-at-montgomery/2024-25
100830,2024,avg_need_based_grant_usd,4717,reported,H.211,https://www.aum.edu/wp-content/uploads/2025/05/CDS-2024-2025.pdf,https://www.collegedata.fyi/schools/auburn-university-at-montgomery/2024-25
100830,2024,avg_need_met_percent,56,reported,H.209,https://www.aum.edu/wp-content/uploads/2025/05/CDS-2024-2025.pdf,https://www.collegedata.fyi/schools/auburn-university-at-montgomery/2024-25
100830,2024,fafsa_required,true,reported,H.801,https://www.aum.edu/wp-content/uploads/2025/05/CDS-2024-2025.pdf,https://www.collegedata.fyi/schools/auburn-university-at-montgomery/2024-25
100830,2024,need_fully_met_count,11,reported,H.208,https://www.aum.edu/wp-content/uploads/2025/05/CDS-2024-2025.pdf,https://www.collegedata.fyi/schools/auburn-university-at-montgomery/2024-25
101879,2024,aid_awarded_freshmen_count,673,reported,H.204,https://www.una.edu/research/Institutional%20Data/2024-2025-cds-university-of-north-alabama.pdf,https://www.collegedata.fyi/schools/university-of-north-alabama/2024-25
101879,2024,avg_need_based_grant_usd,5886,reported,H.211,https://www.una.edu/research/Institutional%20Data/2024-2025-cds-university-of-north-alabama.pdf,https://www.collegedata.fyi/schools/university-of-north-alabama/2024-25
101879,2024,avg_need_met_percent,72.9,reported,H.209,https://www.una.edu/research/Institutional%20Data/2024-2025-cds-university-of-north-alabama.pdf,https://www.collegedata.fyi/schools/university-of-north-alabama/2024-25
101879,2024,need_fully_met_count,93,reported,H.208,https://www.una.edu/research/Institutional%20Data/2024-2025-cds-university-of-north-alabama.pdf,https://www.collegedata.fyi/schools/university-of-north-alabama/2024-25
102049,2024,aid_awarded_freshmen_count,499,reported,H.204,https://www.samford.edu/departments/files/Institutional_Effectiveness/2024-2025/CDS_Section_A.pdf,https://www.collegedata.fyi/schools/samford-university/2024-25
102049,2024,avg_need_based_grant_usd,22418,reported,H.211,https://www.samford.edu/departments/files/Institutional_Effectiveness/2024-2025/CDS_Section_A.pdf,https://www.collegedata.fyi/schools/samford-university/2024-25
102049,2024,avg_need_met_percent,78,reported,H.209,https://www.samford.edu/departments/files/Institutional_Effectiveness/2024-2025/CDS_Section_A.pdf,https://www.collegedata.fyi/schools/samford-university/2024-25
102049,2024,fafsa_required,true,reported,H.801,https://www.samford.edu/departments/files/Institutional_Effectiveness/2024-2025/CDS_Section_A.pdf,https://www.collegedata.fyi/schools/samford-university/2024-25
102049,2024,institutional_form_required,true,reported,H.802,https://www.samford.edu/departments/files/Institutional_Effectiveness/2024-2025/CDS_Section_A.pdf,https://www.collegedata.fyi/schools/samford-university/2024-25
102049,2024,need_fully_met_count,153,reported,H.208,https://www.samford.edu/departments/files/Institutional_Effectiveness/2024-2025/CDS_Section_A.pdf,https://www.collegedata.fyi/schools/samford-university/2024-25
102049,2024,state_aid_form_required,true,reported,H.804,https://www.samford.edu/departments/files/Institutional_Effectiveness/2024-2025/CDS_Section_A.pdf,https://www.collegedata.fyi/schools/samford-university/2024-25
102094,2024,aid_awarded_freshmen_count,1338,reported,H.204,https://www.southalabama.edu/departments/institutionalresearch/resources/usa-cds-2024-2025.pdf,https://www.collegedata.fyi/schools/university-of-south-alabama/2024-25
102094,2024,avg_need_based_grant_usd,11711,reported,H.211,https://www.southalabama.edu/departments/institutionalresearch/resources/usa-cds-2024-2025.pdf,https://www.collegedata.fyi/schools/university-of-south-alabama/2024-25
102094,2024,avg_need_met_percent,63,reported,H.209,https://www.southalabama.edu/departments/institutionalresearch/resources/usa-cds-2024-2025.pdf,https://www.collegedata.fyi/schools/university-of-south-alabama/2024-25
102094,2024,fafsa_required,true,reported,H.801,https://www.southalabama.edu/departments/institutionalresearch/resources/usa-cds-2024-2025.pdf,https://www.collegedata.fyi/schools/university-of-south-alabama/2024-25
102094,2024,need_fully_met_count,230,reported,H.208,https://www.southalabama.edu/departments/institutionalresearch/resources/usa-cds-2024-2025.pdf,https://www.collegedata.fyi/schools/university-of-south-alabama/2024-25
102368,2024,aid_awarded_freshmen_count,987,reported,H.204,https://www.troy.edu/_assets/irpe/_documents/cds-2024-2025.pdf,https://www.collegedata.fyi/schools/troy-university/2024-25
102368,2024,avg_need_based_grant_usd,6712,reported,H.211,https://www.troy.edu/_assets/irpe/_documents/cds-2024-2025.pdf,https://www.collegedata.fyi/schools/troy-university/2024-25
102368,2024,fafsa_required,true,reported,H.801,https://www.troy.edu/_assets/irpe/_documents/cds-2024-2025.pdf,https://www.collegedata.fyi/schools/troy-university/2024-25
102614,2024,aid_awarded_freshmen_count,371,reported,H.204,https://www.uaf.edu/pair/pair_reports/common-data-set/UAF_Common_data_Set_2025_2026.pdf,https://www.collegedata.fyi/schools/university-of-alaska-fairbanks/2024-25
102614,2024,avg_need_met_percent,64.9,reported,H.209,https://www.uaf.edu/pair/pair_reports/common-data-set/UAF_Common_data_Set_2025_2026.pdf,https://www.collegedata.fyi/schools/university-of-alaska-fairbanks/2024-25
102614,2024,need_fully_met_count,86,reported,H.208,https://www.uaf.edu/pair/pair_reports/common-data-set/UAF_Common_data_Set_2025_2026.pdf,https://www.collegedata.fyi/schools/university-of-alaska-fairbanks/2024-25
104151,2025,aid_awarded_freshmen_count,7712,reported,H.204,https://uoia.asu.edu/sites/g/files/litvpz1436/files/2026-04/CDS%202025-26%20-%20ASU%20Campus%20Immersion.pdf,https://www.collegedata.fyi/schools/arizona-state-university-campus-immersion/2025-26
104151,2025,avg_need_based_grant_usd,16089,reported,H.211,https://uoia.asu.edu/sites/g/files/litvpz1436/files/2026-04/CDS%202025-26%20-%20ASU%20Campus%20Immersion.pdf,https://www.collegedata.fyi/schools/arizona-state-university-campus-immersion/2025-26
104151,2025,avg_need_met_percent,62,reported,H.209,https://uoia.asu.edu/sites/g/files/litvpz1436/files/2026-04/CDS%202025-26%20-%20ASU%20Campus%20Immersion.pdf,https://www.collegedata.fyi/schools/arizona-state-university-campus-immersion/2025-26
104151,2025,fafsa_required,true,reported,H.801,https://uoia.asu.edu/sites/g/files/litvpz1436/files/2026-04/CDS%202025-26%20-%20ASU%20Campus%20Immersion.pdf,https://www.collegedata.fyi/schools/arizona-state-university-campus-immersion/2025-26
104151,2025,need_fully_met_count,1185,reported,H.208,https://uoia.asu.edu/sites/g/files/litvpz1436/files/2026-04/CDS%202025-26%20-%20ASU%20Campus%20Immersion.pdf,https://www.collegedata.fyi/schools/arizona-state-university-campus-immersion/2025-26
105330,2025,aid_awarded_freshmen_count,3043,reported,H.204,https://in.nau.edu/wp-content/uploads/sites/129/2026/04/CDS-2025-2026.pdf,https://www.collegedata.fyi/schools/northern-arizona-university/2025-26
105330,2025,avg_need_based_grant_usd,9053,reported,H.211,https://in.nau.edu/wp-content/uploads/sites/129/2026/04/CDS-2025-2026.pdf,https://www.collegedata.fyi/schools/northern-arizona-university/2025-26
105330,2025,avg_need_met_percent,64.7,reported,H.209,https://in.nau.edu/wp-content/uploads/sites/129/2026/04/CDS-2025-2026.pdf,https://www.collegedata.fyi/schools/northern-arizona-university/2025-26
105330,2025,fafsa_required,true,reported,H.801,https://in.nau.edu/wp-content/uploads/sites/129/2026/04/CDS-2025-2026.pdf,https://www.collegedata.fyi/schools/northern-arizona-university/2025-26
105330,2025,need_fully_met_count,385,reported,H.208,https://in.nau.edu/wp-content/uploads/sites/129/2026/04/CDS-2025-2026.pdf,https://www.collegedata.fyi/schools/northern-arizona-university/2025-26
107558,2025,aid_awarded_freshmen_count,170,reported,H.204,https://ozarks.edu/wp-content/uploads/CDS_2025-2026.pdf,https://www.collegedata.fyi/schools/university-of-the-ozarks/2025-26
107558,2025,avg_need_based_grant_usd,21466.62,reported,H.211,https://ozarks.edu/wp-content/uploads/CDS_2025-2026.pdf,https://www.collegedata.fyi/schools/university-of-the-ozarks/2025-26
107558,2025,avg_need_met_percent,85.71,reported,H.209,https://ozarks.edu/wp-content/uploads/CDS_2025-2026.pdf,https://www.collegedata.fyi/schools/university-of-the-ozarks/2025-26
107558,2025,need_fully_met_count,65,reported,H.208,https://ozarks.edu/wp-content/uploads/CDS_2025-2026.pdf,https://www.collegedata.fyi/schools/university-of-the-ozarks/2025-26
110361,2025,avg_need_met_percent,0,reported,H.209,https://calbaptist.edu/about/leadership/provost/educational-effectiveness/institutional-research/pdfs/CDS-PDF-2025-2026%20-%20All.pdf,https://www.collegedata.fyi/schools/california-baptist-university/2025-26
110413,2024,fafsa_required,true,reported,H.801,https://www.callutheran.edu/about/factbook/2024_2025_Common_Data_Set_Draft.pdf,https://www.collegedata.fyi/schools/california-lutheran-university/2024-25
110413,2024,institutional_form_required,true,reported,H.802,https://www.callutheran.edu/about/factbook/2024_2025_Common_Data_Set_Draft.pdf,https://www.collegedata.fyi/schools/california-lutheran-university/2024-25
110413,2024,state_aid_form_required,true,reported,H.804,https://www.callutheran.edu/about/factbook/2024_2025_Common_Data_Set_Draft.pdf,https://www.collegedata.fyi/schools/california-lutheran-university/2024-25
110486,2025,aid_awarded_freshmen_count,914,reported,H.204,https://public.boxcloud.com/d/1/b1!63Xqt7mCEoPFQDiUkMFzd8APJLMx2dhaOlzEKJAD-ulMgLuNCuhzQMtFpOX4ZIiUkc6tl7Mvz0cYcHWA53t7LOpzNROiXzcf-GqVh6WZ-c_nuDZzrV9NkB4m-jCarl448UMFblkWuytbVlYjc8ZH420qq4AatP8riDXdNu5BKJkmFAzZev4Whbb5wTCShf8mqNrzV1rYd0cOK-B5VkENnO9dz-3Wh48SMADhBBsNSCCO5J-pIuF_z3VP2RqQX19M7ZJEvxH4ztnF-ehvSFUd9lmZ7WftUzVEHN2jKhtMVsb7ApS1dF__9vBpUca-oVpMKCofDDH88fWM4Nr69InqIW5yeP-uh5E511p1-wRj0H1d0QPAfBUWyOHXSIQbzlA2yTEIjm6hdQbK-oDvO4hQuJNrjOgskUiAODmq4KI1s2LyH4-xA2TsN64B4zdDYvH_ITrdmEePREOQWgveL_lvfW3UszUOBTIqKbaX7ALL1dtWZD8w5VGFPHBYHSjcFDEJqktsCwlnERSz09IuASkVK5rQbbnskJRXq0VsA1aECHOz9majagBVoB2owDlaznN51a4AU-jpvfp5TIvB0iaeXn6jFDrND6mUSW3eOVNfk3yrPI6K5_OY5VPOVDeLLkOL131rcS_lUHto3wnVEBGDoMY1_g9JlCVIFi9xZyPnNrmHZLOKNxQLwwvXkMLfM7kFuohI8LzMDpikP7gld_dXZIHgofYd4B2eVmaKHU9G3eLiR_CJNXUKiYb-oB_gPPLklL3JXRFcbKe5MHdJeniDqM5MYOiGjvf0KerMVBEQ51WkBoFoYRFExscn70a2icCVCNsXepZHxdM1rfJvstmvjlTy9F3BBI2ERgBLqxIpwlL4maKBw4-pBSzyscFrInEYJKOZ1WChRPHUPicicD0trTQYxoexE3Fe8wJY_V5BGLYhIbwZnfzTJk0FFATDfwKfLVX0MStAe1VDYK6j134BoSWGBwPLkPYmydlpx7lc-uEjcXwuOnNV74KKjoDb8UKrvCI2I3IoJBgWJMr9ePxChdwKyRIbyCZhpIi_wqn8be0ZzFPjwhRHUIPnP66CZVj2x53cAVzeB2HtYrM7Wr88IdNfzpINMWAFpZ9XpuuVy4NL6vVJULF9epu70tGe5Lbkd4JzqfvnpRQCmPPZKdRj-vxjlPe2BLQF_2dXn_WjmN3OSNryvsVcQBARDpVT0oqn43FHugJa4ZfOuPny2ie_u4mV9bHudhCdO3O48TqtrV3ShIQ0lRr3IQ8NiLOA9zw_malwx1O_gnw78VVXlm7esi82BlmpQN_t6t-XNjNbDhJpQPOGByw0qUcYAMGTt9bZxb1aBTzinICnfqC7A9ViFVGLZKwEnxTQWfoyR2HFvGe8SGPciMA7O_H14EB63BeYJ2rB0xsVKKVZOsfuatEJ48Ht2qa8xPjUFU50DoG_uoUuU1yQW-9qm_XwX4XkFGEFNFxxTBkZNiThPnKHyCahwrKH0Ncl76eQtL4zCCqSwsUjCRWhnOKlnmlW7AvqES07dTPHvThzIp6XzD9zOFAEImUa6f_W4QwZ3KAXkAopr8GCVY2DocsD0pf4TlkXr56N/download,https://www.collegedata.fyi/schools/california-state-university-bakersfield/2025-26
110486,2025,avg_need_based_grant_usd,13595,reported,H.211,https://public.boxcloud.com/d/1/b1!63Xqt7mCEoPFQDiUkMFzd8APJLMx2dhaOlzEKJAD-ulMgLuNCuhzQMtFpOX4ZIiUkc6tl7Mvz0cYcHWA53t7LOpzNROiXzcf-GqVh6WZ-c_nuDZzrV9NkB4m-jCarl448UMFblkWuytbVlYjc8ZH420qq4AatP8riDXdNu5BKJkmFAzZev4Whbb5wTCShf8mqNrzV1rYd0cOK-B5VkENnO9dz-3Wh48SMADhBBsNSCCO5J-pIuF_z3VP2RqQX19M7ZJEvxH4ztnF-ehvSFUd9lmZ7WftUzVEHN2jKhtMVsb7ApS1dF__9vBpUca-oVpMKCofDDH88fWM4Nr69InqIW5yeP-uh5E511p1-wRj0H1d0QPAfBUWyOHXSIQbzlA2yTEIjm6hdQbK-oDvO4hQuJNrjOgskUiAODmq4KI1s2LyH4-xA2TsN64B4zdDYvH_ITrdmEePREOQWgveL_lvfW3UszUOBTIqKbaX7ALL1dtWZD8w5VGFPHBYHSjcFDEJqktsCwlnERSz09IuASkVK5rQbbnskJRXq0VsA1aECHOz9majagBVoB2owDlaznN51a4AU-jpvfp5TIvB0iaeXn6jFDrND6mUSW3eOVNfk3yrPI6K5_OY5VPOVDeLLkOL131rcS_lUHto3wnVEBGDoMY1_g9JlCVIFi9xZyPnNrmHZLOKNxQLwwvXkMLfM7kFuohI8LzMDpikP7gld_dXZIHgofYd4B2eVmaKHU9G3eLiR_CJNXUKiYb-oB_gPPLklL3JXRFcbKe5MHdJeniDqM5MYOiGjvf0KerMVBEQ51WkBoFoYRFExscn70a2icCVCNsXepZHxdM1rfJvstmvjlTy9F3BBI2ERgBLqxIpwlL4maKBw4-pBSzyscFrInEYJKOZ1WChRPHUPicicD0trTQYxoexE3Fe8wJY_V5BGLYhIbwZnfzTJk0FFATDfwKfLVX0MStAe1VDYK6j134BoSWGBwPLkPYmydlpx7lc-uEjcXwuOnNV74KKjoDb8UKrvCI2I3IoJBgWJMr9ePxChdwKyRIbyCZhpIi_wqn8be0ZzFPjwhRHUIPnP66CZVj2x53cAVzeB2HtYrM7Wr88IdNfzpINMWAFpZ9XpuuVy4NL6vVJULF9epu70tGe5Lbkd4JzqfvnpRQCmPPZKdRj-vxjlPe2BLQF_2dXn_WjmN3OSNryvsVcQBARDpVT0oqn43FHugJa4ZfOuPny2ie_u4mV9bHudhCdO3O48TqtrV3ShIQ0lRr3IQ8NiLOA9zw_malwx1O_gnw78VVXlm7esi82BlmpQN_t6t-XNjNbDhJpQPOGByw0qUcYAMGTt9bZxb1aBTzinICnfqC7A9ViFVGLZKwEnxTQWfoyR2HFvGe8SGPciMA7O_H14EB63BeYJ2rB0xsVKKVZOsfuatEJ48Ht2qa8xPjUFU50DoG_uoUuU1yQW-9qm_XwX4XkFGEFNFxxTBkZNiThPnKHyCahwrKH0Ncl76eQtL4zCCqSwsUjCRWhnOKlnmlW7AvqES07dTPHvThzIp6XzD9zOFAEImUa6f_W4QwZ3KAXkAopr8GCVY2DocsD0pf4TlkXr56N/download,https://www.collegedata.fyi/schools/california-state-university-bakersfield/2025-26
110486,2025,avg_need_met_percent,67,reported,H.209,https://public.boxcloud.com/d/1/b1!63Xqt7mCEoPFQDiUkMFzd8APJLMx2dhaOlzEKJAD-ulMgLuNCuhzQMtFpOX4ZIiUkc6tl7Mvz0cYcHWA53t7LOpzNROiXzcf-GqVh6WZ-c_nuDZzrV9NkB4m-jCarl448UMFblkWuytbVlYjc8ZH420qq4AatP8riDXdNu5BKJkmFAzZev4Whbb5wTCShf8mqNrzV1rYd0cOK-B5VkENnO9dz-3Wh48SMADhBBsNSCCO5J-pIuF_z3VP2RqQX19M7ZJEvxH4ztnF-ehvSFUd9lmZ7WftUzVEHN2jKhtMVsb7ApS1dF__9vBpUca-oVpMKCofDDH88fWM4Nr69InqIW5yeP-uh5E511p1-wRj0H1d0QPAfBUWyOHXSIQbzlA2yTEIjm6hdQbK-oDvO4hQuJNrjOgskUiAODmq4KI1s2LyH4-xA2TsN64B4zdDYvH_ITrdmEePREOQWgveL_lvfW3UszUOBTIqKbaX7ALL1dtWZD8w5VGFPHBYHSjcFDEJqktsCwlnERSz09IuASkVK5rQbbnskJRXq0VsA1aECHOz9majagBVoB2owDlaznN51a4AU-jpvfp5TIvB0iaeXn6jFDrND6mUSW3eOVNfk3yrPI6K5_OY5VPOVDeLLkOL131rcS_lUHto3wnVEBGDoMY1_g9JlCVIFi9xZyPnNrmHZLOKNxQLwwvXkMLfM7kFuohI8LzMDpikP7gld_dXZIHgofYd4B2eVmaKHU9G3eLiR_CJNXUKiYb-oB_gPPLklL3JXRFcbKe5MHdJeniDqM5MYOiGjvf0KerMVBEQ51WkBoFoYRFExscn70a2icCVCNsXepZHxdM1rfJvstmvjlTy9F3BBI2ERgBLqxIpwlL4maKBw4-pBSzyscFrInEYJKOZ1WChRPHUPicicD0trTQYxoexE3Fe8wJY_V5BGLYhIbwZnfzTJk0FFATDfwKfLVX0MStAe1VDYK6j134BoSWGBwPLkPYmydlpx7lc-uEjcXwuOnNV74KKjoDb8UKrvCI2I3IoJBgWJMr9ePxChdwKyRIbyCZhpIi_wqn8be0ZzFPjwhRHUIPnP66CZVj2x53cAVzeB2HtYrM7Wr88IdNfzpINMWAFpZ9XpuuVy4NL6vVJULF9epu70tGe5Lbkd4JzqfvnpRQCmPPZKdRj-vxjlPe2BLQF_2dXn_WjmN3OSNryvsVcQBARDpVT0oqn43FHugJa4ZfOuPny2ie_u4mV9bHudhCdO3O48TqtrV3ShIQ0lRr3IQ8NiLOA9zw_malwx1O_gnw78VVXlm7esi82BlmpQN_t6t-XNjNbDhJpQPOGByw0qUcYAMGTt9bZxb1aBTzinICnfqC7A9ViFVGLZKwEnxTQWfoyR2HFvGe8SGPciMA7O_H14EB63BeYJ2rB0xsVKKVZOsfuatEJ48Ht2qa8xPjUFU50DoG_uoUuU1yQW-9qm_XwX4XkFGEFNFxxTBkZNiThPnKHyCahwrKH0Ncl76eQtL4zCCqSwsUjCRWhnOKlnmlW7AvqES07dTPHvThzIp6XzD9zOFAEImUa6f_W4QwZ3KAXkAopr8GCVY2DocsD0pf4TlkXr56N/download,https://www.collegedata.fyi/schools/california-state-university-bakersfield/2025-26
110486,2025,fafsa_required,true,reported,H.801,https://public.boxcloud.com/d/1/b1!63Xqt7mCEoPFQDiUkMFzd8APJLMx2dhaOlzEKJAD-ulMgLuNCuhzQMtFpOX4ZIiUkc6tl7Mvz0cYcHWA53t7LOpzNROiXzcf-GqVh6WZ-c_nuDZzrV9NkB4m-jCarl448UMFblkWuytbVlYjc8ZH420qq4AatP8riDXdNu5BKJkmFAzZev4Whbb5wTCShf8mqNrzV1rYd0cOK-B5VkENnO9dz-3Wh48SMADhBBsNSCCO5J-pIuF_z3VP2RqQX19M7ZJEvxH4ztnF-ehvSFUd9lmZ7WftUzVEHN2jKhtMVsb7ApS1dF__9vBpUca-oVpMKCofDDH88fWM4Nr69InqIW5yeP-uh5E511p1-wRj0H1d0QPAfBUWyOHXSIQbzlA2yTEIjm6hdQbK-oDvO4hQuJNrjOgskUiAODmq4KI1s2LyH4-xA2TsN64B4zdDYvH_ITrdmEePREOQWgveL_lvfW3UszUOBTIqKbaX7ALL1dtWZD8w5VGFPHBYHSjcFDEJqktsCwlnERSz09IuASkVK5rQbbnskJRXq0VsA1aECHOz9majagBVoB2owDlaznN51a4AU-jpvfp5TIvB0iaeXn6jFDrND6mUSW3eOVNfk3yrPI6K5_OY5VPOVDeLLkOL131rcS_lUHto3wnVEBGDoMY1_g9JlCVIFi9xZyPnNrmHZLOKNxQLwwvXkMLfM7kFuohI8LzMDpikP7gld_dXZIHgofYd4B2eVmaKHU9G3eLiR_CJNXUKiYb-oB_gPPLklL3JXRFcbKe5MHdJeniDqM5MYOiGjvf0KerMVBEQ51WkBoFoYRFExscn70a2icCVCNsXepZHxdM1rfJvstmvjlTy9F3BBI2ERgBLqxIpwlL4maKBw4-pBSzyscFrInEYJKOZ1WChRPHUPicicD0trTQYxoexE3Fe8wJY_V5BGLYhIbwZnfzTJk0FFATDfwKfLVX0MStAe1VDYK6j134BoSWGBwPLkPYmydlpx7lc-uEjcXwuOnNV74KKjoDb8UKrvCI2I3IoJBgWJMr9ePxChdwKyRIbyCZhpIi_wqn8be0ZzFPjwhRHUIPnP66CZVj2x53cAVzeB2HtYrM7Wr88IdNfzpINMWAFpZ9XpuuVy4NL6vVJULF9epu70tGe5Lbkd4JzqfvnpRQCmPPZKdRj-vxjlPe2BLQF_2dXn_WjmN3OSNryvsVcQBARDpVT0oqn43FHugJa4ZfOuPny2ie_u4mV9bHudhCdO3O48TqtrV3ShIQ0lRr3IQ8NiLOA9zw_malwx1O_gnw78VVXlm7esi82BlmpQN_t6t-XNjNbDhJpQPOGByw0qUcYAMGTt9bZxb1aBTzinICnfqC7A9ViFVGLZKwEnxTQWfoyR2HFvGe8SGPciMA7O_H14EB63BeYJ2rB0xsVKKVZOsfuatEJ48Ht2qa8xPjUFU50DoG_uoUuU1yQW-9qm_XwX4XkFGEFNFxxTBkZNiThPnKHyCahwrKH0Ncl76eQtL4zCCqSwsUjCRWhnOKlnmlW7AvqES07dTPHvThzIp6XzD9zOFAEImUa6f_W4QwZ3KAXkAopr8GCVY2DocsD0pf4TlkXr56N/download,https://www.collegedata.fyi/schools/california-state-university-bakersfield/2025-26
110486,2025,need_fully_met_count,25,reported,H.208,https://public.boxcloud.com/d/1/b1!63Xqt7mCEoPFQDiUkMFzd8APJLMx2dhaOlzEKJAD-ulMgLuNCuhzQMtFpOX4ZIiUkc6tl7Mvz0cYcHWA53t7LOpzNROiXzcf-GqVh6WZ-c_nuDZzrV9NkB4m-jCarl448UMFblkWuytbVlYjc8ZH420qq4AatP8riDXdNu5BKJkmFAzZev4Whbb5wTCShf8mqNrzV1rYd0cOK-B5VkENnO9dz-3Wh48SMADhBBsNSCCO5J-pIuF_z3VP2RqQX19M7ZJEvxH4ztnF-ehvSFUd9lmZ7WftUzVEHN2jKhtMVsb7ApS1dF__9vBpUca-oVpMKCofDDH88fWM4Nr69InqIW5yeP-uh5E511p1-wRj0H1d0QPAfBUWyOHXSIQbzlA2yTEIjm6hdQbK-oDvO4hQuJNrjOgskUiAODmq4KI1s2LyH4-xA2TsN64B4zdDYvH_ITrdmEePREOQWgveL_lvfW3UszUOBTIqKbaX7ALL1dtWZD8w5VGFPHBYHSjcFDEJqktsCwlnERSz09IuASkVK5rQbbnskJRXq0VsA1aECHOz9majagBVoB2owDlaznN51a4AU-jpvfp5TIvB0iaeXn6jFDrND6mUSW3eOVNfk3yrPI6K5_OY5VPOVDeLLkOL131rcS_lUHto3wnVEBGDoMY1_g9JlCVIFi9xZyPnNrmHZLOKNxQLwwvXkMLfM7kFuohI8LzMDpikP7gld_dXZIHgofYd4B2eVmaKHU9G3eLiR_CJNXUKiYb-oB_gPPLklL3JXRFcbKe5MHdJeniDqM5MYOiGjvf0KerMVBEQ51WkBoFoYRFExscn70a2icCVCNsXepZHxdM1rfJvstmvjlTy9F3BBI2ERgBLqxIpwlL4maKBw4-pBSzyscFrInEYJKOZ1WChRPHUPicicD0trTQYxoexE3Fe8wJY_V5BGLYhIbwZnfzTJk0FFATDfwKfLVX0MStAe1VDYK6j134BoSWGBwPLkPYmydlpx7lc-uEjcXwuOnNV74KKjoDb8UKrvCI2I3IoJBgWJMr9ePxChdwKyRIbyCZhpIi_wqn8be0ZzFPjwhRHUIPnP66CZVj2x53cAVzeB2HtYrM7Wr88IdNfzpINMWAFpZ9XpuuVy4NL6vVJULF9epu70tGe5Lbkd4JzqfvnpRQCmPPZKdRj-vxjlPe2BLQF_2dXn_WjmN3OSNryvsVcQBARDpVT0oqn43FHugJa4ZfOuPny2ie_u4mV9bHudhCdO3O48TqtrV3ShIQ0lRr3IQ8NiLOA9zw_malwx1O_gnw78VVXlm7esi82BlmpQN_t6t-XNjNbDhJpQPOGByw0qUcYAMGTt9bZxb1aBTzinICnfqC7A9ViFVGLZKwEnxTQWfoyR2HFvGe8SGPciMA7O_H14EB63BeYJ2rB0xsVKKVZOsfuatEJ48Ht2qa8xPjUFU50DoG_uoUuU1yQW-9qm_XwX4XkFGEFNFxxTBkZNiThPnKHyCahwrKH0Ncl76eQtL4zCCqSwsUjCRWhnOKlnmlW7AvqES07dTPHvThzIp6XzD9zOFAEImUa6f_W4QwZ3KAXkAopr8GCVY2DocsD0pf4TlkXr56N/download,https://www.collegedata.fyi/schools/california-state-university-bakersfield/2025-26
110486,2025,other_institutional_form_required,true,reported,H.807,https://public.boxcloud.com/d/1/b1!63Xqt7mCEoPFQDiUkMFzd8APJLMx2dhaOlzEKJAD-ulMgLuNCuhzQMtFpOX4ZIiUkc6tl7Mvz0cYcHWA53t7LOpzNROiXzcf-GqVh6WZ-c_nuDZzrV9NkB4m-jCarl448UMFblkWuytbVlYjc8ZH420qq4AatP8riDXdNu5BKJkmFAzZev4Whbb5wTCShf8mqNrzV1rYd0cOK-B5VkENnO9dz-3Wh48SMADhBBsNSCCO5J-pIuF_z3VP2RqQX19M7ZJEvxH4ztnF-ehvSFUd9lmZ7WftUzVEHN2jKhtMVsb7ApS1dF__9vBpUca-oVpMKCofDDH88fWM4Nr69InqIW5yeP-uh5E511p1-wRj0H1d0QPAfBUWyOHXSIQbzlA2yTEIjm6hdQbK-oDvO4hQuJNrjOgskUiAODmq4KI1s2LyH4-xA2TsN64B4zdDYvH_ITrdmEePREOQWgveL_lvfW3UszUOBTIqKbaX7ALL1dtWZD8w5VGFPHBYHSjcFDEJqktsCwlnERSz09IuASkVK5rQbbnskJRXq0VsA1aECHOz9majagBVoB2owDlaznN51a4AU-jpvfp5TIvB0iaeXn6jFDrND6mUSW3eOVNfk3yrPI6K5_OY5VPOVDeLLkOL131rcS_lUHto3wnVEBGDoMY1_g9JlCVIFi9xZyPnNrmHZLOKNxQLwwvXkMLfM7kFuohI8LzMDpikP7gld_dXZIHgofYd4B2eVmaKHU9G3eLiR_CJNXUKiYb-oB_gPPLklL3JXRFcbKe5MHdJeniDqM5MYOiGjvf0KerMVBEQ51WkBoFoYRFExscn70a2icCVCNsXepZHxdM1rfJvstmvjlTy9F3BBI2ERgBLqxIpwlL4maKBw4-pBSzyscFrInEYJKOZ1WChRPHUPicicD0trTQYxoexE3Fe8wJY_V5BGLYhIbwZnfzTJk0FFATDfwKfLVX0MStAe1VDYK6j134BoSWGBwPLkPYmydlpx7lc-uEjcXwuOnNV74KKjoDb8UKrvCI2I3IoJBgWJMr9ePxChdwKyRIbyCZhpIi_wqn8be0ZzFPjwhRHUIPnP66CZVj2x53cAVzeB2HtYrM7Wr88IdNfzpINMWAFpZ9XpuuVy4NL6vVJULF9epu70tGe5Lbkd4JzqfvnpRQCmPPZKdRj-vxjlPe2BLQF_2dXn_WjmN3OSNryvsVcQBARDpVT0oqn43FHugJa4ZfOuPny2ie_u4mV9bHudhCdO3O48TqtrV3ShIQ0lRr3IQ8NiLOA9zw_malwx1O_gnw78VVXlm7esi82BlmpQN_t6t-XNjNbDhJpQPOGByw0qUcYAMGTt9bZxb1aBTzinICnfqC7A9ViFVGLZKwEnxTQWfoyR2HFvGe8SGPciMA7O_H14EB63BeYJ2rB0xsVKKVZOsfuatEJ48Ht2qa8xPjUFU50DoG_uoUuU1yQW-9qm_XwX4XkFGEFNFxxTBkZNiThPnKHyCahwrKH0Ncl76eQtL4zCCqSwsUjCRWhnOKlnmlW7AvqES07dTPHvThzIp6XzD9zOFAEImUa6f_W4QwZ3KAXkAopr8GCVY2DocsD0pf4TlkXr56N/download,https://www.collegedata.fyi/schools/california-state-university-bakersfield/2025-26
110510,2024,aid_awarded_freshmen_count,1803,reported,H.204,https://www.csusb.edu/sites/default/files/upload/file/2024/CDS_2024-2025.pdf,https://www.collegedata.fyi/schools/california-state-university-san-bernardino/2024-25
110510,2024,avg_need_based_grant_usd,12197,reported,H.211,https://www.csusb.edu/sites/default/files/upload/file/2024/CDS_2024-2025.pdf,https://www.collegedata.fyi/schools/california-state-university-san-bernardino/2024-25
110510,2024,avg_need_met_percent,59.7,reported,H.209,https://www.csusb.edu/sites/default/files/upload/file/2024/CDS_2024-2025.pdf,https://www.collegedata.fyi/schools/california-state-university-san-bernardino/2024-25
110510,2024,fafsa_required,true,reported,H.801,https://www.csusb.edu/sites/default/files/upload/file/2024/CDS_2024-2025.pdf,https://www.collegedata.fyi/schools/california-state-university-san-bernardino/2024-25
110510,2024,need_fully_met_count,1803,reported,H.208,https://www.csusb.edu/sites/default/files/upload/file/2024/CDS_2024-2025.pdf,https://www.collegedata.fyi/schools/california-state-university-san-bernardino/2024-25
110510,2024,other_institutional_form_required,true,reported,H.807,https://www.csusb.edu/sites/default/files/upload/file/2024/CDS_2024-2025.pdf,https://www.collegedata.fyi/schools/california-state-university-san-bernardino/2024-25
110529,2024,aid_awarded_freshmen_count,3064,reported,H.204,https://drive.usercontent.google.com/download?id=1lwH_X-KfROFlSNBf0fxZoTtnJuMd5F7H&export=download,https://www.collegedata.fyi/schools/california-state-polytechnic-university-pomona/2024-25
110529,2024,avg_need_based_grant_usd,12924,reported,H.211,https://drive.usercontent.google.com/download?id=1lwH_X-KfROFlSNBf0fxZoTtnJuMd5F7H&export=download,https://www.collegedata.fyi/schools/california-state-polytechnic-university-pomona/2024-25
110529,2024,avg_need_met_percent,71.3,reported,H.209,https://drive.usercontent.google.com/download?id=1lwH_X-KfROFlSNBf0fxZoTtnJuMd5F7H&export=download,https://www.collegedata.fyi/schools/california-state-polytechnic-university-pomona/2024-25
110529,2024,fafsa_required,true,reported,H.801,https://drive.usercontent.google.com/download?id=1lwH_X-KfROFlSNBf0fxZoTtnJuMd5F7H&export=download,https://www.collegedata.fyi/schools/california-state-polytechnic-university-pomona/2024-25
110529,2024,need_fully_met_count,12,reported,H.208,https://drive.usercontent.google.com/download?id=1lwH_X-KfROFlSNBf0fxZoTtnJuMd5F7H&export=download,https://www.collegedata.fyi/schools/california-state-polytechnic-university-pomona/2024-25
110538,2025,aid_awarded_freshmen_count,1269,reported,H.204,https://www.csuchico.edu/ir/_assets/documents/cds-2026.pdf,https://www.collegedata.fyi/schools/california-state-university-chico/2025-26
110538,2025,avg_need_based_grant_usd,14474,reported,H.211,https://www.csuchico.edu/ir/_assets/documents/cds-2026.pdf,https://www.collegedata.fyi/schools/california-state-university-chico/2025-26
110538,2025,avg_need_met_percent,61,reported,H.209,https://www.csuchico.edu/ir/_assets/documents/cds-2026.pdf,https://www.collegedata.fyi/schools/california-state-university-chico/2025-26
110538,2025,need_fully_met_count,320,reported,H.208,https://www.csuchico.edu/ir/_assets/documents/cds-2026.pdf,https://www.collegedata.fyi/schools/california-state-university-chico/2025-26
110592,2024,aid_awarded_freshmen_count,2532,reported,H.204,https://drive.usercontent.google.com/download?id=19xk9izL3dPFoI27yihvy13fym5RmCxns&export=download,https://www.collegedata.fyi/schools/california-state-university-los-angeles/2024-25
110592,2024,avg_need_based_grant_usd,13909,reported,H.211,https://drive.usercontent.google.com/download?id=19xk9izL3dPFoI27yihvy13fym5RmCxns&export=download,https://www.collegedata.fyi/schools/california-state-university-los-angeles/2024-25
110592,2024,avg_need_met_percent,53,reported,H.209,https://drive.usercontent.google.com/download?id=19xk9izL3dPFoI27yihvy13fym5RmCxns&export=download,https://www.collegedata.fyi/schools/california-state-university-los-angeles/2024-25
110592,2024,fafsa_required,true,reported,H.801,https://drive.usercontent.google.com/download?id=19xk9izL3dPFoI27yihvy13fym5RmCxns&export=download,https://www.collegedata.fyi/schools/california-state-university-los-angeles/2024-25
110592,2024,need_fully_met_count,64,reported,H.208,https://drive.usercontent.google.com/download?id=19xk9izL3dPFoI27yihvy13fym5RmCxns&export=download,https://www.collegedata.fyi/schools/california-state-university-los-angeles/2024-25
110608,2024,aid_awarded_freshmen_count,4734,reported,H.204,https://live-csu-northridge.pantheonsite.io/sites/default/files/2026-04/CDS%202025%20v2.pdf,https://www.collegedata.fyi/schools/california-state-university-northridge/2024-25
110608,2024,avg_need_based_grant_usd,12854,reported,H.211,https://live-csu-northridge.pantheonsite.io/sites/default/files/2026-04/CDS%202025%20v2.pdf,https://www.collegedata.fyi/schools/california-state-university-northridge/2024-25
110635,2024,aid_awarded_freshmen_count,2724,reported,H.204,https://doc-10-7s-sheets.googleusercontent.com/export/54bogvaave6cua4cdnls17ksc4/geo5a1j64pf991e4qa1bker1ik/1778077500000/108561847862806983489/*/11BnFbit7JcrmFMi9iV_TMkzhUyCQ_dQHS0V8weuOHPM?format=xlsx,https://www.collegedata.fyi/schools/uc-berkeley/2024-25
110635,2024,avg_need_based_grant_usd,37119,reported,H.211,https://doc-10-7s-sheets.googleusercontent.com/export/54bogvaave6cua4cdnls17ksc4/geo5a1j64pf991e4qa1bker1ik/1778077500000/108561847862806983489/*/11BnFbit7JcrmFMi9iV_TMkzhUyCQ_dQHS0V8weuOHPM?format=xlsx,https://www.collegedata.fyi/schools/uc-berkeley/2024-25
110635,2024,avg_need_met_percent,,not_collected_by_us,H.209,https://doc-10-7s-sheets.googleusercontent.com/export/54bogvaave6cua4cdnls17ksc4/geo5a1j64pf991e4qa1bker1ik/1778077500000/108561847862806983489/*/11BnFbit7JcrmFMi9iV_TMkzhUyCQ_dQHS0V8weuOHPM?format=xlsx,https://www.collegedata.fyi/schools/uc-berkeley/2024-25
110635,2024,fafsa_required,,not_collected_by_us,H.801,https://doc-10-7s-sheets.googleusercontent.com/export/54bogvaave6cua4cdnls17ksc4/geo5a1j64pf991e4qa1bker1ik/1778077500000/108561847862806983489/*/11BnFbit7JcrmFMi9iV_TMkzhUyCQ_dQHS0V8weuOHPM?format=xlsx,https://www.collegedata.fyi/schools/uc-berkeley/2024-25
110635,2024,institutional_form_required,true,reported,H.802,https://doc-10-7s-sheets.googleusercontent.com/export/54bogvaave6cua4cdnls17ksc4/geo5a1j64pf991e4qa1bker1ik/1778077500000/108561847862806983489/*/11BnFbit7JcrmFMi9iV_TMkzhUyCQ_dQHS0V8weuOHPM?format=xlsx,https://www.collegedata.fyi/schools/uc-berkeley/2024-25
110635,2024,need_fully_met_count,157,reported,H.208,https://doc-10-7s-sheets.googleusercontent.com/export/54bogvaave6cua4cdnls17ksc4/geo5a1j64pf991e4qa1bker1ik/1778077500000/108561847862806983489/*/11BnFbit7JcrmFMi9iV_TMkzhUyCQ_dQHS0V8weuOHPM?format=xlsx,https://www.collegedata.fyi/schools/uc-berkeley/2024-25
110635,2024,noncustodial_css_profile_required,true,reported,H.805,https://doc-10-7s-sheets.googleusercontent.com/export/54bogvaave6cua4cdnls17ksc4/geo5a1j64pf991e4qa1bker1ik/1778077500000/108561847862806983489/*/11BnFbit7JcrmFMi9iV_TMkzhUyCQ_dQHS0V8weuOHPM?format=xlsx,https://www.collegedata.fyi/schools/uc-berkeley/2024-25
110635,2024,other_institutional_form_required,,not_collected_by_us,H.807,https://doc-10-7s-sheets.googleusercontent.com/export/54bogvaave6cua4cdnls17ksc4/geo5a1j64pf991e4qa1bker1ik/1778077500000/108561847862806983489/*/11BnFbit7JcrmFMi9iV_TMkzhUyCQ_dQHS0V8weuOHPM?format=xlsx,https://www.collegedata.fyi/schools/uc-berkeley/2024-25
110644,2024,aid_awarded_freshmen_count,3549,reported,H.204,https://drive.usercontent.google.com/download?id=1xd_2g4L1SqR_csHIwhIpBMTyhY_2E71l&export=download,https://www.collegedata.fyi/schools/uc-davis/2024-25
110644,2024,avg_need_based_grant_usd,29932,reported,H.211,https://drive.usercontent.google.com/download?id=1xd_2g4L1SqR_csHIwhIpBMTyhY_2E71l&export=download,https://www.collegedata.fyi/schools/uc-davis/2024-25
110644,2024,avg_need_met_percent,84.2,reported,H.209,https://drive.usercontent.google.com/download?id=1xd_2g4L1SqR_csHIwhIpBMTyhY_2E71l&export=download,https://www.collegedata.fyi/schools/uc-davis/2024-25
110644,2024,fafsa_required,true,reported,H.801,https://drive.usercontent.google.com/download?id=1xd_2g4L1SqR_csHIwhIpBMTyhY_2E71l&export=download,https://www.collegedata.fyi/schools/uc-davis/2024-25
110644,2024,need_fully_met_count,724,reported,H.208,https://drive.usercontent.google.com/download?id=1xd_2g4L1SqR_csHIwhIpBMTyhY_2E71l&export=download,https://www.collegedata.fyi/schools/uc-davis/2024-25
110644,2024,state_aid_form_required,true,reported,H.804,https://drive.usercontent.google.com/download?id=1xd_2g4L1SqR_csHIwhIpBMTyhY_2E71l&export=download,https://www.collegedata.fyi/schools/uc-davis/2024-25
110653,2024,aid_awarded_freshmen_count,3229,reported,H.204,https://drive.usercontent.google.com/download?id=1E6CPsg5A5FC83Kl5AzRfhXifxSd5O2j9&export=download,https://www.collegedata.fyi/schools/uc-irvine/2024-25
110653,2024,avg_need_based_grant_usd,25236,reported,H.211,https://drive.usercontent.google.com/download?id=1E6CPsg5A5FC83Kl5AzRfhXifxSd5O2j9&export=download,https://www.collegedata.fyi/schools/uc-irvine/2024-25
110653,2024,avg_need_met_percent,85.5,reported,H.209,https://drive.usercontent.google.com/download?id=1E6CPsg5A5FC83Kl5AzRfhXifxSd5O2j9&export=download,https://www.collegedata.fyi/schools/uc-irvine/2024-25
110653,2024,fafsa_required,true,reported,H.801,https://drive.usercontent.google.com/download?id=1E6CPsg5A5FC83Kl5AzRfhXifxSd5O2j9&export=download,https://www.collegedata.fyi/schools/uc-irvine/2024-25
110653,2024,need_fully_met_count,826,reported,H.208,https://drive.usercontent.google.com/download?id=1E6CPsg5A5FC83Kl5AzRfhXifxSd5O2j9&export=download,https://www.collegedata.fyi/schools/uc-irvine/2024-25
110653,2024,state_aid_form_required,true,reported,H.804,https://drive.usercontent.google.com/download?id=1E6CPsg5A5FC83Kl5AzRfhXifxSd5O2j9&export=download,https://www.collegedata.fyi/schools/uc-irvine/2024-25
110671,2025,aid_awarded_freshmen_count,4584,reported,H.204,https://ir.ucr.edu/sites/default/files/2026-05/cds-2025-2026.pdf,https://www.collegedata.fyi/schools/university-of-california-riverside/2025-26
110671,2025,avg_need_based_grant_usd,28704,reported,H.211,https://ir.ucr.edu/sites/default/files/2026-05/cds-2025-2026.pdf,https://www.collegedata.fyi/schools/university-of-california-riverside/2025-26
110671,2025,avg_need_met_percent,86.6,reported,H.209,https://ir.ucr.edu/sites/default/files/2026-05/cds-2025-2026.pdf,https://www.collegedata.fyi/schools/university-of-california-riverside/2025-26
110671,2025,fafsa_required,true,reported,H.801,https://ir.ucr.edu/sites/default/files/2026-05/cds-2025-2026.pdf,https://www.collegedata.fyi/schools/university-of-california-riverside/2025-26
110671,2025,need_fully_met_count,674,reported,H.208,https://ir.ucr.edu/sites/default/files/2026-05/cds-2025-2026.pdf,https://www.collegedata.fyi/schools/university-of-california-riverside/2025-26
110671,2025,state_aid_form_required,true,reported,H.804,https://ir.ucr.edu/sites/default/files/2026-05/cds-2025-2026.pdf,https://www.collegedata.fyi/schools/university-of-california-riverside/2025-26
110680,2025,aid_awarded_freshmen_count,3616,reported,H.204,https://ir.ucsd.edu/stats/undergrad/CDS-2025-2026-Final2.pdf,https://www.collegedata.fyi/schools/uc-san-diego/2025-26
110680,2025,avg_need_based_grant_usd,28634,reported,H.211,https://ir.ucsd.edu/stats/undergrad/CDS-2025-2026-Final2.pdf,https://www.collegedata.fyi/schools/uc-san-diego/2025-26
110680,2025,avg_need_met_percent,83.5,reported,H.209,https://ir.ucsd.edu/stats/undergrad/CDS-2025-2026-Final2.pdf,https://www.collegedata.fyi/schools/uc-san-diego/2025-26
110680,2025,fafsa_required,true,reported,H.801,https://ir.ucsd.edu/stats/undergrad/CDS-2025-2026-Final2.pdf,https://www.collegedata.fyi/schools/uc-san-diego/2025-26
110680,2025,need_fully_met_count,642,reported,H.208,https://ir.ucsd.edu/stats/undergrad/CDS-2025-2026-Final2.pdf,https://www.collegedata.fyi/schools/uc-san-diego/2025-26
110705,2025,aid_awarded_freshmen_count,2282,reported,H.204,https://drive.usercontent.google.com/download?id=1FIkvY5dANho45ioG7-JHgO3IPH6-ui1W&export=download,https://www.collegedata.fyi/schools/uc-santa-barbara/2025-26
110705,2025,avg_need_based_grant_usd,32900,reported,H.211,https://drive.usercontent.google.com/download?id=1FIkvY5dANho45ioG7-JHgO3IPH6-ui1W&export=download,https://www.collegedata.fyi/schools/uc-santa-barbara/2025-26
110705,2025,avg_need_met_percent,82.4,reported,H.209,https://drive.usercontent.google.com/download?id=1FIkvY5dANho45ioG7-JHgO3IPH6-ui1W&export=download,https://www.collegedata.fyi/schools/uc-santa-barbara/2025-26
110705,2025,fafsa_required,true,reported,H.801,https://drive.usercontent.google.com/download?id=1FIkvY5dANho45ioG7-JHgO3IPH6-ui1W&export=download,https://www.collegedata.fyi/schools/uc-santa-barbara/2025-26
110705,2025,need_fully_met_count,422,reported,H.208,https://drive.usercontent.google.com/download?id=1FIkvY5dANho45ioG7-JHgO3IPH6-ui1W&export=download,https://www.collegedata.fyi/schools/uc-santa-barbara/2025-26
110705,2025,state_aid_form_required,true,reported,H.804,https://drive.usercontent.google.com/download?id=1FIkvY5dANho45ioG7-JHgO3IPH6-ui1W&export=download,https://www.collegedata.fyi/schools/uc-santa-barbara/2025-26
112260,2025,aid_awarded_freshmen_count,130,reported,H.204,https://www.cmc.edu/sites/default/files/CDS_2025-26_Annotated(Updated20260605).pdf,https://www.collegedata.fyi/schools/claremont-mckenna/2025-26
112260,2025,avg_need_based_grant_usd,66407,reported,H.211,https://www.cmc.edu/sites/default/files/CDS_2025-26_Annotated(Updated20260605).pdf,https://www.collegedata.fyi/schools/claremont-mckenna/2025-26
112260,2025,avg_need_met_percent,100,reported,H.209,https://www.cmc.edu/sites/default/files/CDS_2025-26_Annotated(Updated20260605).pdf,https://www.collegedata.fyi/schools/claremont-mckenna/2025-26
112260,2025,business_farm_supplement_required,true,reported,H.806,https://www.cmc.edu/sites/default/files/CDS_2025-26_Annotated(Updated20260605).pdf,https://www.collegedata.fyi/schools/claremont-mckenna/2025-26
112260,2025,css_profile_required,true,reported,H.803,https://www.cmc.edu/sites/default/files/CDS_2025-26_Annotated(Updated20260605).pdf,https://www.collegedata.fyi/schools/claremont-mckenna/2025-26
112260,2025,fafsa_required,true,reported,H.801,https://www.cmc.edu/sites/default/files/CDS_2025-26_Annotated(Updated20260605).pdf,https://www.collegedata.fyi/schools/claremont-mckenna/2025-26
112260,2025,need_fully_met_count,130,reported,H.208,https://www.cmc.edu/sites/default/files/CDS_2025-26_Annotated(Updated20260605).pdf,https://www.collegedata.fyi/schools/claremont-mckenna/2025-26
112260,2025,noncustodial_css_profile_required,true,reported,H.805,https://www.cmc.edu/sites/default/files/CDS_2025-26_Annotated(Updated20260605).pdf,https://www.collegedata.fyi/schools/claremont-mckenna/2025-26
112260,2025,state_aid_form_required,true,reported,H.804,https://www.cmc.edu/sites/default/files/CDS_2025-26_Annotated(Updated20260605).pdf,https://www.collegedata.fyi/schools/claremont-mckenna/2025-26
113698,2024,aid_awarded_freshmen_count,202,reported,H.204,https://www.dominican.edu/sites/default/files/2021-12/CDS_2021-2022_Dominican%20University%20of%20California.pdf,https://www.collegedata.fyi/schools/dominican-university-of-california/2024-25
113698,2024,avg_need_based_grant_usd,34306,reported,H.211,https://www.dominican.edu/sites/default/files/2021-12/CDS_2021-2022_Dominican%20University%20of%20California.pdf,https://www.collegedata.fyi/schools/dominican-university-of-california/2024-25
113698,2024,avg_need_met_percent,77.6,reported,H.209,https://www.dominican.edu/sites/default/files/2021-12/CDS_2021-2022_Dominican%20University%20of%20California.pdf,https://www.collegedata.fyi/schools/dominican-university-of-california/2024-25
113698,2024,fafsa_required,true,reported,H.801,https://www.dominican.edu/sites/default/files/2021-12/CDS_2021-2022_Dominican%20University%20of%20California.pdf,https://www.collegedata.fyi/schools/dominican-university-of-california/2024-25
113698,2024,need_fully_met_count,30,reported,H.208,https://www.dominican.edu/sites/default/files/2021-12/CDS_2021-2022_Dominican%20University%20of%20California.pdf,https://www.collegedata.fyi/schools/dominican-university-of-california/2024-25
115409,2025,aid_awarded_freshmen_count,103,reported,H.204,https://www.hmc.edu/institutional-research/wp-content/uploads/sites/42/2026/03/CDS-HMC-2025.2026_shared.pdf,https://www.collegedata.fyi/schools/harvey-mudd/2025-26
115409,2025,avg_need_based_grant_usd,64941,reported,H.211,https://www.hmc.edu/institutional-research/wp-content/uploads/sites/42/2026/03/CDS-HMC-2025.2026_shared.pdf,https://www.collegedata.fyi/schools/harvey-mudd/2025-26
115409,2025,avg_need_met_percent,100,reported,H.209,https://www.hmc.edu/institutional-research/wp-content/uploads/sites/42/2026/03/CDS-HMC-2025.2026_shared.pdf,https://www.collegedata.fyi/schools/harvey-mudd/2025-26
115409,2025,business_farm_supplement_required,true,reported,H.806,https://www.hmc.edu/institutional-research/wp-content/uploads/sites/42/2026/03/CDS-HMC-2025.2026_shared.pdf,https://www.collegedata.fyi/schools/harvey-mudd/2025-26
115409,2025,css_profile_required,true,reported,H.803,https://www.hmc.edu/institutional-research/wp-content/uploads/sites/42/2026/03/CDS-HMC-2025.2026_shared.pdf,https://www.collegedata.fyi/schools/harvey-mudd/2025-26
115409,2025,fafsa_required,true,reported,H.801,https://www.hmc.edu/institutional-research/wp-content/uploads/sites/42/2026/03/CDS-HMC-2025.2026_shared.pdf,https://www.collegedata.fyi/schools/harvey-mudd/2025-26
115409,2025,need_fully_met_count,103,reported,H.208,https://www.hmc.edu/institutional-research/wp-content/uploads/sites/42/2026/03/CDS-HMC-2025.2026_shared.pdf,https://www.collegedata.fyi/schools/harvey-mudd/2025-26
115409,2025,noncustodial_css_profile_required,true,reported,H.805,https://www.hmc.edu/institutional-research/wp-content/uploads/sites/42/2026/03/CDS-HMC-2025.2026_shared.pdf,https://www.collegedata.fyi/schools/harvey-mudd/2025-26
115409,2025,state_aid_form_required,true,reported,H.804,https://www.hmc.edu/institutional-research/wp-content/uploads/sites/42/2026/03/CDS-HMC-2025.2026_shared.pdf,https://www.collegedata.fyi/schools/harvey-mudd/2025-26
115755,2024,aid_awarded_freshmen_count,483,reported,H.204,https://www.humboldt.edu/sites/default/files/irar/2024-11/2024-2025-cds-cal-poly-humboldt-printable.pdf,https://www.collegedata.fyi/schools/california-state-polytechnic-university-humboldt/2024-25
115755,2024,need_fully_met_count,47,reported,H.208,https://www.humboldt.edu/sites/default/files/irar/2024-11/2024-2025-cds-cal-poly-humboldt-printable.pdf,https://www.collegedata.fyi/schools/california-state-polytechnic-university-humboldt/2024-25
120254,2025,aid_awarded_freshmen_count,223,reported,H.204,https://www.oxy.edu/sites/default/files/assets/Institutional_Research/CDS_A_2526.pdf,https://www.collegedata.fyi/schools/occidental-college/2025-26
120254,2025,avg_need_based_grant_usd,56023,reported,H.211,https://www.oxy.edu/sites/default/files/assets/Institutional_Research/CDS_A_2526.pdf,https://www.collegedata.fyi/schools/occidental-college/2025-26
120254,2025,avg_need_met_percent,100,reported,H.209,https://www.oxy.edu/sites/default/files/assets/Institutional_Research/CDS_A_2526.pdf,https://www.collegedata.fyi/schools/occidental-college/2025-26
120254,2025,css_profile_required,true,reported,H.803,https://www.oxy.edu/sites/default/files/assets/Institutional_Research/CDS_A_2526.pdf,https://www.collegedata.fyi/schools/occidental-college/2025-26
120254,2025,fafsa_required,true,reported,H.801,https://www.oxy.edu/sites/default/files/assets/Institutional_Research/CDS_A_2526.pdf,https://www.collegedata.fyi/schools/occidental-college/2025-26
120254,2025,need_fully_met_count,189,reported,H.208,https://www.oxy.edu/sites/default/files/assets/Institutional_Research/CDS_A_2526.pdf,https://www.collegedata.fyi/schools/occidental-college/2025-26
120254,2025,other_institutional_form_required,true,reported,H.807,https://www.oxy.edu/sites/default/files/assets/Institutional_Research/CDS_A_2526.pdf,https://www.collegedata.fyi/schools/occidental-college/2025-26
120254,2025,state_aid_form_required,true,reported,H.804,https://www.oxy.edu/sites/default/files/assets/Institutional_Research/CDS_A_2526.pdf,https://www.collegedata.fyi/schools/occidental-college/2025-26
120403,2024,aid_awarded_freshmen_count,138,reported,H.204,https://otis.edu/about/documents/CDS%202024-2025_03282025_FINALv2.pdf,https://www.collegedata.fyi/schools/otis-college-of-art-and-design/2024-25
120403,2024,avg_need_based_grant_usd,21918,reported,H.211,https://otis.edu/about/documents/CDS%202024-2025_03282025_FINALv2.pdf,https://www.collegedata.fyi/schools/otis-college-of-art-and-design/2024-25
120403,2024,avg_need_met_percent,50,reported,H.209,https://otis.edu/about/documents/CDS%202024-2025_03282025_FINALv2.pdf,https://www.collegedata.fyi/schools/otis-college-of-art-and-design/2024-25
120403,2024,fafsa_required,true,reported,H.801,https://otis.edu/about/documents/CDS%202024-2025_03282025_FINALv2.pdf,https://www.collegedata.fyi/schools/otis-college-of-art-and-design/2024-25
120403,2024,need_fully_met_count,87,reported,H.208,https://otis.edu/about/documents/CDS%202024-2025_03282025_FINALv2.pdf,https://www.collegedata.fyi/schools/otis-college-of-art-and-design/2024-25
121150,2024,aid_awarded_freshmen_count,412,reported,H.204,https://drive.usercontent.google.com/download?id=16KVLUw3ll1EXe0Xz5cuBjeHtDGMGGf8A&export=download,https://www.collegedata.fyi/schools/pepperdine-university/2024-25
121150,2024,avg_need_based_grant_usd,40989,reported,H.211,https://drive.usercontent.google.com/download?id=16KVLUw3ll1EXe0Xz5cuBjeHtDGMGGf8A&export=download,https://www.collegedata.fyi/schools/pepperdine-university/2024-25
121150,2024,avg_need_met_percent,62,reported,H.209,https://drive.usercontent.google.com/download?id=16KVLUw3ll1EXe0Xz5cuBjeHtDGMGGf8A&export=download,https://www.collegedata.fyi/schools/pepperdine-university/2024-25
121150,2024,fafsa_required,true,reported,H.801,https://drive.usercontent.google.com/download?id=16KVLUw3ll1EXe0Xz5cuBjeHtDGMGGf8A&export=download,https://www.collegedata.fyi/schools/pepperdine-university/2024-25
121150,2024,need_fully_met_count,36,reported,H.208,https://drive.usercontent.google.com/download?id=16KVLUw3ll1EXe0Xz5cuBjeHtDGMGGf8A&export=download,https://www.collegedata.fyi/schools/pepperdine-university/2024-25
122436,2024,aid_awarded_freshmen_count,637,reported,H.204,https://www.sandiego.edu/facts/documents/cds/cds_2024-25.pdf,https://www.collegedata.fyi/schools/university-of-san-diego/2024-25
122436,2024,avg_need_based_grant_usd,53833,reported,H.211,https://www.sandiego.edu/facts/documents/cds/cds_2024-25.pdf,https://www.collegedata.fyi/schools/university-of-san-diego/2024-25
122436,2024,avg_need_met_percent,86,reported,H.209,https://www.sandiego.edu/facts/documents/cds/cds_2024-25.pdf,https://www.collegedata.fyi/schools/university-of-san-diego/2024-25
122436,2024,fafsa_required,true,reported,H.801,https://www.sandiego.edu/facts/documents/cds/cds_2024-25.pdf,https://www.collegedata.fyi/schools/university-of-san-diego/2024-25
122436,2024,need_fully_met_count,103,reported,H.208,https://www.sandiego.edu/facts/documents/cds/cds_2024-25.pdf,https://www.collegedata.fyi/schools/university-of-san-diego/2024-25
122612,2024,aid_awarded_freshmen_count,622,reported,H.204,https://drive.usercontent.google.com/download?id=1zKU2_jGW_cQgxxQ74oHLkKlebIgyrjq3&export=download,https://www.collegedata.fyi/schools/university-of-san-francisco/2024-25
122612,2024,avg_need_based_grant_usd,39952,reported,H.211,https://drive.usercontent.google.com/download?id=1zKU2_jGW_cQgxxQ74oHLkKlebIgyrjq3&export=download,https://www.collegedata.fyi/schools/university-of-san-francisco/2024-25
122612,2024,avg_need_met_percent,71,reported,H.209,https://drive.usercontent.google.com/download?id=1zKU2_jGW_cQgxxQ74oHLkKlebIgyrjq3&export=download,https://www.collegedata.fyi/schools/university-of-san-francisco/2024-25
122612,2024,fafsa_required,true,reported,H.801,https://drive.usercontent.google.com/download?id=1zKU2_jGW_cQgxxQ74oHLkKlebIgyrjq3&export=download,https://www.collegedata.fyi/schools/university-of-san-francisco/2024-25
122612,2024,need_fully_met_count,87,reported,H.208,https://drive.usercontent.google.com/download?id=1zKU2_jGW_cQgxxQ74oHLkKlebIgyrjq3&export=download,https://www.collegedata.fyi/schools/university-of-san-francisco/2024-25
122612,2024,other_institutional_form_required,true,reported,H.807,https://drive.usercontent.google.com/download?id=1zKU2_jGW_cQgxxQ74oHLkKlebIgyrjq3&export=download,https://www.collegedata.fyi/schools/university-of-san-francisco/2024-25
122612,2024,state_aid_form_required,true,reported,H.804,https://drive.usercontent.google.com/download?id=1zKU2_jGW_cQgxxQ74oHLkKlebIgyrjq3&export=download,https://www.collegedata.fyi/schools/university-of-san-francisco/2024-25
122755,2024,aid_awarded_freshmen_count,2426,reported,H.204,https://drive.usercontent.google.com/download?id=1OgrHSD1Z3sYa7aAcQeRa2_kc6bfjXdOb&export=download,https://www.collegedata.fyi/schools/san-jose-state-university/2024-25
122755,2024,avg_need_based_grant_usd,11190,reported,H.211,https://drive.usercontent.google.com/download?id=1OgrHSD1Z3sYa7aAcQeRa2_kc6bfjXdOb&export=download,https://www.collegedata.fyi/schools/san-jose-state-university/2024-25
122755,2024,avg_need_met_percent,90.9,reported,H.209,https://drive.usercontent.google.com/download?id=1OgrHSD1Z3sYa7aAcQeRa2_kc6bfjXdOb&export=download,https://www.collegedata.fyi/schools/san-jose-state-university/2024-25
122755,2024,fafsa_required,true,reported,H.801,https://drive.usercontent.google.com/download?id=1OgrHSD1Z3sYa7aAcQeRa2_kc6bfjXdOb&export=download,https://www.collegedata.fyi/schools/san-jose-state-university/2024-25
122755,2024,need_fully_met_count,333,reported,H.208,https://drive.usercontent.google.com/download?id=1OgrHSD1Z3sYa7aAcQeRa2_kc6bfjXdOb&export=download,https://www.collegedata.fyi/schools/san-jose-state-university/2024-25
122755,2024,state_aid_form_required,true,reported,H.804,https://drive.usercontent.google.com/download?id=1OgrHSD1Z3sYa7aAcQeRa2_kc6bfjXdOb&export=download,https://www.collegedata.fyi/schools/san-jose-state-university/2024-25
122931,2024,aid_awarded_freshmen_count,600,reported,H.204,https://drive.usercontent.google.com/download?id=1vfbrOrkoUKUMqrcIBqcg60yigVWD3jTD&export=download,https://www.collegedata.fyi/schools/santa-clara-university/2024-25
122931,2024,avg_need_based_grant_usd,41589.87,reported,H.211,https://drive.usercontent.google.com/download?id=1vfbrOrkoUKUMqrcIBqcg60yigVWD3jTD&export=download,https://www.collegedata.fyi/schools/santa-clara-university/2024-25
122931,2024,avg_need_met_percent,71,reported,H.209,https://drive.usercontent.google.com/download?id=1vfbrOrkoUKUMqrcIBqcg60yigVWD3jTD&export=download,https://www.collegedata.fyi/schools/santa-clara-university/2024-25
122931,2024,css_profile_required,true,reported,H.803,https://drive.usercontent.google.com/download?id=1vfbrOrkoUKUMqrcIBqcg60yigVWD3jTD&export=download,https://www.collegedata.fyi/schools/santa-clara-university/2024-25
122931,2024,fafsa_required,true,reported,H.801,https://drive.usercontent.google.com/download?id=1vfbrOrkoUKUMqrcIBqcg60yigVWD3jTD&export=download,https://www.collegedata.fyi/schools/santa-clara-university/2024-25
122931,2024,need_fully_met_count,187,reported,H.208,https://drive.usercontent.google.com/download?id=1vfbrOrkoUKUMqrcIBqcg60yigVWD3jTD&export=download,https://www.collegedata.fyi/schools/santa-clara-university/2024-25
123165,2024,aid_awarded_freshmen_count,114,reported,H.204,https://drive.usercontent.google.com/download?id=1MWZXiqPqf9z9qlQnJ6jOl4nSvUHS8l9p&export=download,https://www.collegedata.fyi/schools/scripps-college/2024-25
123165,2024,avg_need_based_grant_usd,51763,reported,H.211,https://drive.usercontent.google.com/download?id=1MWZXiqPqf9z9qlQnJ6jOl4nSvUHS8l9p&export=download,https://www.collegedata.fyi/schools/scripps-college/2024-25
123165,2024,avg_need_met_percent,100,reported,H.209,https://drive.usercontent.google.com/download?id=1MWZXiqPqf9z9qlQnJ6jOl4nSvUHS8l9p&export=download,https://www.collegedata.fyi/schools/scripps-college/2024-25
123165,2024,css_profile_required,true,reported,H.803,https://drive.usercontent.google.com/download?id=1MWZXiqPqf9z9qlQnJ6jOl4nSvUHS8l9p&export=download,https://www.collegedata.fyi/schools/scripps-college/2024-25
123165,2024,fafsa_required,true,reported,H.801,https://drive.usercontent.google.com/download?id=1MWZXiqPqf9z9qlQnJ6jOl4nSvUHS8l9p&export=download,https://www.collegedata.fyi/schools/scripps-college/2024-25
123165,2024,need_fully_met_count,114,reported,H.208,https://drive.usercontent.google.com/download?id=1MWZXiqPqf9z9qlQnJ6jOl4nSvUHS8l9p&export=download,https://www.collegedata.fyi/schools/scripps-college/2024-25
123165,2024,state_aid_form_required,true,reported,H.804,https://drive.usercontent.google.com/download?id=1MWZXiqPqf9z9qlQnJ6jOl4nSvUHS8l9p&export=download,https://www.collegedata.fyi/schools/scripps-college/2024-25
123961,2025,aid_awarded_freshmen_count,1501,reported,H.204,https://oir.usc.edu/wp-content/uploads/sites/3/2026/10/CDS_2025-26_FINAL.pdf,https://www.collegedata.fyi/schools/usc/2025-26
123961,2025,avg_need_based_grant_usd,56128,reported,H.211,https://oir.usc.edu/wp-content/uploads/sites/3/2026/10/CDS_2025-26_FINAL.pdf,https://www.collegedata.fyi/schools/usc/2025-26
123961,2025,avg_need_met_percent,99.4,reported,H.209,https://oir.usc.edu/wp-content/uploads/sites/3/2026/10/CDS_2025-26_FINAL.pdf,https://www.collegedata.fyi/schools/usc/2025-26
123961,2025,business_farm_supplement_required,true,reported,H.806,https://oir.usc.edu/wp-content/uploads/sites/3/2026/10/CDS_2025-26_FINAL.pdf,https://www.collegedata.fyi/schools/usc/2025-26
123961,2025,css_profile_required,true,reported,H.803,https://oir.usc.edu/wp-content/uploads/sites/3/2026/10/CDS_2025-26_FINAL.pdf,https://www.collegedata.fyi/schools/usc/2025-26
123961,2025,fafsa_required,true,reported,H.801,https://oir.usc.edu/wp-content/uploads/sites/3/2026/10/CDS_2025-26_FINAL.pdf,https://www.collegedata.fyi/schools/usc/2025-26
123961,2025,need_fully_met_count,1368,reported,H.208,https://oir.usc.edu/wp-content/uploads/sites/3/2026/10/CDS_2025-26_FINAL.pdf,https://www.collegedata.fyi/schools/usc/2025-26
123961,2025,noncustodial_css_profile_required,true,reported,H.805,https://oir.usc.edu/wp-content/uploads/sites/3/2026/10/CDS_2025-26_FINAL.pdf,https://www.collegedata.fyi/schools/usc/2025-26
123961,2025,other_institutional_form_required,true,reported,H.807,https://oir.usc.edu/wp-content/uploads/sites/3/2026/10/CDS_2025-26_FINAL.pdf,https://www.collegedata.fyi/schools/usc/2025-26
125727,2024,aid_awarded_freshmen_count,222,reported,H.204,https://www.westmont.edu/sites/default/files/2025-11/CDS%202024-25%20Westmont%20College.xlsx,https://www.collegedata.fyi/schools/westmont-college/2024-25
125727,2024,avg_need_based_grant_usd,41546,reported,H.211,https://www.westmont.edu/sites/default/files/2025-11/CDS%202024-25%20Westmont%20College.xlsx,https://www.collegedata.fyi/schools/westmont-college/2024-25
125727,2024,avg_need_met_percent,85.34,reported,H.209,https://www.westmont.edu/sites/default/files/2025-11/CDS%202024-25%20Westmont%20College.xlsx,https://www.collegedata.fyi/schools/westmont-college/2024-25
125727,2024,fafsa_required,true,reported,H.801,https://www.westmont.edu/sites/default/files/2025-11/CDS%202024-25%20Westmont%20College.xlsx,https://www.collegedata.fyi/schools/westmont-college/2024-25
125727,2024,need_fully_met_count,67,reported,H.208,https://www.westmont.edu/sites/default/files/2025-11/CDS%202024-25%20Westmont%20College.xlsx,https://www.collegedata.fyi/schools/westmont-college/2024-25
126678,2024,aid_awarded_freshmen_count,234,reported,H.204,https://drive.usercontent.google.com/download?id=1p0TnSu0PlZq7aAOmPeu7z1K55ZpNW9jj&export=download,https://www.collegedata.fyi/schools/colorado-college/2024-25
126678,2024,avg_need_based_grant_usd,68522,reported,H.211,https://drive.usercontent.google.com/download?id=1p0TnSu0PlZq7aAOmPeu7z1K55ZpNW9jj&export=download,https://www.collegedata.fyi/schools/colorado-college/2024-25
126678,2024,avg_need_met_percent,100,reported,H.209,https://drive.usercontent.google.com/download?id=1p0TnSu0PlZq7aAOmPeu7z1K55ZpNW9jj&export=download,https://www.collegedata.fyi/schools/colorado-college/2024-25
126678,2024,need_fully_met_count,234,reported,H.208,https://drive.usercontent.google.com/download?id=1p0TnSu0PlZq7aAOmPeu7z1K55ZpNW9jj&export=download,https://www.collegedata.fyi/schools/colorado-college/2024-25
127556,2024,aid_awarded_freshmen_count,2087,reported,H.204,https://drive.usercontent.google.com/download?id=104HAlHr6kClPur16ZTVt4jsCL8kyb04S&export=download,https://www.collegedata.fyi/schools/colorado-mesa-university/2024-25
127556,2024,avg_need_based_grant_usd,10786,reported,H.211,https://drive.usercontent.google.com/download?id=104HAlHr6kClPur16ZTVt4jsCL8kyb04S&export=download,https://www.collegedata.fyi/schools/colorado-mesa-university/2024-25
127556,2024,avg_need_met_percent,68.2,reported,H.209,https://drive.usercontent.google.com/download?id=104HAlHr6kClPur16ZTVt4jsCL8kyb04S&export=download,https://www.collegedata.fyi/schools/colorado-mesa-university/2024-25
127556,2024,css_profile_required,true,reported,H.803,https://drive.usercontent.google.com/download?id=104HAlHr6kClPur16ZTVt4jsCL8kyb04S&export=download,https://www.collegedata.fyi/schools/colorado-mesa-university/2024-25
127556,2024,fafsa_required,true,reported,H.801,https://drive.usercontent.google.com/download?id=104HAlHr6kClPur16ZTVt4jsCL8kyb04S&export=download,https://www.collegedata.fyi/schools/colorado-mesa-university/2024-25
127556,2024,need_fully_met_count,155,reported,H.208,https://drive.usercontent.google.com/download?id=104HAlHr6kClPur16ZTVt4jsCL8kyb04S&export=download,https://www.collegedata.fyi/schools/colorado-mesa-university/2024-25
127565,2024,aid_awarded_freshmen_count,799,reported,H.204,https://www.msudenver.edu/wp-content/uploads/2026/06/CDS_2024-2025_Updated_06-29-26_jjb3.pdf,https://www.collegedata.fyi/schools/metropolitan-state-university-of-denver/2024-25
127565,2024,avg_need_based_grant_usd,10927,reported,H.211,https://www.msudenver.edu/wp-content/uploads/2026/06/CDS_2024-2025_Updated_06-29-26_jjb3.pdf,https://www.collegedata.fyi/schools/metropolitan-state-university-of-denver/2024-25
127565,2024,avg_need_met_percent,55.2,reported,H.209,https://www.msudenver.edu/wp-content/uploads/2026/06/CDS_2024-2025_Updated_06-29-26_jjb3.pdf,https://www.collegedata.fyi/schools/metropolitan-state-university-of-denver/2024-25
127565,2024,fafsa_required,true,reported,H.801,https://www.msudenver.edu/wp-content/uploads/2026/06/CDS_2024-2025_Updated_06-29-26_jjb3.pdf,https://www.collegedata.fyi/schools/metropolitan-state-university-of-denver/2024-25
127565,2024,need_fully_met_count,35,reported,H.208,https://www.msudenver.edu/wp-content/uploads/2026/06/CDS_2024-2025_Updated_06-29-26_jjb3.pdf,https://www.collegedata.fyi/schools/metropolitan-state-university-of-denver/2024-25
128106,2025,aid_awarded_freshmen_count,469,reported,H.204,https://www.csupueblo.edu/institutional-research/_doc/2024-2025-data-set/cds_2025-2026_section-a_general-information.pdf,https://www.collegedata.fyi/schools/colorado-state-university-pueblo/2025-26
128106,2025,avg_need_based_grant_usd,10673,reported,H.211,https://www.csupueblo.edu/institutional-research/_doc/2024-2025-data-set/cds_2025-2026_section-a_general-information.pdf,https://www.collegedata.fyi/schools/colorado-state-university-pueblo/2025-26
128106,2025,need_fully_met_count,331,reported,H.208,https://www.csupueblo.edu/institutional-research/_doc/2024-2025-data-set/cds_2025-2026_section-a_general-information.pdf,https://www.collegedata.fyi/schools/colorado-state-university-pueblo/2025-26
128771,2025,aid_awarded_freshmen_count,1302,reported,H.204,https://www.ccsu.edu/sites/default/files/2026-06/CDS%202025-2026.xlsx,https://www.collegedata.fyi/schools/central-connecticut-state-university/2025-26
128771,2025,avg_need_based_grant_usd,11810,reported,H.211,https://www.ccsu.edu/sites/default/files/2026-06/CDS%202025-2026.xlsx,https://www.collegedata.fyi/schools/central-connecticut-state-university/2025-26
128771,2025,avg_need_met_percent,62,reported,H.209,https://www.ccsu.edu/sites/default/files/2026-06/CDS%202025-2026.xlsx,https://www.collegedata.fyi/schools/central-connecticut-state-university/2025-26
128771,2025,fafsa_required,true,reported,H.801,https://www.ccsu.edu/sites/default/files/2026-06/CDS%202025-2026.xlsx,https://www.collegedata.fyi/schools/central-connecticut-state-university/2025-26
128771,2025,need_fully_met_count,96,reported,H.208,https://www.ccsu.edu/sites/default/files/2026-06/CDS%202025-2026.xlsx,https://www.collegedata.fyi/schools/central-connecticut-state-university/2025-26
128902,2025,aid_awarded_freshmen_count,290,reported,H.204,https://www.conncoll.edu/media/Common-Data-Set-2025-26.pdf,https://www.collegedata.fyi/schools/connecticut-college/2025-26
128902,2025,avg_need_based_grant_usd,52660,reported,H.211,https://www.conncoll.edu/media/Common-Data-Set-2025-26.pdf,https://www.collegedata.fyi/schools/connecticut-college/2025-26
128902,2025,avg_need_met_percent,100,reported,H.209,https://www.conncoll.edu/media/Common-Data-Set-2025-26.pdf,https://www.collegedata.fyi/schools/connecticut-college/2025-26
128902,2025,css_profile_required,true,reported,H.803,https://www.conncoll.edu/media/Common-Data-Set-2025-26.pdf,https://www.collegedata.fyi/schools/connecticut-college/2025-26
128902,2025,fafsa_required,true,reported,H.801,https://www.conncoll.edu/media/Common-Data-Set-2025-26.pdf,https://www.collegedata.fyi/schools/connecticut-college/2025-26
128902,2025,need_fully_met_count,290,reported,H.208,https://www.conncoll.edu/media/Common-Data-Set-2025-26.pdf,https://www.collegedata.fyi/schools/connecticut-college/2025-26
128902,2025,noncustodial_css_profile_required,true,reported,H.805,https://www.conncoll.edu/media/Common-Data-Set-2025-26.pdf,https://www.collegedata.fyi/schools/connecticut-college/2025-26
129020,2024,aid_awarded_freshmen_count,2409,reported,H.204,https://drive.usercontent.google.com/download?id=1BBILZKCO-i59J0oRpd2d3FK2NOzlMbIz&export=download,https://www.collegedata.fyi/schools/university-of-connecticut/2024-25
129020,2024,avg_need_based_grant_usd,20744,reported,H.211,https://drive.usercontent.google.com/download?id=1BBILZKCO-i59J0oRpd2d3FK2NOzlMbIz&export=download,https://www.collegedata.fyi/schools/university-of-connecticut/2024-25
129020,2024,avg_need_met_percent,62.4,reported,H.209,https://drive.usercontent.google.com/download?id=1BBILZKCO-i59J0oRpd2d3FK2NOzlMbIz&export=download,https://www.collegedata.fyi/schools/university-of-connecticut/2024-25
129020,2024,fafsa_required,true,reported,H.801,https://drive.usercontent.google.com/download?id=1BBILZKCO-i59J0oRpd2d3FK2NOzlMbIz&export=download,https://www.collegedata.fyi/schools/university-of-connecticut/2024-25
129020,2024,need_fully_met_count,405,reported,H.208,https://drive.usercontent.google.com/download?id=1BBILZKCO-i59J0oRpd2d3FK2NOzlMbIz&export=download,https://www.collegedata.fyi/schools/university-of-connecticut/2024-25
129215,2025,aid_awarded_freshmen_count,469,reported,H.204,https://www.easternct.edu/planning-and-institutional-research/_documents/cds-2025-26a.pdf,https://www.collegedata.fyi/schools/eastern-connecticut-state-university/2025-26
129215,2025,avg_need_based_grant_usd,13345,reported,H.211,https://www.easternct.edu/planning-and-institutional-research/_documents/cds-2025-26a.pdf,https://www.collegedata.fyi/schools/eastern-connecticut-state-university/2025-26
129215,2025,avg_need_met_percent,78.4,reported,H.209,https://www.easternct.edu/planning-and-institutional-research/_documents/cds-2025-26a.pdf,https://www.collegedata.fyi/schools/eastern-connecticut-state-university/2025-26
129215,2025,fafsa_required,true,reported,H.801,https://www.easternct.edu/planning-and-institutional-research/_documents/cds-2025-26a.pdf,https://www.collegedata.fyi/schools/eastern-connecticut-state-university/2025-26
129215,2025,need_fully_met_count,78,reported,H.208,https://www.easternct.edu/planning-and-institutional-research/_documents/cds-2025-26a.pdf,https://www.collegedata.fyi/schools/eastern-connecticut-state-university/2025-26
129215,2025,other_institutional_form_required,true,reported,H.807,https://www.easternct.edu/planning-and-institutional-research/_documents/cds-2025-26a.pdf,https://www.collegedata.fyi/schools/eastern-connecticut-state-university/2025-26
129242,2024,aid_awarded_freshmen_count,546,reported,H.204,https://drive.usercontent.google.com/download?id=1ISj2X8bGe3-Nltk9Sbe6vjfz3cQ6-ZFf&export=download,https://www.collegedata.fyi/schools/fairfield-university/2024-25
129242,2024,avg_need_based_grant_usd,30784,reported,H.211,https://drive.usercontent.google.com/download?id=1ISj2X8bGe3-Nltk9Sbe6vjfz3cQ6-ZFf&export=download,https://www.collegedata.fyi/schools/fairfield-university/2024-25
129242,2024,avg_need_met_percent,78.3,reported,H.209,https://drive.usercontent.google.com/download?id=1ISj2X8bGe3-Nltk9Sbe6vjfz3cQ6-ZFf&export=download,https://www.collegedata.fyi/schools/fairfield-university/2024-25
129242,2024,business_farm_supplement_required,true,reported,H.806,https://drive.usercontent.google.com/download?id=1ISj2X8bGe3-Nltk9Sbe6vjfz3cQ6-ZFf&export=download,https://www.collegedata.fyi/schools/fairfield-university/2024-25
129242,2024,css_profile_required,true,reported,H.803,https://drive.usercontent.google.com/download?id=1ISj2X8bGe3-Nltk9Sbe6vjfz3cQ6-ZFf&export=download,https://www.collegedata.fyi/schools/fairfield-university/2024-25
129242,2024,fafsa_required,true,reported,H.801,https://drive.usercontent.google.com/download?id=1ISj2X8bGe3-Nltk9Sbe6vjfz3cQ6-ZFf&export=download,https://www.collegedata.fyi/schools/fairfield-university/2024-25
129242,2024,need_fully_met_count,227,reported,H.208,https://drive.usercontent.google.com/download?id=1ISj2X8bGe3-Nltk9Sbe6vjfz3cQ6-ZFf&export=download,https://www.collegedata.fyi/schools/fairfield-university/2024-25
129242,2024,other_institutional_form_required,true,reported,H.807,https://drive.usercontent.google.com/download?id=1ISj2X8bGe3-Nltk9Sbe6vjfz3cQ6-ZFf&export=download,https://www.collegedata.fyi/schools/fairfield-university/2024-25
130314,2024,aid_awarded_freshmen_count,188,reported,H.204,https://www.usj.edu/wp-content/uploads/2025/05/USJ-CDS-2025.pdf,https://www.collegedata.fyi/schools/university-of-saint-joseph/2024-25
130314,2024,avg_need_based_grant_usd,31232,reported,H.211,https://www.usj.edu/wp-content/uploads/2025/05/USJ-CDS-2025.pdf,https://www.collegedata.fyi/schools/university-of-saint-joseph/2024-25
130314,2024,avg_need_met_percent,78,reported,H.209,https://www.usj.edu/wp-content/uploads/2025/05/USJ-CDS-2025.pdf,https://www.collegedata.fyi/schools/university-of-saint-joseph/2024-25
130314,2024,fafsa_required,true,reported,H.801,https://www.usj.edu/wp-content/uploads/2025/05/USJ-CDS-2025.pdf,https://www.collegedata.fyi/schools/university-of-saint-joseph/2024-25
130314,2024,need_fully_met_count,71,reported,H.208,https://www.usj.edu/wp-content/uploads/2025/05/USJ-CDS-2025.pdf,https://www.collegedata.fyi/schools/university-of-saint-joseph/2024-25
130493,2025,aid_awarded_freshmen_count,1017,reported,H.204,https://go.southernct.edu/docs/drupal/CDS_2025-2026.xlsx,https://www.collegedata.fyi/schools/southern-connecticut-state-university/2025-26
130493,2025,avg_need_based_grant_usd,9421.644,reported,H.211,https://go.southernct.edu/docs/drupal/CDS_2025-2026.xlsx,https://www.collegedata.fyi/schools/southern-connecticut-state-university/2025-26
130493,2025,avg_need_met_percent,48.2767,reported,H.209,https://go.southernct.edu/docs/drupal/CDS_2025-2026.xlsx,https://www.collegedata.fyi/schools/southern-connecticut-state-university/2025-26
130493,2025,fafsa_required,true,reported,H.801,https://go.southernct.edu/docs/drupal/CDS_2025-2026.xlsx,https://www.collegedata.fyi/schools/southern-connecticut-state-university/2025-26
130493,2025,need_fully_met_count,124,reported,H.208,https://go.southernct.edu/docs/drupal/CDS_2025-2026.xlsx,https://www.collegedata.fyi/schools/southern-connecticut-state-university/2025-26
130697,2024,aid_awarded_freshmen_count,381,reported,H.204,https://drive.usercontent.google.com/download?id=1Tu6btPPH-IrFDCQbFCmtwha7kLe8-enJ&export=download,https://www.collegedata.fyi/schools/wesleyan-university/2024-25
130697,2024,avg_need_based_grant_usd,71834,reported,H.211,https://drive.usercontent.google.com/download?id=1Tu6btPPH-IrFDCQbFCmtwha7kLe8-enJ&export=download,https://www.collegedata.fyi/schools/wesleyan-university/2024-25
130697,2024,avg_need_met_percent,100,reported,H.209,https://drive.usercontent.google.com/download?id=1Tu6btPPH-IrFDCQbFCmtwha7kLe8-enJ&export=download,https://www.collegedata.fyi/schools/wesleyan-university/2024-25
130697,2024,css_profile_required,true,reported,H.803,https://drive.usercontent.google.com/download?id=1Tu6btPPH-IrFDCQbFCmtwha7kLe8-enJ&export=download,https://www.collegedata.fyi/schools/wesleyan-university/2024-25
130697,2024,fafsa_required,true,reported,H.801,https://drive.usercontent.google.com/download?id=1Tu6btPPH-IrFDCQbFCmtwha7kLe8-enJ&export=download,https://www.collegedata.fyi/schools/wesleyan-university/2024-25
130697,2024,need_fully_met_count,381,reported,H.208,https://drive.usercontent.google.com/download?id=1Tu6btPPH-IrFDCQbFCmtwha7kLe8-enJ&export=download,https://www.collegedata.fyi/schools/wesleyan-university/2024-25
130697,2024,other_institutional_form_required,true,reported,H.807,https://drive.usercontent.google.com/download?id=1Tu6btPPH-IrFDCQbFCmtwha7kLe8-enJ&export=download,https://www.collegedata.fyi/schools/wesleyan-university/2024-25
130794,2024,aid_awarded_freshmen_count,908,reported,H.204,https://oir.yale.edu/sites/default/files/yale_cds_2024-25_rmd_20250612.pdf,https://www.collegedata.fyi/schools/yale/2024-25
130794,2024,avg_need_based_grant_usd,74040,reported,H.211,https://oir.yale.edu/sites/default/files/yale_cds_2024-25_rmd_20250612.pdf,https://www.collegedata.fyi/schools/yale/2024-25
130794,2024,avg_need_met_percent,100,reported,H.209,https://oir.yale.edu/sites/default/files/yale_cds_2024-25_rmd_20250612.pdf,https://www.collegedata.fyi/schools/yale/2024-25
130794,2024,need_fully_met_count,908,reported,H.208,https://oir.yale.edu/sites/default/files/yale_cds_2024-25_rmd_20250612.pdf,https://www.collegedata.fyi/schools/yale/2024-25
130934,2025,aid_awarded_freshmen_count,1039,reported,H.204,https://www.desu.edu/sites/flagship/files/common-data-set.pdf,https://www.collegedata.fyi/schools/delaware-state-university/2025-26
130934,2025,avg_need_based_grant_usd,13040,reported,H.211,https://www.desu.edu/sites/flagship/files/common-data-set.pdf,https://www.collegedata.fyi/schools/delaware-state-university/2025-26
130934,2025,avg_need_met_percent,40,reported,H.209,https://www.desu.edu/sites/flagship/files/common-data-set.pdf,https://www.collegedata.fyi/schools/delaware-state-university/2025-26
130934,2025,fafsa_required,true,reported,H.801,https://www.desu.edu/sites/flagship/files/common-data-set.pdf,https://www.collegedata.fyi/schools/delaware-state-university/2025-26
130934,2025,need_fully_met_count,40,reported,H.208,https://www.desu.edu/sites/flagship/files/common-data-set.pdf,https://www.collegedata.fyi/schools/delaware-state-university/2025-26
131469,2024,aid_awarded_freshmen_count,1252,reported,H.204,https://irp.gwu.edu/sites/g/files/zaxdzs6056/files/2025-05/CDS_2024-2025_FINAL.pdf,https://www.collegedata.fyi/schools/gwu/2024-25
131469,2024,avg_need_based_grant_usd,43676,reported,H.211,https://irp.gwu.edu/sites/g/files/zaxdzs6056/files/2025-05/CDS_2024-2025_FINAL.pdf,https://www.collegedata.fyi/schools/gwu/2024-25
131469,2024,avg_need_met_percent,91,reported,H.209,https://irp.gwu.edu/sites/g/files/zaxdzs6056/files/2025-05/CDS_2024-2025_FINAL.pdf,https://www.collegedata.fyi/schools/gwu/2024-25
131469,2024,css_profile_required,true,reported,H.803,https://irp.gwu.edu/sites/g/files/zaxdzs6056/files/2025-05/CDS_2024-2025_FINAL.pdf,https://www.collegedata.fyi/schools/gwu/2024-25
131469,2024,fafsa_required,true,reported,H.801,https://irp.gwu.edu/sites/g/files/zaxdzs6056/files/2025-05/CDS_2024-2025_FINAL.pdf,https://www.collegedata.fyi/schools/gwu/2024-25
131469,2024,need_fully_met_count,1096,reported,H.208,https://irp.gwu.edu/sites/g/files/zaxdzs6056/files/2025-05/CDS_2024-2025_FINAL.pdf,https://www.collegedata.fyi/schools/gwu/2024-25
131469,2024,noncustodial_css_profile_required,true,reported,H.805,https://irp.gwu.edu/sites/g/files/zaxdzs6056/files/2025-05/CDS_2024-2025_FINAL.pdf,https://www.collegedata.fyi/schools/gwu/2024-25
131496,2025,aid_awarded_freshmen_count,516,reported,H.204,https://public.boxcloud.com/d/1/b1!ufmpJheStPT8ywNBhFOm_8N3O6vgkpQRh2tL5qS3UnytOqxup1za8PPij7hwHE0_VPYNbTAygYAWL3YB_nYaBhQOQZSmkr1mftMWg-znYzy7FmkCAJDwG9twinecz-rDaJg1o9XxxxDbjM02imrj0KUm1Ycv2jnZdbTmOj-t4ur_9w2EsAHqwQs61gn6jcg_cK-N_yOEbp8i_0xg2NOP33fpcnLsjbnmYNZ5UxjuxvAiM2VHpfRvI52Nsn-WILagl2eMOO6pG8BXjt-B76vIPRe3_ga7SRZJr33xGlsJhIziNgCzlC3PhnaNt-3wuKHCc5d-ci2BgAasiHlUvUfCbQ_tdtdoogUD0LOVvNnaTckUYapvNyDI1s9XSy533YozQd-ZosCTZNn0jmXtCOVDsySnrG1M6a1NO_ipVHwjCbdpoZCgvjg6NAJYksSYPnpgNhGOjaPZO7r6h6cJFQhAqi9nAXjRBrwvqTTHn_rBZA8uOSTair0u2JplychW1teLCN-HIjkxUBg7wEXWLdNA2aV78y6nqIjleuaSL0xSGMlPoG0T-Td0TBKM1SJXp0-j0g7xUGcpFNKXlESmPTEIEkVCYMvlSv-AdUbuxZpMW4rh0wCs36w4u5aD6I3b3IGVcs02JAZTeFc5SbSZa9at8eymPcfoI3bCkfFmDaocp4_klXVH_dxDqPhFMTa6018t74qYduvPyaIQqo4Sidm8trrAhnpTolD7fnfUvs4ypjTM-60dzILIMhC8UlBhfNhv744oI7FgnENQ42czFsuXHFryncLc-V0zfzXxEzKzlX3bd_gRbn-V_DAdHbUd9C2NoyVpOSErP6NnK3-OJB98_YBjgdwkqDRYTQVM0YVI6tVPRsZDpEOtaWfrcVw60UF1VPxVqzczwRNzSF3RkJNFs9k3ODfWbAHI5srCXa9sklOPn707gMv1uunkNcExOcsWvRGcVqFKOXdYvaMedt0qyNMGpaDEBrid8-ejUDzQYsxrpdJ65me7Q8V-Zq3SXI_DOtOurkxKxaGDbMgrNvC25GhC8k1L_u4hlqWCfwadvAV7SctBuTPh2TumSCz2MvdPT2-wwbEz8Yj9_uKFMJRXsgPf4oUw_6wFgsldW8Hn-qCC2K55VBJx0Ix9G9I7yhIXOpVS2q0mPzZkZkU-tjcI0PqZMnIrVCkM22yEUk-Jl66yeZNz8ZNQSGMBZCVbPLssWBjGVbfTl_YjYfm-_82qh5sskDB_AZoStaL2nLwnuZGMcRGLTdoqZIdUWyFCOfXl5Vj7HCpsjBuH2U6E2uxFB_i0lOjAdU34T57JyGz8yV7o1kV6wm4NLOtJSLnpnSu9fwc-yABX4a-BhNJY5kFZsHMD60keO36JijKlPDn3zrNvNssXmwq4IYaRMRQWC57iyOf_1EJFnWN6qy2DnC1xhZ7uWlYTJrH6aWQnAaV8V_181EiTZmO1l6cQpxjMWFnml-lG5f2kZHogqc6FMkvmRxmzJo6tTfgHxztB2nSXtgJ90J6E61UFOgtNTHpcWPlxhpM5ScVfBhR_OQEIpW841e2butt3-mDrmqJOCMb0ocDIUIHAOqp8VsHqlu3KtVo./download,https://www.collegedata.fyi/schools/georgetown/2025-26
131496,2025,avg_need_based_grant_usd,57490,reported,H.211,https://public.boxcloud.com/d/1/b1!ufmpJheStPT8ywNBhFOm_8N3O6vgkpQRh2tL5qS3UnytOqxup1za8PPij7hwHE0_VPYNbTAygYAWL3YB_nYaBhQOQZSmkr1mftMWg-znYzy7FmkCAJDwG9twinecz-rDaJg1o9XxxxDbjM02imrj0KUm1Ycv2jnZdbTmOj-t4ur_9w2EsAHqwQs61gn6jcg_cK-N_yOEbp8i_0xg2NOP33fpcnLsjbnmYNZ5UxjuxvAiM2VHpfRvI52Nsn-WILagl2eMOO6pG8BXjt-B76vIPRe3_ga7SRZJr33xGlsJhIziNgCzlC3PhnaNt-3wuKHCc5d-ci2BgAasiHlUvUfCbQ_tdtdoogUD0LOVvNnaTckUYapvNyDI1s9XSy533YozQd-ZosCTZNn0jmXtCOVDsySnrG1M6a1NO_ipVHwjCbdpoZCgvjg6NAJYksSYPnpgNhGOjaPZO7r6h6cJFQhAqi9nAXjRBrwvqTTHn_rBZA8uOSTair0u2JplychW1teLCN-HIjkxUBg7wEXWLdNA2aV78y6nqIjleuaSL0xSGMlPoG0T-Td0TBKM1SJXp0-j0g7xUGcpFNKXlESmPTEIEkVCYMvlSv-AdUbuxZpMW4rh0wCs36w4u5aD6I3b3IGVcs02JAZTeFc5SbSZa9at8eymPcfoI3bCkfFmDaocp4_klXVH_dxDqPhFMTa6018t74qYduvPyaIQqo4Sidm8trrAhnpTolD7fnfUvs4ypjTM-60dzILIMhC8UlBhfNhv744oI7FgnENQ42czFsuXHFryncLc-V0zfzXxEzKzlX3bd_gRbn-V_DAdHbUd9C2NoyVpOSErP6NnK3-OJB98_YBjgdwkqDRYTQVM0YVI6tVPRsZDpEOtaWfrcVw60UF1VPxVqzczwRNzSF3RkJNFs9k3ODfWbAHI5srCXa9sklOPn707gMv1uunkNcExOcsWvRGcVqFKOXdYvaMedt0qyNMGpaDEBrid8-ejUDzQYsxrpdJ65me7Q8V-Zq3SXI_DOtOurkxKxaGDbMgrNvC25GhC8k1L_u4hlqWCfwadvAV7SctBuTPh2TumSCz2MvdPT2-wwbEz8Yj9_uKFMJRXsgPf4oUw_6wFgsldW8Hn-qCC2K55VBJx0Ix9G9I7yhIXOpVS2q0mPzZkZkU-tjcI0PqZMnIrVCkM22yEUk-Jl66yeZNz8ZNQSGMBZCVbPLssWBjGVbfTl_YjYfm-_82qh5sskDB_AZoStaL2nLwnuZGMcRGLTdoqZIdUWyFCOfXl5Vj7HCpsjBuH2U6E2uxFB_i0lOjAdU34T57JyGz8yV7o1kV6wm4NLOtJSLnpnSu9fwc-yABX4a-BhNJY5kFZsHMD60keO36JijKlPDn3zrNvNssXmwq4IYaRMRQWC57iyOf_1EJFnWN6qy2DnC1xhZ7uWlYTJrH6aWQnAaV8V_181EiTZmO1l6cQpxjMWFnml-lG5f2kZHogqc6FMkvmRxmzJo6tTfgHxztB2nSXtgJ90J6E61UFOgtNTHpcWPlxhpM5ScVfBhR_OQEIpW841e2butt3-mDrmqJOCMb0ocDIUIHAOqp8VsHqlu3KtVo./download,https://www.collegedata.fyi/schools/georgetown/2025-26
131496,2025,avg_need_met_percent,100,reported,H.209,https://public.boxcloud.com/d/1/b1!ufmpJheStPT8ywNBhFOm_8N3O6vgkpQRh2tL5qS3UnytOqxup1za8PPij7hwHE0_VPYNbTAygYAWL3YB_nYaBhQOQZSmkr1mftMWg-znYzy7FmkCAJDwG9twinecz-rDaJg1o9XxxxDbjM02imrj0KUm1Ycv2jnZdbTmOj-t4ur_9w2EsAHqwQs61gn6jcg_cK-N_yOEbp8i_0xg2NOP33fpcnLsjbnmYNZ5UxjuxvAiM2VHpfRvI52Nsn-WILagl2eMOO6pG8BXjt-B76vIPRe3_ga7SRZJr33xGlsJhIziNgCzlC3PhnaNt-3wuKHCc5d-ci2BgAasiHlUvUfCbQ_tdtdoogUD0LOVvNnaTckUYapvNyDI1s9XSy533YozQd-ZosCTZNn0jmXtCOVDsySnrG1M6a1NO_ipVHwjCbdpoZCgvjg6NAJYksSYPnpgNhGOjaPZO7r6h6cJFQhAqi9nAXjRBrwvqTTHn_rBZA8uOSTair0u2JplychW1teLCN-HIjkxUBg7wEXWLdNA2aV78y6nqIjleuaSL0xSGMlPoG0T-Td0TBKM1SJXp0-j0g7xUGcpFNKXlESmPTEIEkVCYMvlSv-AdUbuxZpMW4rh0wCs36w4u5aD6I3b3IGVcs02JAZTeFc5SbSZa9at8eymPcfoI3bCkfFmDaocp4_klXVH_dxDqPhFMTa6018t74qYduvPyaIQqo4Sidm8trrAhnpTolD7fnfUvs4ypjTM-60dzILIMhC8UlBhfNhv744oI7FgnENQ42czFsuXHFryncLc-V0zfzXxEzKzlX3bd_gRbn-V_DAdHbUd9C2NoyVpOSErP6NnK3-OJB98_YBjgdwkqDRYTQVM0YVI6tVPRsZDpEOtaWfrcVw60UF1VPxVqzczwRNzSF3RkJNFs9k3ODfWbAHI5srCXa9sklOPn707gMv1uunkNcExOcsWvRGcVqFKOXdYvaMedt0qyNMGpaDEBrid8-ejUDzQYsxrpdJ65me7Q8V-Zq3SXI_DOtOurkxKxaGDbMgrNvC25GhC8k1L_u4hlqWCfwadvAV7SctBuTPh2TumSCz2MvdPT2-wwbEz8Yj9_uKFMJRXsgPf4oUw_6wFgsldW8Hn-qCC2K55VBJx0Ix9G9I7yhIXOpVS2q0mPzZkZkU-tjcI0PqZMnIrVCkM22yEUk-Jl66yeZNz8ZNQSGMBZCVbPLssWBjGVbfTl_YjYfm-_82qh5sskDB_AZoStaL2nLwnuZGMcRGLTdoqZIdUWyFCOfXl5Vj7HCpsjBuH2U6E2uxFB_i0lOjAdU34T57JyGz8yV7o1kV6wm4NLOtJSLnpnSu9fwc-yABX4a-BhNJY5kFZsHMD60keO36JijKlPDn3zrNvNssXmwq4IYaRMRQWC57iyOf_1EJFnWN6qy2DnC1xhZ7uWlYTJrH6aWQnAaV8V_181EiTZmO1l6cQpxjMWFnml-lG5f2kZHogqc6FMkvmRxmzJo6tTfgHxztB2nSXtgJ90J6E61UFOgtNTHpcWPlxhpM5ScVfBhR_OQEIpW841e2butt3-mDrmqJOCMb0ocDIUIHAOqp8VsHqlu3KtVo./download,https://www.collegedata.fyi/schools/georgetown/2025-26
131496,2025,business_farm_supplement_required,true,reported,H.806,https://public.boxcloud.com/d/1/b1!ufmpJheStPT8ywNBhFOm_8N3O6vgkpQRh2tL5qS3UnytOqxup1za8PPij7hwHE0_VPYNbTAygYAWL3YB_nYaBhQOQZSmkr1mftMWg-znYzy7FmkCAJDwG9twinecz-rDaJg1o9XxxxDbjM02imrj0KUm1Ycv2jnZdbTmOj-t4ur_9w2EsAHqwQs61gn6jcg_cK-N_yOEbp8i_0xg2NOP33fpcnLsjbnmYNZ5UxjuxvAiM2VHpfRvI52Nsn-WILagl2eMOO6pG8BXjt-B76vIPRe3_ga7SRZJr33xGlsJhIziNgCzlC3PhnaNt-3wuKHCc5d-ci2BgAasiHlUvUfCbQ_tdtdoogUD0LOVvNnaTckUYapvNyDI1s9XSy533YozQd-ZosCTZNn0jmXtCOVDsySnrG1M6a1NO_ipVHwjCbdpoZCgvjg6NAJYksSYPnpgNhGOjaPZO7r6h6cJFQhAqi9nAXjRBrwvqTTHn_rBZA8uOSTair0u2JplychW1teLCN-HIjkxUBg7wEXWLdNA2aV78y6nqIjleuaSL0xSGMlPoG0T-Td0TBKM1SJXp0-j0g7xUGcpFNKXlESmPTEIEkVCYMvlSv-AdUbuxZpMW4rh0wCs36w4u5aD6I3b3IGVcs02JAZTeFc5SbSZa9at8eymPcfoI3bCkfFmDaocp4_klXVH_dxDqPhFMTa6018t74qYduvPyaIQqo4Sidm8trrAhnpTolD7fnfUvs4ypjTM-60dzILIMhC8UlBhfNhv744oI7FgnENQ42czFsuXHFryncLc-V0zfzXxEzKzlX3bd_gRbn-V_DAdHbUd9C2NoyVpOSErP6NnK3-OJB98_YBjgdwkqDRYTQVM0YVI6tVPRsZDpEOtaWfrcVw60UF1VPxVqzczwRNzSF3RkJNFs9k3ODfWbAHI5srCXa9sklOPn707gMv1uunkNcExOcsWvRGcVqFKOXdYvaMedt0qyNMGpaDEBrid8-ejUDzQYsxrpdJ65me7Q8V-Zq3SXI_DOtOurkxKxaGDbMgrNvC25GhC8k1L_u4hlqWCfwadvAV7SctBuTPh2TumSCz2MvdPT2-wwbEz8Yj9_uKFMJRXsgPf4oUw_6wFgsldW8Hn-qCC2K55VBJx0Ix9G9I7yhIXOpVS2q0mPzZkZkU-tjcI0PqZMnIrVCkM22yEUk-Jl66yeZNz8ZNQSGMBZCVbPLssWBjGVbfTl_YjYfm-_82qh5sskDB_AZoStaL2nLwnuZGMcRGLTdoqZIdUWyFCOfXl5Vj7HCpsjBuH2U6E2uxFB_i0lOjAdU34T57JyGz8yV7o1kV6wm4NLOtJSLnpnSu9fwc-yABX4a-BhNJY5kFZsHMD60keO36JijKlPDn3zrNvNssXmwq4IYaRMRQWC57iyOf_1EJFnWN6qy2DnC1xhZ7uWlYTJrH6aWQnAaV8V_181EiTZmO1l6cQpxjMWFnml-lG5f2kZHogqc6FMkvmRxmzJo6tTfgHxztB2nSXtgJ90J6E61UFOgtNTHpcWPlxhpM5ScVfBhR_OQEIpW841e2butt3-mDrmqJOCMb0ocDIUIHAOqp8VsHqlu3KtVo./download,https://www.collegedata.fyi/schools/georgetown/2025-26
131496,2025,css_profile_required,true,reported,H.803,https://public.boxcloud.com/d/1/b1!ufmpJheStPT8ywNBhFOm_8N3O6vgkpQRh2tL5qS3UnytOqxup1za8PPij7hwHE0_VPYNbTAygYAWL3YB_nYaBhQOQZSmkr1mftMWg-znYzy7FmkCAJDwG9twinecz-rDaJg1o9XxxxDbjM02imrj0KUm1Ycv2jnZdbTmOj-t4ur_9w2EsAHqwQs61gn6jcg_cK-N_yOEbp8i_0xg2NOP33fpcnLsjbnmYNZ5UxjuxvAiM2VHpfRvI52Nsn-WILagl2eMOO6pG8BXjt-B76vIPRe3_ga7SRZJr33xGlsJhIziNgCzlC3PhnaNt-3wuKHCc5d-ci2BgAasiHlUvUfCbQ_tdtdoogUD0LOVvNnaTckUYapvNyDI1s9XSy533YozQd-ZosCTZNn0jmXtCOVDsySnrG1M6a1NO_ipVHwjCbdpoZCgvjg6NAJYksSYPnpgNhGOjaPZO7r6h6cJFQhAqi9nAXjRBrwvqTTHn_rBZA8uOSTair0u2JplychW1teLCN-HIjkxUBg7wEXWLdNA2aV78y6nqIjleuaSL0xSGMlPoG0T-Td0TBKM1SJXp0-j0g7xUGcpFNKXlESmPTEIEkVCYMvlSv-AdUbuxZpMW4rh0wCs36w4u5aD6I3b3IGVcs02JAZTeFc5SbSZa9at8eymPcfoI3bCkfFmDaocp4_klXVH_dxDqPhFMTa6018t74qYduvPyaIQqo4Sidm8trrAhnpTolD7fnfUvs4ypjTM-60dzILIMhC8UlBhfNhv744oI7FgnENQ42czFsuXHFryncLc-V0zfzXxEzKzlX3bd_gRbn-V_DAdHbUd9C2NoyVpOSErP6NnK3-OJB98_YBjgdwkqDRYTQVM0YVI6tVPRsZDpEOtaWfrcVw60UF1VPxVqzczwRNzSF3RkJNFs9k3ODfWbAHI5srCXa9sklOPn707gMv1uunkNcExOcsWvRGcVqFKOXdYvaMedt0qyNMGpaDEBrid8-ejUDzQYsxrpdJ65me7Q8V-Zq3SXI_DOtOurkxKxaGDbMgrNvC25GhC8k1L_u4hlqWCfwadvAV7SctBuTPh2TumSCz2MvdPT2-wwbEz8Yj9_uKFMJRXsgPf4oUw_6wFgsldW8Hn-qCC2K55VBJx0Ix9G9I7yhIXOpVS2q0mPzZkZkU-tjcI0PqZMnIrVCkM22yEUk-Jl66yeZNz8ZNQSGMBZCVbPLssWBjGVbfTl_YjYfm-_82qh5sskDB_AZoStaL2nLwnuZGMcRGLTdoqZIdUWyFCOfXl5Vj7HCpsjBuH2U6E2uxFB_i0lOjAdU34T57JyGz8yV7o1kV6wm4NLOtJSLnpnSu9fwc-yABX4a-BhNJY5kFZsHMD60keO36JijKlPDn3zrNvNssXmwq4IYaRMRQWC57iyOf_1EJFnWN6qy2DnC1xhZ7uWlYTJrH6aWQnAaV8V_181EiTZmO1l6cQpxjMWFnml-lG5f2kZHogqc6FMkvmRxmzJo6tTfgHxztB2nSXtgJ90J6E61UFOgtNTHpcWPlxhpM5ScVfBhR_OQEIpW841e2butt3-mDrmqJOCMb0ocDIUIHAOqp8VsHqlu3KtVo./download,https://www.collegedata.fyi/schools/georgetown/2025-26
131496,2025,fafsa_required,true,reported,H.801,https://public.boxcloud.com/d/1/b1!ufmpJheStPT8ywNBhFOm_8N3O6vgkpQRh2tL5qS3UnytOqxup1za8PPij7hwHE0_VPYNbTAygYAWL3YB_nYaBhQOQZSmkr1mftMWg-znYzy7FmkCAJDwG9twinecz-rDaJg1o9XxxxDbjM02imrj0KUm1Ycv2jnZdbTmOj-t4ur_9w2EsAHqwQs61gn6jcg_cK-N_yOEbp8i_0xg2NOP33fpcnLsjbnmYNZ5UxjuxvAiM2VHpfRvI52Nsn-WILagl2eMOO6pG8BXjt-B76vIPRe3_ga7SRZJr33xGlsJhIziNgCzlC3PhnaNt-3wuKHCc5d-ci2BgAasiHlUvUfCbQ_tdtdoogUD0LOVvNnaTckUYapvNyDI1s9XSy533YozQd-ZosCTZNn0jmXtCOVDsySnrG1M6a1NO_ipVHwjCbdpoZCgvjg6NAJYksSYPnpgNhGOjaPZO7r6h6cJFQhAqi9nAXjRBrwvqTTHn_rBZA8uOSTair0u2JplychW1teLCN-HIjkxUBg7wEXWLdNA2aV78y6nqIjleuaSL0xSGMlPoG0T-Td0TBKM1SJXp0-j0g7xUGcpFNKXlESmPTEIEkVCYMvlSv-AdUbuxZpMW4rh0wCs36w4u5aD6I3b3IGVcs02JAZTeFc5SbSZa9at8eymPcfoI3bCkfFmDaocp4_klXVH_dxDqPhFMTa6018t74qYduvPyaIQqo4Sidm8trrAhnpTolD7fnfUvs4ypjTM-60dzILIMhC8UlBhfNhv744oI7FgnENQ42czFsuXHFryncLc-V0zfzXxEzKzlX3bd_gRbn-V_DAdHbUd9C2NoyVpOSErP6NnK3-OJB98_YBjgdwkqDRYTQVM0YVI6tVPRsZDpEOtaWfrcVw60UF1VPxVqzczwRNzSF3RkJNFs9k3ODfWbAHI5srCXa9sklOPn707gMv1uunkNcExOcsWvRGcVqFKOXdYvaMedt0qyNMGpaDEBrid8-ejUDzQYsxrpdJ65me7Q8V-Zq3SXI_DOtOurkxKxaGDbMgrNvC25GhC8k1L_u4hlqWCfwadvAV7SctBuTPh2TumSCz2MvdPT2-wwbEz8Yj9_uKFMJRXsgPf4oUw_6wFgsldW8Hn-qCC2K55VBJx0Ix9G9I7yhIXOpVS2q0mPzZkZkU-tjcI0PqZMnIrVCkM22yEUk-Jl66yeZNz8ZNQSGMBZCVbPLssWBjGVbfTl_YjYfm-_82qh5sskDB_AZoStaL2nLwnuZGMcRGLTdoqZIdUWyFCOfXl5Vj7HCpsjBuH2U6E2uxFB_i0lOjAdU34T57JyGz8yV7o1kV6wm4NLOtJSLnpnSu9fwc-yABX4a-BhNJY5kFZsHMD60keO36JijKlPDn3zrNvNssXmwq4IYaRMRQWC57iyOf_1EJFnWN6qy2DnC1xhZ7uWlYTJrH6aWQnAaV8V_181EiTZmO1l6cQpxjMWFnml-lG5f2kZHogqc6FMkvmRxmzJo6tTfgHxztB2nSXtgJ90J6E61UFOgtNTHpcWPlxhpM5ScVfBhR_OQEIpW841e2butt3-mDrmqJOCMb0ocDIUIHAOqp8VsHqlu3KtVo./download,https://www.collegedata.fyi/schools/georgetown/2025-26
131496,2025,need_fully_met_count,516,reported,H.208,https://public.boxcloud.com/d/1/b1!ufmpJheStPT8ywNBhFOm_8N3O6vgkpQRh2tL5qS3UnytOqxup1za8PPij7hwHE0_VPYNbTAygYAWL3YB_nYaBhQOQZSmkr1mftMWg-znYzy7FmkCAJDwG9twinecz-rDaJg1o9XxxxDbjM02imrj0KUm1Ycv2jnZdbTmOj-t4ur_9w2EsAHqwQs61gn6jcg_cK-N_yOEbp8i_0xg2NOP33fpcnLsjbnmYNZ5UxjuxvAiM2VHpfRvI52Nsn-WILagl2eMOO6pG8BXjt-B76vIPRe3_ga7SRZJr33xGlsJhIziNgCzlC3PhnaNt-3wuKHCc5d-ci2BgAasiHlUvUfCbQ_tdtdoogUD0LOVvNnaTckUYapvNyDI1s9XSy533YozQd-ZosCTZNn0jmXtCOVDsySnrG1M6a1NO_ipVHwjCbdpoZCgvjg6NAJYksSYPnpgNhGOjaPZO7r6h6cJFQhAqi9nAXjRBrwvqTTHn_rBZA8uOSTair0u2JplychW1teLCN-HIjkxUBg7wEXWLdNA2aV78y6nqIjleuaSL0xSGMlPoG0T-Td0TBKM1SJXp0-j0g7xUGcpFNKXlESmPTEIEkVCYMvlSv-AdUbuxZpMW4rh0wCs36w4u5aD6I3b3IGVcs02JAZTeFc5SbSZa9at8eymPcfoI3bCkfFmDaocp4_klXVH_dxDqPhFMTa6018t74qYduvPyaIQqo4Sidm8trrAhnpTolD7fnfUvs4ypjTM-60dzILIMhC8UlBhfNhv744oI7FgnENQ42czFsuXHFryncLc-V0zfzXxEzKzlX3bd_gRbn-V_DAdHbUd9C2NoyVpOSErP6NnK3-OJB98_YBjgdwkqDRYTQVM0YVI6tVPRsZDpEOtaWfrcVw60UF1VPxVqzczwRNzSF3RkJNFs9k3ODfWbAHI5srCXa9sklOPn707gMv1uunkNcExOcsWvRGcVqFKOXdYvaMedt0qyNMGpaDEBrid8-ejUDzQYsxrpdJ65me7Q8V-Zq3SXI_DOtOurkxKxaGDbMgrNvC25GhC8k1L_u4hlqWCfwadvAV7SctBuTPh2TumSCz2MvdPT2-wwbEz8Yj9_uKFMJRXsgPf4oUw_6wFgsldW8Hn-qCC2K55VBJx0Ix9G9I7yhIXOpVS2q0mPzZkZkU-tjcI0PqZMnIrVCkM22yEUk-Jl66yeZNz8ZNQSGMBZCVbPLssWBjGVbfTl_YjYfm-_82qh5sskDB_AZoStaL2nLwnuZGMcRGLTdoqZIdUWyFCOfXl5Vj7HCpsjBuH2U6E2uxFB_i0lOjAdU34T57JyGz8yV7o1kV6wm4NLOtJSLnpnSu9fwc-yABX4a-BhNJY5kFZsHMD60keO36JijKlPDn3zrNvNssXmwq4IYaRMRQWC57iyOf_1EJFnWN6qy2DnC1xhZ7uWlYTJrH6aWQnAaV8V_181EiTZmO1l6cQpxjMWFnml-lG5f2kZHogqc6FMkvmRxmzJo6tTfgHxztB2nSXtgJ90J6E61UFOgtNTHpcWPlxhpM5ScVfBhR_OQEIpW841e2butt3-mDrmqJOCMb0ocDIUIHAOqp8VsHqlu3KtVo./download,https://www.collegedata.fyi/schools/georgetown/2025-26
131520,2025,aid_awarded_freshmen_count,2249,reported,H.204,https://ira.howard.edu/sites/ira.howard.edu/files/2026-06/CDS%20PDF%202526_06.25.26.pdf,https://www.collegedata.fyi/schools/howard-university/2025-26
131520,2025,avg_need_based_grant_usd,9275,reported,H.211,https://ira.howard.edu/sites/ira.howard.edu/files/2026-06/CDS%20PDF%202526_06.25.26.pdf,https://www.collegedata.fyi/schools/howard-university/2025-26
131520,2025,avg_need_met_percent,58.6,reported,H.209,https://ira.howard.edu/sites/ira.howard.edu/files/2026-06/CDS%20PDF%202526_06.25.26.pdf,https://www.collegedata.fyi/schools/howard-university/2025-26
131520,2025,fafsa_required,true,reported,H.801,https://ira.howard.edu/sites/ira.howard.edu/files/2026-06/CDS%20PDF%202526_06.25.26.pdf,https://www.collegedata.fyi/schools/howard-university/2025-26
131520,2025,need_fully_met_count,232,reported,H.208,https://ira.howard.edu/sites/ira.howard.edu/files/2026-06/CDS%20PDF%202526_06.25.26.pdf,https://www.collegedata.fyi/schools/howard-university/2025-26
132903,2024,aid_awarded_freshmen_count,3272,reported,H.204,https://drive.usercontent.google.com/download?id=1Dt0KgZS-C2-gJ5EYHYZQ8KdGZvSqx6LQ&export=download,https://www.collegedata.fyi/schools/university-of-central-florida/2024-25
132903,2024,avg_need_based_grant_usd,8801,reported,H.211,https://drive.usercontent.google.com/download?id=1Dt0KgZS-C2-gJ5EYHYZQ8KdGZvSqx6LQ&export=download,https://www.collegedata.fyi/schools/university-of-central-florida/2024-25
132903,2024,avg_need_met_percent,75,reported,H.209,https://drive.usercontent.google.com/download?id=1Dt0KgZS-C2-gJ5EYHYZQ8KdGZvSqx6LQ&export=download,https://www.collegedata.fyi/schools/university-of-central-florida/2024-25
132903,2024,fafsa_required,true,reported,H.801,https://drive.usercontent.google.com/download?id=1Dt0KgZS-C2-gJ5EYHYZQ8KdGZvSqx6LQ&export=download,https://www.collegedata.fyi/schools/university-of-central-florida/2024-25
132903,2024,need_fully_met_count,877,reported,H.208,https://drive.usercontent.google.com/download?id=1Dt0KgZS-C2-gJ5EYHYZQ8KdGZvSqx6LQ&export=download,https://www.collegedata.fyi/schools/university-of-central-florida/2024-25
133492,2024,aid_awarded_freshmen_count,345,reported,H.204,https://drive.usercontent.google.com/download?id=0B1YlcpfxYuReWkE4NzlQUnFiamM&export=download,https://www.collegedata.fyi/schools/eckerd-college/2024-25
133492,2024,avg_need_based_grant_usd,27714,reported,H.211,https://drive.usercontent.google.com/download?id=0B1YlcpfxYuReWkE4NzlQUnFiamM&export=download,https://www.collegedata.fyi/schools/eckerd-college/2024-25
133492,2024,avg_need_met_percent,57.5,reported,H.209,https://drive.usercontent.google.com/download?id=0B1YlcpfxYuReWkE4NzlQUnFiamM&export=download,https://www.collegedata.fyi/schools/eckerd-college/2024-25
133492,2024,fafsa_required,true,reported,H.801,https://drive.usercontent.google.com/download?id=0B1YlcpfxYuReWkE4NzlQUnFiamM&export=download,https://www.collegedata.fyi/schools/eckerd-college/2024-25
133492,2024,need_fully_met_count,52,reported,H.208,https://drive.usercontent.google.com/download?id=0B1YlcpfxYuReWkE4NzlQUnFiamM&export=download,https://www.collegedata.fyi/schools/eckerd-college/2024-25
133650,2025,aid_awarded_freshmen_count,1096,reported,H.204,https://www.famu.edu/administration/strategic-planning-analysis-and-institutional-effectiveness/institutional-research/surveys/pdf/cds/CDS_2025-2026.pdf,https://www.collegedata.fyi/schools/florida-agricultural-and-mechanical-university/2025-26
133650,2025,avg_need_based_grant_usd,8644,reported,H.211,https://www.famu.edu/administration/strategic-planning-analysis-and-institutional-effectiveness/institutional-research/surveys/pdf/cds/CDS_2025-2026.pdf,https://www.collegedata.fyi/schools/florida-agricultural-and-mechanical-university/2025-26
133650,2025,avg_need_met_percent,60.8,reported,H.209,https://www.famu.edu/administration/strategic-planning-analysis-and-institutional-effectiveness/institutional-research/surveys/pdf/cds/CDS_2025-2026.pdf,https://www.collegedata.fyi/schools/florida-agricultural-and-mechanical-university/2025-26
133650,2025,need_fully_met_count,125,reported,H.208,https://www.famu.edu/administration/strategic-planning-analysis-and-institutional-effectiveness/institutional-research/surveys/pdf/cds/CDS_2025-2026.pdf,https://www.collegedata.fyi/schools/florida-agricultural-and-mechanical-university/2025-26
134130,2025,aid_awarded_freshmen_count,2538,reported,H.204,https://data-apps.ir.aa.ufl.edu/public/cds/CDS%202025-26_v7_07.15.2026.pdf,https://www.collegedata.fyi/schools/uf/2025-26
134130,2025,avg_need_based_grant_usd,17713,reported,H.211,https://data-apps.ir.aa.ufl.edu/public/cds/CDS%202025-26_v7_07.15.2026.pdf,https://www.collegedata.fyi/schools/uf/2025-26
134130,2025,avg_need_met_percent,98,reported,H.209,https://data-apps.ir.aa.ufl.edu/public/cds/CDS%202025-26_v7_07.15.2026.pdf,https://www.collegedata.fyi/schools/uf/2025-26
134130,2025,fafsa_required,true,reported,H.801,https://data-apps.ir.aa.ufl.edu/public/cds/CDS%202025-26_v7_07.15.2026.pdf,https://www.collegedata.fyi/schools/uf/2025-26
134130,2025,need_fully_met_count,1524,reported,H.208,https://data-apps.ir.aa.ufl.edu/public/cds/CDS%202025-26_v7_07.15.2026.pdf,https://www.collegedata.fyi/schools/uf/2025-26
135726,2025,aid_awarded_freshmen_count,1100,reported,H.204,https://irsa.miami.edu/facts-and-information/common-data-set/cds2526.pdf,https://www.collegedata.fyi/schools/university-of-miami/2025-26
135726,2025,avg_need_based_grant_usd,55665,reported,H.211,https://irsa.miami.edu/facts-and-information/common-data-set/cds2526.pdf,https://www.collegedata.fyi/schools/university-of-miami/2025-26
135726,2025,avg_need_met_percent,100,reported,H.209,https://irsa.miami.edu/facts-and-information/common-data-set/cds2526.pdf,https://www.collegedata.fyi/schools/university-of-miami/2025-26
135726,2025,business_farm_supplement_required,true,reported,H.806,https://irsa.miami.edu/facts-and-information/common-data-set/cds2526.pdf,https://www.collegedata.fyi/schools/university-of-miami/2025-26
135726,2025,css_profile_required,true,reported,H.803,https://irsa.miami.edu/facts-and-information/common-data-set/cds2526.pdf,https://www.collegedata.fyi/schools/university-of-miami/2025-26
135726,2025,fafsa_required,true,reported,H.801,https://irsa.miami.edu/facts-and-information/common-data-set/cds2526.pdf,https://www.collegedata.fyi/schools/university-of-miami/2025-26
135726,2025,need_fully_met_count,1095,reported,H.208,https://irsa.miami.edu/facts-and-information/common-data-set/cds2526.pdf,https://www.collegedata.fyi/schools/university-of-miami/2025-26
135726,2025,noncustodial_css_profile_required,true,reported,H.805,https://irsa.miami.edu/facts-and-information/common-data-set/cds2526.pdf,https://www.collegedata.fyi/schools/university-of-miami/2025-26
135726,2025,other_institutional_form_required,true,reported,H.807,https://irsa.miami.edu/facts-and-information/common-data-set/cds2526.pdf,https://www.collegedata.fyi/schools/university-of-miami/2025-26
136950,2024,aid_awarded_freshmen_count,295,reported,H.204,https://drive.usercontent.google.com/download?id=1kuzTrfMGGpU6FncJ1kqxT6hav0ir20L5&export=download,https://www.collegedata.fyi/schools/rollins-college/2024-25
136950,2024,avg_need_based_grant_usd,42833,reported,H.211,https://drive.usercontent.google.com/download?id=1kuzTrfMGGpU6FncJ1kqxT6hav0ir20L5&export=download,https://www.collegedata.fyi/schools/rollins-college/2024-25
136950,2024,avg_need_met_percent,78,reported,H.209,https://drive.usercontent.google.com/download?id=1kuzTrfMGGpU6FncJ1kqxT6hav0ir20L5&export=download,https://www.collegedata.fyi/schools/rollins-college/2024-25
136950,2024,need_fully_met_count,61,reported,H.208,https://drive.usercontent.google.com/download?id=1kuzTrfMGGpU6FncJ1kqxT6hav0ir20L5&export=download,https://www.collegedata.fyi/schools/rollins-college/2024-25
137546,2024,aid_awarded_freshmen_count,556,reported,H.204,https://drive.usercontent.google.com/download?id=1VcJ_hPkcy9edY2EXFcVrf_SzJyUOE-dY&export=download,https://www.collegedata.fyi/schools/stetson-university/2024-25
137546,2024,avg_need_based_grant_usd,48329,reported,H.211,https://drive.usercontent.google.com/download?id=1VcJ_hPkcy9edY2EXFcVrf_SzJyUOE-dY&export=download,https://www.collegedata.fyi/schools/stetson-university/2024-25
137546,2024,avg_need_met_percent,89.3,reported,H.209,https://drive.usercontent.google.com/download?id=1VcJ_hPkcy9edY2EXFcVrf_SzJyUOE-dY&export=download,https://www.collegedata.fyi/schools/stetson-university/2024-25
137546,2024,fafsa_required,true,reported,H.801,https://drive.usercontent.google.com/download?id=1VcJ_hPkcy9edY2EXFcVrf_SzJyUOE-dY&export=download,https://www.collegedata.fyi/schools/stetson-university/2024-25
137546,2024,need_fully_met_count,190,reported,H.208,https://drive.usercontent.google.com/download?id=1VcJ_hPkcy9edY2EXFcVrf_SzJyUOE-dY&export=download,https://www.collegedata.fyi/schools/stetson-university/2024-25
137546,2024,state_aid_form_required,true,reported,H.804,https://drive.usercontent.google.com/download?id=1VcJ_hPkcy9edY2EXFcVrf_SzJyUOE-dY&export=download,https://www.collegedata.fyi/schools/stetson-university/2024-25
138354,2024,aid_awarded_freshmen_count,547,reported,H.204,https://uwf.edu/media/university-of-west-florida/academic-affairs/departments/institutional-research/docs/archive/cds/CDS_2024-25.pdf,https://www.collegedata.fyi/schools/university-of-west-florida/2024-25
138354,2024,avg_need_based_grant_usd,9757,reported,H.211,https://uwf.edu/media/university-of-west-florida/academic-affairs/departments/institutional-research/docs/archive/cds/CDS_2024-25.pdf,https://www.collegedata.fyi/schools/university-of-west-florida/2024-25
138354,2024,avg_need_met_percent,62.3,reported,H.209,https://uwf.edu/media/university-of-west-florida/academic-affairs/departments/institutional-research/docs/archive/cds/CDS_2024-25.pdf,https://www.collegedata.fyi/schools/university-of-west-florida/2024-25
138354,2024,fafsa_required,true,reported,H.801,https://uwf.edu/media/university-of-west-florida/academic-affairs/departments/institutional-research/docs/archive/cds/CDS_2024-25.pdf,https://www.collegedata.fyi/schools/university-of-west-florida/2024-25
138354,2024,need_fully_met_count,75,reported,H.208,https://uwf.edu/media/university-of-west-florida/academic-affairs/departments/institutional-research/docs/archive/cds/CDS_2024-25.pdf,https://www.collegedata.fyi/schools/university-of-west-florida/2024-25
138600,2025,aid_awarded_freshmen_count,182,reported,H.204,https://www.agnesscott.edu/assets/documents/institutional-research/cds_2025_2026.pdf,https://www.collegedata.fyi/schools/agnes-scott-college/2025-26
138600,2025,avg_need_based_grant_usd,43398,reported,H.211,https://www.agnesscott.edu/assets/documents/institutional-research/cds_2025_2026.pdf,https://www.collegedata.fyi/schools/agnes-scott-college/2025-26
138600,2025,avg_need_met_percent,69.6,reported,H.209,https://www.agnesscott.edu/assets/documents/institutional-research/cds_2025_2026.pdf,https://www.collegedata.fyi/schools/agnes-scott-college/2025-26
138600,2025,fafsa_required,true,reported,H.801,https://www.agnesscott.edu/assets/documents/institutional-research/cds_2025_2026.pdf,https://www.collegedata.fyi/schools/agnes-scott-college/2025-26
138600,2025,need_fully_met_count,15,reported,H.208,https://www.agnesscott.edu/assets/documents/institutional-research/cds_2025_2026.pdf,https://www.collegedata.fyi/schools/agnes-scott-college/2025-26
139658,2024,aid_awarded_freshmen_count,588,reported,H.204,https://provost.emory.edu/planning-administration/_includes/documents/sections/institutional-data/emory-common-data-set-2024-2025.pdf,https://www.collegedata.fyi/schools/emory/2024-25
139658,2024,avg_need_based_grant_usd,65482,reported,H.211,https://provost.emory.edu/planning-administration/_includes/documents/sections/institutional-data/emory-common-data-set-2024-2025.pdf,https://www.collegedata.fyi/schools/emory/2024-25
139658,2024,avg_need_met_percent,100,reported,H.209,https://provost.emory.edu/planning-administration/_includes/documents/sections/institutional-data/emory-common-data-set-2024-2025.pdf,https://www.collegedata.fyi/schools/emory/2024-25
139658,2024,css_profile_required,true,reported,H.803,https://provost.emory.edu/planning-administration/_includes/documents/sections/institutional-data/emory-common-data-set-2024-2025.pdf,https://www.collegedata.fyi/schools/emory/2024-25
139658,2024,fafsa_required,true,reported,H.801,https://provost.emory.edu/planning-administration/_includes/documents/sections/institutional-data/emory-common-data-set-2024-2025.pdf,https://www.collegedata.fyi/schools/emory/2024-25
139658,2024,need_fully_met_count,587,reported,H.208,https://provost.emory.edu/planning-administration/_includes/documents/sections/institutional-data/emory-common-data-set-2024-2025.pdf,https://www.collegedata.fyi/schools/emory/2024-25
139755,2025,aid_awarded_freshmen_count,1148,reported,H.204,https://irp.gatech.edu/sites/default/files/CDS/CDS_2025-2026_FINAL_R4_03JUN2026.pdf,https://www.collegedata.fyi/schools/georgia-tech/2025-26
139755,2025,avg_need_based_grant_usd,18131,reported,H.211,https://irp.gatech.edu/sites/default/files/CDS/CDS_2025-2026_FINAL_R4_03JUN2026.pdf,https://www.collegedata.fyi/schools/georgia-tech/2025-26
139755,2025,avg_need_met_percent,61.2,reported,H.209,https://irp.gatech.edu/sites/default/files/CDS/CDS_2025-2026_FINAL_R4_03JUN2026.pdf,https://www.collegedata.fyi/schools/georgia-tech/2025-26
139755,2025,css_profile_required,true,reported,H.803,https://irp.gatech.edu/sites/default/files/CDS/CDS_2025-2026_FINAL_R4_03JUN2026.pdf,https://www.collegedata.fyi/schools/georgia-tech/2025-26
139755,2025,fafsa_required,true,reported,H.801,https://irp.gatech.edu/sites/default/files/CDS/CDS_2025-2026_FINAL_R4_03JUN2026.pdf,https://www.collegedata.fyi/schools/georgia-tech/2025-26
139755,2025,institutional_form_required,true,reported,H.802,https://irp.gatech.edu/sites/default/files/CDS/CDS_2025-2026_FINAL_R4_03JUN2026.pdf,https://www.collegedata.fyi/schools/georgia-tech/2025-26
139755,2025,need_fully_met_count,297,reported,H.208,https://irp.gatech.edu/sites/default/files/CDS/CDS_2025-2026_FINAL_R4_03JUN2026.pdf,https://www.collegedata.fyi/schools/georgia-tech/2025-26
139959,2024,aid_awarded_freshmen_count,1816,reported,H.204,https://oir.uga.edu/wp-content/uploads/UGA_CDS_2024-2025.pdf,https://www.collegedata.fyi/schools/uga/2024-25
139959,2024,avg_need_based_grant_usd,13372,reported,H.211,https://oir.uga.edu/wp-content/uploads/UGA_CDS_2024-2025.pdf,https://www.collegedata.fyi/schools/uga/2024-25
139959,2024,avg_need_met_percent,78.1,reported,H.209,https://oir.uga.edu/wp-content/uploads/UGA_CDS_2024-2025.pdf,https://www.collegedata.fyi/schools/uga/2024-25
139959,2024,fafsa_required,true,reported,H.801,https://oir.uga.edu/wp-content/uploads/UGA_CDS_2024-2025.pdf,https://www.collegedata.fyi/schools/uga/2024-25
139959,2024,need_fully_met_count,518,reported,H.208,https://oir.uga.edu/wp-content/uploads/UGA_CDS_2024-2025.pdf,https://www.collegedata.fyi/schools/uga/2024-25
141060,2025,aid_awarded_freshmen_count,442,reported,H.204,https://www.spelman.edu/_1_Docs-and-Files/about/institutional-research/common-data-set/cds_2025-2026_spelman_college_1.26.2026.pdf,https://www.collegedata.fyi/schools/spelman-college/2025-26
141060,2025,avg_need_based_grant_usd,17145,reported,H.211,https://www.spelman.edu/_1_Docs-and-Files/about/institutional-research/common-data-set/cds_2025-2026_spelman_college_1.26.2026.pdf,https://www.collegedata.fyi/schools/spelman-college/2025-26
141060,2025,avg_need_met_percent,19,reported,H.209,https://www.spelman.edu/_1_Docs-and-Files/about/institutional-research/common-data-set/cds_2025-2026_spelman_college_1.26.2026.pdf,https://www.collegedata.fyi/schools/spelman-college/2025-26
141060,2025,need_fully_met_count,224,reported,H.208,https://www.spelman.edu/_1_Docs-and-Files/about/institutional-research/common-data-set/cds_2025-2026_spelman_college_1.26.2026.pdf,https://www.collegedata.fyi/schools/spelman-college/2025-26
141264,2024,aid_awarded_freshmen_count,780,reported,H.204,https://www.valdosta.edu/administration/institutional-research/documents/common-data-set/cds-2024-2025.pdf,https://www.collegedata.fyi/schools/valdosta-state-university/2024-25
141264,2024,avg_need_based_grant_usd,9733,reported,H.211,https://www.valdosta.edu/administration/institutional-research/documents/common-data-set/cds-2024-2025.pdf,https://www.collegedata.fyi/schools/valdosta-state-university/2024-25
141264,2024,avg_need_met_percent,89.9,reported,H.209,https://www.valdosta.edu/administration/institutional-research/documents/common-data-set/cds-2024-2025.pdf,https://www.collegedata.fyi/schools/valdosta-state-university/2024-25
141264,2024,fafsa_required,true,reported,H.801,https://www.valdosta.edu/administration/institutional-research/documents/common-data-set/cds-2024-2025.pdf,https://www.collegedata.fyi/schools/valdosta-state-university/2024-25
141264,2024,need_fully_met_count,74,reported,H.208,https://www.valdosta.edu/administration/institutional-research/documents/common-data-set/cds-2024-2025.pdf,https://www.collegedata.fyi/schools/valdosta-state-university/2024-25
142115,2024,aid_awarded_freshmen_count,1605,reported,H.204,https://www.boisestate.edu/ie/wp-content/uploads/sites/501/2025/07/Boise-State-University_CDS_2024-2025.pdf,https://www.collegedata.fyi/schools/boise-state-university/2024-25
142115,2024,avg_need_based_grant_usd,7468.35,reported,H.211,https://www.boisestate.edu/ie/wp-content/uploads/sites/501/2025/07/Boise-State-University_CDS_2024-2025.pdf,https://www.collegedata.fyi/schools/boise-state-university/2024-25
142115,2024,avg_need_met_percent,51,reported,H.209,https://www.boisestate.edu/ie/wp-content/uploads/sites/501/2025/07/Boise-State-University_CDS_2024-2025.pdf,https://www.collegedata.fyi/schools/boise-state-university/2024-25
142115,2024,fafsa_required,true,reported,H.801,https://www.boisestate.edu/ie/wp-content/uploads/sites/501/2025/07/Boise-State-University_CDS_2024-2025.pdf,https://www.collegedata.fyi/schools/boise-state-university/2024-25
142115,2024,need_fully_met_count,199,reported,H.208,https://www.boisestate.edu/ie/wp-content/uploads/sites/501/2025/07/Boise-State-University_CDS_2024-2025.pdf,https://www.collegedata.fyi/schools/boise-state-university/2024-25
143084,2024,fafsa_required,true,reported,H.801,https://www.augustana.edu/files/2025-01/2024-25_CDS_Augustana_College_IL.pdf,https://www.collegedata.fyi/schools/augustana-college/2024-25
143118,2024,aid_awarded_freshmen_count,549,reported,H.204,https://aurora.edu/documents/about/cds-2024-2025-updated-03072025.pdf,https://www.collegedata.fyi/schools/aurora-university/2024-25
143118,2024,avg_need_based_grant_usd,24573,reported,H.211,https://aurora.edu/documents/about/cds-2024-2025-updated-03072025.pdf,https://www.collegedata.fyi/schools/aurora-university/2024-25
143118,2024,avg_need_met_percent,87.5,reported,H.209,https://aurora.edu/documents/about/cds-2024-2025-updated-03072025.pdf,https://www.collegedata.fyi/schools/aurora-university/2024-25
143118,2024,fafsa_required,true,reported,H.801,https://aurora.edu/documents/about/cds-2024-2025-updated-03072025.pdf,https://www.collegedata.fyi/schools/aurora-university/2024-25
143118,2024,need_fully_met_count,134,reported,H.208,https://aurora.edu/documents/about/cds-2024-2025-updated-03072025.pdf,https://www.collegedata.fyi/schools/aurora-university/2024-25
143358,2024,aid_awarded_freshmen_count,655,reported,H.204,https://drive.usercontent.google.com/download?id=1jV0iWll0uRYQr5alcn6WbbAot8IlLx1p&export=download,https://www.collegedata.fyi/schools/bradley-university/2024-25
143358,2024,avg_need_based_grant_usd,31216,reported,H.211,https://drive.usercontent.google.com/download?id=1jV0iWll0uRYQr5alcn6WbbAot8IlLx1p&export=download,https://www.collegedata.fyi/schools/bradley-university/2024-25
143358,2024,avg_need_met_percent,83.1,reported,H.209,https://drive.usercontent.google.com/download?id=1jV0iWll0uRYQr5alcn6WbbAot8IlLx1p&export=download,https://www.collegedata.fyi/schools/bradley-university/2024-25
143358,2024,fafsa_required,true,reported,H.801,https://drive.usercontent.google.com/download?id=1jV0iWll0uRYQr5alcn6WbbAot8IlLx1p&export=download,https://www.collegedata.fyi/schools/bradley-university/2024-25
143358,2024,need_fully_met_count,134,reported,H.208,https://drive.usercontent.google.com/download?id=1jV0iWll0uRYQr5alcn6WbbAot8IlLx1p&export=download,https://www.collegedata.fyi/schools/bradley-university/2024-25
144050,2025,aid_awarded_freshmen_count,652,reported,H.204,https://bpb-us-w2.wpmucdn.com/voices.uchicago.edu/dist/8/2077/files/2026/08/CDS_2025-2026_to_publish-1.pdf,https://www.collegedata.fyi/schools/uchicago/2025-26
144050,2025,avg_need_based_grant_usd,78651,reported,H.211,https://bpb-us-w2.wpmucdn.com/voices.uchicago.edu/dist/8/2077/files/2026/08/CDS_2025-2026_to_publish-1.pdf,https://www.collegedata.fyi/schools/uchicago/2025-26
144050,2025,avg_need_met_percent,100,reported,H.209,https://bpb-us-w2.wpmucdn.com/voices.uchicago.edu/dist/8/2077/files/2026/08/CDS_2025-2026_to_publish-1.pdf,https://www.collegedata.fyi/schools/uchicago/2025-26
144050,2025,fafsa_required,true,reported,H.801,https://bpb-us-w2.wpmucdn.com/voices.uchicago.edu/dist/8/2077/files/2026/08/CDS_2025-2026_to_publish-1.pdf,https://www.collegedata.fyi/schools/uchicago/2025-26
144050,2025,institutional_form_required,true,reported,H.802,https://bpb-us-w2.wpmucdn.com/voices.uchicago.edu/dist/8/2077/files/2026/08/CDS_2025-2026_to_publish-1.pdf,https://www.collegedata.fyi/schools/uchicago/2025-26
144050,2025,need_fully_met_count,652,reported,H.208,https://bpb-us-w2.wpmucdn.com/voices.uchicago.edu/dist/8/2077/files/2026/08/CDS_2025-2026_to_publish-1.pdf,https://www.collegedata.fyi/schools/uchicago/2025-26
144050,2025,other_institutional_form_required,true,reported,H.807,https://bpb-us-w2.wpmucdn.com/voices.uchicago.edu/dist/8/2077/files/2026/08/CDS_2025-2026_to_publish-1.pdf,https://www.collegedata.fyi/schools/uchicago/2025-26
144740,2024,aid_awarded_freshmen_count,2191,reported,H.204,https://drive.usercontent.google.com/download?id=1IdI_x1wH_nknqoRgU9P49Wvq7XZBO1Rb&export=download,https://www.collegedata.fyi/schools/depaul-university/2024-25
144740,2024,avg_need_based_grant_usd,31143,reported,H.211,https://drive.usercontent.google.com/download?id=1IdI_x1wH_nknqoRgU9P49Wvq7XZBO1Rb&export=download,https://www.collegedata.fyi/schools/depaul-university/2024-25
144740,2024,avg_need_met_percent,73,reported,H.209,https://drive.usercontent.google.com/download?id=1IdI_x1wH_nknqoRgU9P49Wvq7XZBO1Rb&export=download,https://www.collegedata.fyi/schools/depaul-university/2024-25
144740,2024,fafsa_required,true,reported,H.801,https://drive.usercontent.google.com/download?id=1IdI_x1wH_nknqoRgU9P49Wvq7XZBO1Rb&export=download,https://www.collegedata.fyi/schools/depaul-university/2024-25
144740,2024,need_fully_met_count,250,reported,H.208,https://drive.usercontent.google.com/download?id=1IdI_x1wH_nknqoRgU9P49Wvq7XZBO1Rb&export=download,https://www.collegedata.fyi/schools/depaul-university/2024-25
145619,2024,aid_awarded_freshmen_count,350,reported,H.204,https://ben.edu/wp-content/uploads/2025/04/Benedictine-University-Common-Data-Set-2024-2025.pdf,https://www.collegedata.fyi/schools/benedictine-university/2024-25
145619,2024,avg_need_based_grant_usd,16458,reported,H.211,https://ben.edu/wp-content/uploads/2025/04/Benedictine-University-Common-Data-Set-2024-2025.pdf,https://www.collegedata.fyi/schools/benedictine-university/2024-25
145619,2024,fafsa_required,true,reported,H.801,https://ben.edu/wp-content/uploads/2025/04/Benedictine-University-Common-Data-Set-2024-2025.pdf,https://www.collegedata.fyi/schools/benedictine-university/2024-25
145637,2024,aid_awarded_freshmen_count,14731,reported,H.204,https://www.dmi.illinois.edu/stuenr/misc/cds_2024_2025.xlsx,https://www.collegedata.fyi/schools/university-of-illinois-urbana-champaign/2024-25
145637,2024,avg_need_based_grant_usd,21943,reported,H.211,https://www.dmi.illinois.edu/stuenr/misc/cds_2024_2025.xlsx,https://www.collegedata.fyi/schools/university-of-illinois-urbana-champaign/2024-25
145637,2024,avg_need_met_percent,77,reported,H.209,https://www.dmi.illinois.edu/stuenr/misc/cds_2024_2025.xlsx,https://www.collegedata.fyi/schools/university-of-illinois-urbana-champaign/2024-25
145637,2024,business_farm_supplement_required,,not_collected_by_us,H.806,https://www.dmi.illinois.edu/stuenr/misc/cds_2024_2025.xlsx,https://www.collegedata.fyi/schools/university-of-illinois-urbana-champaign/2024-25
145637,2024,need_fully_met_count,2734,reported,H.208,https://www.dmi.illinois.edu/stuenr/misc/cds_2024_2025.xlsx,https://www.collegedata.fyi/schools/university-of-illinois-urbana-champaign/2024-25
145646,2024,aid_awarded_freshmen_count,350,reported,H.204,https://drive.usercontent.google.com/download?id=1n2smyitAMGAXYMiFVJFa6IWE9kXfelqr&export=download,https://www.collegedata.fyi/schools/illinois-wesleyan-university/2024-25
145646,2024,avg_need_based_grant_usd,47284,reported,H.211,https://drive.usercontent.google.com/download?id=1n2smyitAMGAXYMiFVJFa6IWE9kXfelqr&export=download,https://www.collegedata.fyi/schools/illinois-wesleyan-university/2024-25
145646,2024,avg_need_met_percent,91.5,reported,H.209,https://drive.usercontent.google.com/download?id=1n2smyitAMGAXYMiFVJFa6IWE9kXfelqr&export=download,https://www.collegedata.fyi/schools/illinois-wesleyan-university/2024-25
145646,2024,fafsa_required,true,reported,H.801,https://drive.usercontent.google.com/download?id=1n2smyitAMGAXYMiFVJFa6IWE9kXfelqr&export=download,https://www.collegedata.fyi/schools/illinois-wesleyan-university/2024-25
145646,2024,need_fully_met_count,78,reported,H.208,https://drive.usercontent.google.com/download?id=1n2smyitAMGAXYMiFVJFa6IWE9kXfelqr&export=download,https://www.collegedata.fyi/schools/illinois-wesleyan-university/2024-25
145813,2024,aid_awarded_freshmen_count,2876,reported,H.204,https://prpa.illinoisstate.edu/downloads/CDS-2024-2025_ISU_FINAL.pdf,https://www.collegedata.fyi/schools/illinois-state-university/2024-25
145813,2024,avg_need_based_grant_usd,14941,reported,H.211,https://prpa.illinoisstate.edu/downloads/CDS-2024-2025_ISU_FINAL.pdf,https://www.collegedata.fyi/schools/illinois-state-university/2024-25
145813,2024,avg_need_met_percent,69.78,reported,H.209,https://prpa.illinoisstate.edu/downloads/CDS-2024-2025_ISU_FINAL.pdf,https://www.collegedata.fyi/schools/illinois-state-university/2024-25
145813,2024,fafsa_required,true,reported,H.801,https://prpa.illinoisstate.edu/downloads/CDS-2024-2025_ISU_FINAL.pdf,https://www.collegedata.fyi/schools/illinois-state-university/2024-25
145813,2024,need_fully_met_count,352,reported,H.208,https://prpa.illinoisstate.edu/downloads/CDS-2024-2025_ISU_FINAL.pdf,https://www.collegedata.fyi/schools/illinois-state-university/2024-25
146481,2024,aid_awarded_freshmen_count,340,reported,H.204,https://drive.usercontent.google.com/download?id=1_OrsgCRpIIkeTvaw2QfQPvJpiU6DkP32&export=download,https://www.collegedata.fyi/schools/lake-forest-college/2024-25
146481,2024,avg_need_based_grant_usd,54250,reported,H.211,https://drive.usercontent.google.com/download?id=1_OrsgCRpIIkeTvaw2QfQPvJpiU6DkP32&export=download,https://www.collegedata.fyi/schools/lake-forest-college/2024-25
146481,2024,avg_need_met_percent,92,reported,H.209,https://drive.usercontent.google.com/download?id=1_OrsgCRpIIkeTvaw2QfQPvJpiU6DkP32&export=download,https://www.collegedata.fyi/schools/lake-forest-college/2024-25
146481,2024,css_profile_required,true,reported,H.803,https://drive.usercontent.google.com/download?id=1_OrsgCRpIIkeTvaw2QfQPvJpiU6DkP32&export=download,https://www.collegedata.fyi/schools/lake-forest-college/2024-25
146481,2024,fafsa_required,true,reported,H.801,https://drive.usercontent.google.com/download?id=1_OrsgCRpIIkeTvaw2QfQPvJpiU6DkP32&export=download,https://www.collegedata.fyi/schools/lake-forest-college/2024-25
146481,2024,need_fully_met_count,158,reported,H.208,https://drive.usercontent.google.com/download?id=1_OrsgCRpIIkeTvaw2QfQPvJpiU6DkP32&export=download,https://www.collegedata.fyi/schools/lake-forest-college/2024-25
146719,2025,aid_awarded_freshmen_count,1743,reported,H.204,https://www.luc.edu/media/lucedu/oie/CDS%202025-26%20-%20Loyola%20University%20Chicago%20-%20Final_af.pdf,https://www.collegedata.fyi/schools/loyola-university-chicago/2025-26
146719,2025,avg_need_based_grant_usd,35854,reported,H.211,https://www.luc.edu/media/lucedu/oie/CDS%202025-26%20-%20Loyola%20University%20Chicago%20-%20Final_af.pdf,https://www.collegedata.fyi/schools/loyola-university-chicago/2025-26
146719,2025,avg_need_met_percent,83.8,reported,H.209,https://www.luc.edu/media/lucedu/oie/CDS%202025-26%20-%20Loyola%20University%20Chicago%20-%20Final_af.pdf,https://www.collegedata.fyi/schools/loyola-university-chicago/2025-26
146719,2025,fafsa_required,true,reported,H.801,https://www.luc.edu/media/lucedu/oie/CDS%202025-26%20-%20Loyola%20University%20Chicago%20-%20Final_af.pdf,https://www.collegedata.fyi/schools/loyola-university-chicago/2025-26
146719,2025,need_fully_met_count,334,reported,H.208,https://www.luc.edu/media/lucedu/oie/CDS%202025-26%20-%20Loyola%20University%20Chicago%20-%20Final_af.pdf,https://www.collegedata.fyi/schools/loyola-university-chicago/2025-26
147660,2024,aid_awarded_freshmen_count,349,reported,H.204,https://www.northcentralcollege.edu/sites/default/files/Common%20Data%20Set_2024-2025.pdf,https://www.collegedata.fyi/schools/north-central-college/2024-25
147660,2024,avg_need_based_grant_usd,33719,reported,H.211,https://www.northcentralcollege.edu/sites/default/files/Common%20Data%20Set_2024-2025.pdf,https://www.collegedata.fyi/schools/north-central-college/2024-25
147660,2024,avg_need_met_percent,84.8,reported,H.209,https://www.northcentralcollege.edu/sites/default/files/Common%20Data%20Set_2024-2025.pdf,https://www.collegedata.fyi/schools/north-central-college/2024-25
147660,2024,fafsa_required,true,reported,H.801,https://www.northcentralcollege.edu/sites/default/files/Common%20Data%20Set_2024-2025.pdf,https://www.collegedata.fyi/schools/north-central-college/2024-25
147660,2024,need_fully_met_count,99,reported,H.208,https://www.northcentralcollege.edu/sites/default/files/Common%20Data%20Set_2024-2025.pdf,https://www.collegedata.fyi/schools/north-central-college/2024-25
147767,2024,aid_awarded_freshmen_count,950,reported,H.204,https://drive.usercontent.google.com/download?id=1w2QtvSXBK8cuV3r10E4g3-beRqP0lilk&export=download,https://www.collegedata.fyi/schools/northwestern/2024-25
148131,2025,aid_awarded_freshmen_count,227,reported,H.204,https://www.quincy.edu/wp-content/uploads/2026/03/CDS-PDF-2025-2026_PDF_Template-quincy-university-working-final.pdf,https://www.collegedata.fyi/schools/quincy-university/2025-26
148131,2025,avg_need_based_grant_usd,29909,reported,H.211,https://www.quincy.edu/wp-content/uploads/2026/03/CDS-PDF-2025-2026_PDF_Template-quincy-university-working-final.pdf,https://www.collegedata.fyi/schools/quincy-university/2025-26
148131,2025,avg_need_met_percent,70.82,reported,H.209,https://www.quincy.edu/wp-content/uploads/2026/03/CDS-PDF-2025-2026_PDF_Template-quincy-university-working-final.pdf,https://www.collegedata.fyi/schools/quincy-university/2025-26
148131,2025,fafsa_required,true,reported,H.801,https://www.quincy.edu/wp-content/uploads/2026/03/CDS-PDF-2025-2026_PDF_Template-quincy-university-working-final.pdf,https://www.collegedata.fyi/schools/quincy-university/2025-26
148496,2025,aid_awarded_freshmen_count,509,reported,H.204,https://www.dom.edu/sites/default/files/2026-01/OIE_CDS_2025-2026_Final_12_11_25.pdf,https://www.collegedata.fyi/schools/dominican-university/2025-26
148496,2025,avg_need_based_grant_usd,32674,reported,H.211,https://www.dom.edu/sites/default/files/2026-01/OIE_CDS_2025-2026_Final_12_11_25.pdf,https://www.collegedata.fyi/schools/dominican-university/2025-26
148496,2025,avg_need_met_percent,84.3,reported,H.209,https://www.dom.edu/sites/default/files/2026-01/OIE_CDS_2025-2026_Final_12_11_25.pdf,https://www.collegedata.fyi/schools/dominican-university/2025-26
148496,2025,fafsa_required,true,reported,H.801,https://www.dom.edu/sites/default/files/2026-01/OIE_CDS_2025-2026_Final_12_11_25.pdf,https://www.collegedata.fyi/schools/dominican-university/2025-26
148496,2025,need_fully_met_count,74,reported,H.208,https://www.dom.edu/sites/default/files/2026-01/OIE_CDS_2025-2026_Final_12_11_25.pdf,https://www.collegedata.fyi/schools/dominican-university/2025-26
150163,2024,aid_awarded_freshmen_count,576,reported,H.204,https://drive.usercontent.google.com/download?id=1EwcVaexL3MUER9jj_mWnF4l2AF-JWB2Z&export=download,https://www.collegedata.fyi/schools/butler-university/2024-25
150400,2024,aid_awarded_freshmen_count,280,reported,H.204,https://drive.usercontent.google.com/download?id=1H0BDWS4g91wjnlSqI9HfncCRb9rTBud2&export=download,https://www.collegedata.fyi/schools/depauw-university/2024-25
150400,2024,avg_need_based_grant_usd,49430,reported,H.211,https://drive.usercontent.google.com/download?id=1H0BDWS4g91wjnlSqI9HfncCRb9rTBud2&export=download,https://www.collegedata.fyi/schools/depauw-university/2024-25
150400,2024,avg_need_met_percent,89.2,reported,H.209,https://drive.usercontent.google.com/download?id=1H0BDWS4g91wjnlSqI9HfncCRb9rTBud2&export=download,https://www.collegedata.fyi/schools/depauw-university/2024-25
150400,2024,fafsa_required,true,reported,H.801,https://drive.usercontent.google.com/download?id=1H0BDWS4g91wjnlSqI9HfncCRb9rTBud2&export=download,https://www.collegedata.fyi/schools/depauw-university/2024-25
150400,2024,need_fully_met_count,93,reported,H.208,https://drive.usercontent.google.com/download?id=1H0BDWS4g91wjnlSqI9HfncCRb9rTBud2&export=download,https://www.collegedata.fyi/schools/depauw-university/2024-25
150455,2024,aid_awarded_freshmen_count,171,reported,H.204,https://earlham.edu/wp-content/uploads/2025/01/CDS-2024-2025-PDF.pdf,https://www.collegedata.fyi/schools/earlham-college/2024-25
150455,2024,avg_need_based_grant_usd,41662,reported,H.211,https://earlham.edu/wp-content/uploads/2025/01/CDS-2024-2025-PDF.pdf,https://www.collegedata.fyi/schools/earlham-college/2024-25
150455,2024,avg_need_met_percent,88,reported,H.209,https://earlham.edu/wp-content/uploads/2025/01/CDS-2024-2025-PDF.pdf,https://www.collegedata.fyi/schools/earlham-college/2024-25
150455,2024,fafsa_required,true,reported,H.801,https://earlham.edu/wp-content/uploads/2025/01/CDS-2024-2025-PDF.pdf,https://www.collegedata.fyi/schools/earlham-college/2024-25
150455,2024,need_fully_met_count,44,reported,H.208,https://earlham.edu/wp-content/uploads/2025/01/CDS-2024-2025-PDF.pdf,https://www.collegedata.fyi/schools/earlham-college/2024-25
151306,2024,aid_awarded_freshmen_count,820,reported,H.204,https://www.usi.edu/media/jkvps14g/pdf-cds_2024-2025.pdf,https://www.collegedata.fyi/schools/university-of-southern-indiana/2024-25
151306,2024,avg_need_based_grant_usd,12305,reported,H.211,https://www.usi.edu/media/jkvps14g/pdf-cds_2024-2025.pdf,https://www.collegedata.fyi/schools/university-of-southern-indiana/2024-25
151306,2024,avg_need_met_percent,83.9,reported,H.209,https://www.usi.edu/media/jkvps14g/pdf-cds_2024-2025.pdf,https://www.collegedata.fyi/schools/university-of-southern-indiana/2024-25
151306,2024,fafsa_required,true,reported,H.801,https://www.usi.edu/media/jkvps14g/pdf-cds_2024-2025.pdf,https://www.collegedata.fyi/schools/university-of-southern-indiana/2024-25
151306,2024,need_fully_met_count,518,reported,H.208,https://www.usi.edu/media/jkvps14g/pdf-cds_2024-2025.pdf,https://www.collegedata.fyi/schools/university-of-southern-indiana/2024-25
152080,2025,aid_awarded_freshmen_count,1142,reported,H.204,https://drive.usercontent.google.com/download?id=1yWm48DwrNsGJJmw8ZEcx4T1pj2xunXQq&export=download,https://www.collegedata.fyi/schools/university-of-notre-dame/2025-26
152080,2025,avg_need_based_grant_usd,60952,reported,H.211,https://drive.usercontent.google.com/download?id=1yWm48DwrNsGJJmw8ZEcx4T1pj2xunXQq&export=download,https://www.collegedata.fyi/schools/university-of-notre-dame/2025-26
152080,2025,avg_need_met_percent,100,reported,H.209,https://drive.usercontent.google.com/download?id=1yWm48DwrNsGJJmw8ZEcx4T1pj2xunXQq&export=download,https://www.collegedata.fyi/schools/university-of-notre-dame/2025-26
152080,2025,css_profile_required,true,reported,H.803,https://drive.usercontent.google.com/download?id=1yWm48DwrNsGJJmw8ZEcx4T1pj2xunXQq&export=download,https://www.collegedata.fyi/schools/university-of-notre-dame/2025-26
152080,2025,fafsa_required,true,reported,H.801,https://drive.usercontent.google.com/download?id=1yWm48DwrNsGJJmw8ZEcx4T1pj2xunXQq&export=download,https://www.collegedata.fyi/schools/university-of-notre-dame/2025-26
152080,2025,need_fully_met_count,1142,reported,H.208,https://drive.usercontent.google.com/download?id=1yWm48DwrNsGJJmw8ZEcx4T1pj2xunXQq&export=download,https://www.collegedata.fyi/schools/university-of-notre-dame/2025-26
152080,2025,other_institutional_form_required,true,reported,H.807,https://drive.usercontent.google.com/download?id=1yWm48DwrNsGJJmw8ZEcx4T1pj2xunXQq&export=download,https://www.collegedata.fyi/schools/university-of-notre-dame/2025-26
152600,2025,aid_awarded_freshmen_count,432,reported,H.204,https://www.valpo.edu/wp-content/uploads/2026/06/CDS_2025-2026-PDF_v4_2026.06.10.pdf,https://www.collegedata.fyi/schools/valparaiso-university/2025-26
152600,2025,avg_need_based_grant_usd,41470,reported,H.211,https://www.valpo.edu/wp-content/uploads/2026/06/CDS_2025-2026-PDF_v4_2026.06.10.pdf,https://www.collegedata.fyi/schools/valparaiso-university/2025-26
152600,2025,avg_need_met_percent,94,reported,H.209,https://www.valpo.edu/wp-content/uploads/2026/06/CDS_2025-2026-PDF_v4_2026.06.10.pdf,https://www.collegedata.fyi/schools/valparaiso-university/2025-26
152600,2025,fafsa_required,true,reported,H.801,https://www.valpo.edu/wp-content/uploads/2026/06/CDS_2025-2026-PDF_v4_2026.06.10.pdf,https://www.collegedata.fyi/schools/valparaiso-university/2025-26
152600,2025,need_fully_met_count,256,reported,H.208,https://www.valpo.edu/wp-content/uploads/2026/06/CDS_2025-2026-PDF_v4_2026.06.10.pdf,https://www.collegedata.fyi/schools/valparaiso-university/2025-26
152673,2025,aid_awarded_freshmen_count,166,reported,H.204,https://www.wabash.edu/institutional_research/docs/cds-2025-2026.xlsx,https://www.collegedata.fyi/schools/wabash-college/2025-26
152673,2025,avg_need_based_grant_usd,47705,reported,H.211,https://www.wabash.edu/institutional_research/docs/cds-2025-2026.xlsx,https://www.collegedata.fyi/schools/wabash-college/2025-26
152673,2025,avg_need_met_percent,94,reported,H.209,https://www.wabash.edu/institutional_research/docs/cds-2025-2026.xlsx,https://www.collegedata.fyi/schools/wabash-college/2025-26
152673,2025,fafsa_required,true,reported,H.801,https://www.wabash.edu/institutional_research/docs/cds-2025-2026.xlsx,https://www.collegedata.fyi/schools/wabash-college/2025-26
152673,2025,need_fully_met_count,105,reported,H.208,https://www.wabash.edu/institutional_research/docs/cds-2025-2026.xlsx,https://www.collegedata.fyi/schools/wabash-college/2025-26
153108,2024,aid_awarded_freshmen_count,195,reported,H.204,https://departments.central.edu/wp-content/uploads/sites/17/files/2025/05/2024-25-CDS-FINAL-Central-College-IA.pdf,https://www.collegedata.fyi/schools/central-college/2024-25
153108,2024,avg_need_based_grant_usd,17171,reported,H.211,https://departments.central.edu/wp-content/uploads/sites/17/files/2025/05/2024-25-CDS-FINAL-Central-College-IA.pdf,https://www.collegedata.fyi/schools/central-college/2024-25
153108,2024,avg_need_met_percent,79.3,reported,H.209,https://departments.central.edu/wp-content/uploads/sites/17/files/2025/05/2024-25-CDS-FINAL-Central-College-IA.pdf,https://www.collegedata.fyi/schools/central-college/2024-25
153108,2024,fafsa_required,true,reported,H.801,https://departments.central.edu/wp-content/uploads/sites/17/files/2025/05/2024-25-CDS-FINAL-Central-College-IA.pdf,https://www.collegedata.fyi/schools/central-college/2024-25
153108,2024,need_fully_met_count,47,reported,H.208,https://departments.central.edu/wp-content/uploads/sites/17/files/2025/05/2024-25-CDS-FINAL-Central-College-IA.pdf,https://www.collegedata.fyi/schools/central-college/2024-25
153384,2024,aid_awarded_freshmen_count,298,reported,H.204,https://drive.usercontent.google.com/download?id=1VYF-nDPRFsRgSqcCKysq67uwp_LXeliM&export=download,https://www.collegedata.fyi/schools/grinnell-college/2024-25
153384,2024,avg_need_based_grant_usd,64543,reported,H.211,https://drive.usercontent.google.com/download?id=1VYF-nDPRFsRgSqcCKysq67uwp_LXeliM&export=download,https://www.collegedata.fyi/schools/grinnell-college/2024-25
153384,2024,avg_need_met_percent,100,reported,H.209,https://drive.usercontent.google.com/download?id=1VYF-nDPRFsRgSqcCKysq67uwp_LXeliM&export=download,https://www.collegedata.fyi/schools/grinnell-college/2024-25
153384,2024,business_farm_supplement_required,,not_collected_by_us,H.806,https://drive.usercontent.google.com/download?id=1VYF-nDPRFsRgSqcCKysq67uwp_LXeliM&export=download,https://www.collegedata.fyi/schools/grinnell-college/2024-25
153384,2024,css_profile_required,true,reported,H.803,https://drive.usercontent.google.com/download?id=1VYF-nDPRFsRgSqcCKysq67uwp_LXeliM&export=download,https://www.collegedata.fyi/schools/grinnell-college/2024-25
153384,2024,fafsa_required,true,reported,H.801,https://drive.usercontent.google.com/download?id=1VYF-nDPRFsRgSqcCKysq67uwp_LXeliM&export=download,https://www.collegedata.fyi/schools/grinnell-college/2024-25
153384,2024,need_fully_met_count,298,reported,H.208,https://drive.usercontent.google.com/download?id=1VYF-nDPRFsRgSqcCKysq67uwp_LXeliM&export=download,https://www.collegedata.fyi/schools/grinnell-college/2024-25
153384,2024,noncustodial_css_profile_required,true,reported,H.805,https://drive.usercontent.google.com/download?id=1VYF-nDPRFsRgSqcCKysq67uwp_LXeliM&export=download,https://www.collegedata.fyi/schools/grinnell-college/2024-25
153384,2024,other_institutional_form_required,,not_collected_by_us,H.807,https://drive.usercontent.google.com/download?id=1VYF-nDPRFsRgSqcCKysq67uwp_LXeliM&export=download,https://www.collegedata.fyi/schools/grinnell-college/2024-25
154095,2025,aid_awarded_freshmen_count,774,reported,H.204,https://ie.uni.edu/sites/default/files/inline-uploads/CDS-2025-2026%20Updated%208.18.26.pdf,https://www.collegedata.fyi/schools/university-of-northern-iowa/2025-26
154095,2025,avg_need_based_grant_usd,6037,reported,H.211,https://ie.uni.edu/sites/default/files/inline-uploads/CDS-2025-2026%20Updated%208.18.26.pdf,https://www.collegedata.fyi/schools/university-of-northern-iowa/2025-26
154095,2025,avg_need_met_percent,61.17,reported,H.209,https://ie.uni.edu/sites/default/files/inline-uploads/CDS-2025-2026%20Updated%208.18.26.pdf,https://www.collegedata.fyi/schools/university-of-northern-iowa/2025-26
154095,2025,fafsa_required,true,reported,H.801,https://ie.uni.edu/sites/default/files/inline-uploads/CDS-2025-2026%20Updated%208.18.26.pdf,https://www.collegedata.fyi/schools/university-of-northern-iowa/2025-26
154095,2025,need_fully_met_count,142,reported,H.208,https://ie.uni.edu/sites/default/files/inline-uploads/CDS-2025-2026%20Updated%208.18.26.pdf,https://www.collegedata.fyi/schools/university-of-northern-iowa/2025-26
154235,2025,aid_awarded_freshmen_count,321,reported,H.204,https://sau.edu/media/content-assets/pdfs/consumer-information/SAU-Common-Data-Set-2025-26.pdf,https://www.collegedata.fyi/schools/saint-ambrose-university/2025-26
154235,2025,avg_need_based_grant_usd,31520,reported,H.211,https://sau.edu/media/content-assets/pdfs/consumer-information/SAU-Common-Data-Set-2025-26.pdf,https://www.collegedata.fyi/schools/saint-ambrose-university/2025-26
154235,2025,avg_need_met_percent,77,reported,H.209,https://sau.edu/media/content-assets/pdfs/consumer-information/SAU-Common-Data-Set-2025-26.pdf,https://www.collegedata.fyi/schools/saint-ambrose-university/2025-26
154235,2025,need_fully_met_count,204,reported,H.208,https://sau.edu/media/content-assets/pdfs/consumer-information/SAU-Common-Data-Set-2025-26.pdf,https://www.collegedata.fyi/schools/saint-ambrose-university/2025-26
155399,2025,aid_awarded_freshmen_count,1612,reported,H.204,https://www.k-state.edu/data/institutional-research/resources/common-data-set/CDS_2025_2026.pdf,https://www.collegedata.fyi/schools/kansas-state-university/2025-26
155399,2025,avg_need_based_grant_usd,8106,reported,H.211,https://www.k-state.edu/data/institutional-research/resources/common-data-set/CDS_2025_2026.pdf,https://www.collegedata.fyi/schools/kansas-state-university/2025-26
155399,2025,avg_need_met_percent,79,reported,H.209,https://www.k-state.edu/data/institutional-research/resources/common-data-set/CDS_2025_2026.pdf,https://www.collegedata.fyi/schools/kansas-state-university/2025-26
155399,2025,fafsa_required,true,reported,H.801,https://www.k-state.edu/data/institutional-research/resources/common-data-set/CDS_2025_2026.pdf,https://www.collegedata.fyi/schools/kansas-state-university/2025-26
155399,2025,need_fully_met_count,513,reported,H.208,https://www.k-state.edu/data/institutional-research/resources/common-data-set/CDS_2025_2026.pdf,https://www.collegedata.fyi/schools/kansas-state-university/2025-26
156125,2025,aid_awarded_freshmen_count,1147,reported,H.204,https://www.wichita.edu/services/planning_and_analysis/documents/WSU_2025_2026_CDS_OPAweb.xlsx,https://www.collegedata.fyi/schools/wichita-state-university/2025-26
156125,2025,avg_need_based_grant_usd,8768,reported,H.211,https://www.wichita.edu/services/planning_and_analysis/documents/WSU_2025_2026_CDS_OPAweb.xlsx,https://www.collegedata.fyi/schools/wichita-state-university/2025-26
156125,2025,avg_need_met_percent,60,reported,H.209,https://www.wichita.edu/services/planning_and_analysis/documents/WSU_2025_2026_CDS_OPAweb.xlsx,https://www.collegedata.fyi/schools/wichita-state-university/2025-26
156125,2025,fafsa_required,true,reported,H.801,https://www.wichita.edu/services/planning_and_analysis/documents/WSU_2025_2026_CDS_OPAweb.xlsx,https://www.collegedata.fyi/schools/wichita-state-university/2025-26
156125,2025,need_fully_met_count,131,reported,H.208,https://www.wichita.edu/services/planning_and_analysis/documents/WSU_2025_2026_CDS_OPAweb.xlsx,https://www.collegedata.fyi/schools/wichita-state-university/2025-26
156125,2025,other_institutional_form_required,true,reported,H.807,https://www.wichita.edu/services/planning_and_analysis/documents/WSU_2025_2026_CDS_OPAweb.xlsx,https://www.collegedata.fyi/schools/wichita-state-university/2025-26
156125,2025,state_aid_form_required,true,reported,H.804,https://www.wichita.edu/services/planning_and_analysis/documents/WSU_2025_2026_CDS_OPAweb.xlsx,https://www.collegedata.fyi/schools/wichita-state-university/2025-26
156408,2025,aid_awarded_freshmen_count,245,reported,H.204,https://www.centre.edu/documents/2025-2026-common-data,https://www.collegedata.fyi/schools/centre-college/2025-26
156408,2025,avg_need_based_grant_usd,53223,reported,H.211,https://www.centre.edu/documents/2025-2026-common-data,https://www.collegedata.fyi/schools/centre-college/2025-26
156408,2025,avg_need_met_percent,99,reported,H.209,https://www.centre.edu/documents/2025-2026-common-data,https://www.collegedata.fyi/schools/centre-college/2025-26
156408,2025,css_profile_required,true,reported,H.803,https://www.centre.edu/documents/2025-2026-common-data,https://www.collegedata.fyi/schools/centre-college/2025-26
156408,2025,fafsa_required,true,reported,H.801,https://www.centre.edu/documents/2025-2026-common-data,https://www.collegedata.fyi/schools/centre-college/2025-26
156408,2025,need_fully_met_count,219,reported,H.208,https://www.centre.edu/documents/2025-2026-common-data,https://www.collegedata.fyi/schools/centre-college/2025-26
157058,2025,aid_awarded_freshmen_count,303,reported,H.204,https://www.kysu.edu/documents/institutional-research/CDS%202025-2026.pdf,https://www.collegedata.fyi/schools/kentucky-state-university/2025-26
157058,2025,avg_need_based_grant_usd,10293,reported,H.211,https://www.kysu.edu/documents/institutional-research/CDS%202025-2026.pdf,https://www.collegedata.fyi/schools/kentucky-state-university/2025-26
157058,2025,avg_need_met_percent,34.67,reported,H.209,https://www.kysu.edu/documents/institutional-research/CDS%202025-2026.pdf,https://www.collegedata.fyi/schools/kentucky-state-university/2025-26
157058,2025,fafsa_required,true,reported,H.801,https://www.kysu.edu/documents/institutional-research/CDS%202025-2026.pdf,https://www.collegedata.fyi/schools/kentucky-state-university/2025-26
157058,2025,need_fully_met_count,11,reported,H.208,https://www.kysu.edu/documents/institutional-research/CDS%202025-2026.pdf,https://www.collegedata.fyi/schools/kentucky-state-university/2025-26
157085,2024,aid_awarded_freshmen_count,3578,reported,H.204,https://irads.uky.edu/sites/default/files/2025-07/cds-2024-2025_0.pdf,https://www.collegedata.fyi/schools/university-of-kentucky/2024-25
157085,2024,avg_need_based_grant_usd,9636,reported,H.211,https://irads.uky.edu/sites/default/files/2025-07/cds-2024-2025_0.pdf,https://www.collegedata.fyi/schools/university-of-kentucky/2024-25
157085,2024,avg_need_met_percent,58.8,reported,H.209,https://irads.uky.edu/sites/default/files/2025-07/cds-2024-2025_0.pdf,https://www.collegedata.fyi/schools/university-of-kentucky/2024-25
157085,2024,fafsa_required,true,reported,H.801,https://irads.uky.edu/sites/default/files/2025-07/cds-2024-2025_0.pdf,https://www.collegedata.fyi/schools/university-of-kentucky/2024-25
157085,2024,need_fully_met_count,507,reported,H.208,https://irads.uky.edu/sites/default/files/2025-07/cds-2024-2025_0.pdf,https://www.collegedata.fyi/schools/university-of-kentucky/2024-25
157289,2024,aid_awarded_freshmen_count,1976,reported,H.204,https://drive.usercontent.google.com/download?id=14lbBcIAcvM1hj6bU4hGVQ1FikU9K_jBe&export=download,https://www.collegedata.fyi/schools/university-of-louisville/2024-25
157289,2024,avg_need_based_grant_usd,16423.24,reported,H.211,https://drive.usercontent.google.com/download?id=14lbBcIAcvM1hj6bU4hGVQ1FikU9K_jBe&export=download,https://www.collegedata.fyi/schools/university-of-louisville/2024-25
157289,2024,avg_need_met_percent,65,reported,H.209,https://drive.usercontent.google.com/download?id=14lbBcIAcvM1hj6bU4hGVQ1FikU9K_jBe&export=download,https://www.collegedata.fyi/schools/university-of-louisville/2024-25
157289,2024,fafsa_required,true,reported,H.801,https://drive.usercontent.google.com/download?id=14lbBcIAcvM1hj6bU4hGVQ1FikU9K_jBe&export=download,https://www.collegedata.fyi/schools/university-of-louisville/2024-25
157289,2024,need_fully_met_count,398,reported,H.208,https://drive.usercontent.google.com/download?id=14lbBcIAcvM1hj6bU4hGVQ1FikU9K_jBe&export=download,https://www.collegedata.fyi/schools/university-of-louisville/2024-25
157386,2024,aid_awarded_freshmen_count,935,reported,H.204,https://www.moreheadstate.edu/_files/files/about-msu/leadership/ppe-institutional-research/cds-2025-2026.pdf,https://www.collegedata.fyi/schools/morehead-state-university/2024-25
157386,2024,avg_need_based_grant_usd,10082,reported,H.211,https://www.moreheadstate.edu/_files/files/about-msu/leadership/ppe-institutional-research/cds-2025-2026.pdf,https://www.collegedata.fyi/schools/morehead-state-university/2024-25
157386,2024,avg_need_met_percent,69.3,reported,H.209,https://www.moreheadstate.edu/_files/files/about-msu/leadership/ppe-institutional-research/cds-2025-2026.pdf,https://www.collegedata.fyi/schools/morehead-state-university/2024-25
157386,2024,fafsa_required,true,reported,H.801,https://www.moreheadstate.edu/_files/files/about-msu/leadership/ppe-institutional-research/cds-2025-2026.pdf,https://www.collegedata.fyi/schools/morehead-state-university/2024-25
157386,2024,need_fully_met_count,292,reported,H.208,https://www.moreheadstate.edu/_files/files/about-msu/leadership/ppe-institutional-research/cds-2025-2026.pdf,https://www.collegedata.fyi/schools/morehead-state-university/2024-25
157535,2025,aid_awarded_freshmen_count,317,reported,H.204,https://www.upike.edu/wp-content/uploads/2025/11/common-data-set-2025.pdf,https://www.collegedata.fyi/schools/university-of-pikeville/2025-26
157535,2025,avg_need_based_grant_usd,23829,reported,H.211,https://www.upike.edu/wp-content/uploads/2025/11/common-data-set-2025.pdf,https://www.collegedata.fyi/schools/university-of-pikeville/2025-26
157535,2025,avg_need_met_percent,79,reported,H.209,https://www.upike.edu/wp-content/uploads/2025/11/common-data-set-2025.pdf,https://www.collegedata.fyi/schools/university-of-pikeville/2025-26
157535,2025,need_fully_met_count,93,reported,H.208,https://www.upike.edu/wp-content/uploads/2025/11/common-data-set-2025.pdf,https://www.collegedata.fyi/schools/university-of-pikeville/2025-26
159647,2025,aid_awarded_freshmen_count,1311,reported,H.204,https://oierp.latech.edu/documents/2026/06/common-data-set-2025-2026.xlsx/,https://www.collegedata.fyi/schools/louisiana-tech-university/2025-26
159647,2025,avg_need_based_grant_usd,13113,reported,H.211,https://oierp.latech.edu/documents/2026/06/common-data-set-2025-2026.xlsx/,https://www.collegedata.fyi/schools/louisiana-tech-university/2025-26
159647,2025,avg_need_met_percent,72.46,reported,H.209,https://oierp.latech.edu/documents/2026/06/common-data-set-2025-2026.xlsx/,https://www.collegedata.fyi/schools/louisiana-tech-university/2025-26
159647,2025,fafsa_required,true,reported,H.801,https://oierp.latech.edu/documents/2026/06/common-data-set-2025-2026.xlsx/,https://www.collegedata.fyi/schools/louisiana-tech-university/2025-26
159647,2025,need_fully_met_count,261,reported,H.208,https://oierp.latech.edu/documents/2026/06/common-data-set-2025-2026.xlsx/,https://www.collegedata.fyi/schools/louisiana-tech-university/2025-26
160755,2025,aid_awarded_freshmen_count,665,reported,H.204,https://public.boxcloud.com/d/1/b1!TimUw6HxLtb1peufkVFX6Ik2ZW68ARi2lhG_9NsyvkUjJb_3qc7KEtyLYEEJUn46bGAwLoPoSxAuympoD2layXCrSn-HP-WCRkj-jvEw76p02X7h2A5YHPOfSApMrbyY8b1UZuwqw_Vd6K922LERD0VAnIJ0-lJbyvjjs4tcDVkbU7ooQwhM9eiriB32BqiJ4tZUFiYdfnC43IwEmXU3PUvyoubWh0u2wXNC7Yy7IOnwDEf5IafNiS6fugKLrXdlqARjj9H8heJU0_b0KlPBNkF7MR5ugq-bjcVB7MwSCnueatPzDZuTWehzaS6OpAATZ-4t-swNzMs6e1a4GySgYdAbPfUhyw6H1rjlhm_zr1K3U-B2jfmu-loC5AdzDwZBSxw-YtIr4q8HGJFRuGUf1x9m8JiEODoHlqCn-cee1kOFIcOI9g1D2SN08UJX2jh2KLFdLPIOLk5Hvo-iR3MTDnb7Z4nL-JF-jsFx6cELZlH91CzlQiR_SxGjCfZlj1KfzP71bp1qapfQXUfY4POAtgVjvtXkC-GS2BnVOo5DXU_E446Yto3MlOkcVxaidbicrKUMs4QHpcjb_l90jfnOLV4N6hGsoPf8oISpbHsZNFlYdQiKlLfuIiMEo7pr_d_ilkUZPsyNm_1ipjmgT3BbC1kl7DC41aMvkK4kHbQeh85K6TZJCBcxuNxgQyXw0c6_gJ0YYWCaCW6P8yhge_FP1R56cDohrmG9bi6jHCkLkN07P5A4tysA_-OuKdnv2WlATL99s1wMji007i9CAQfYdi-edpDiSN77urLi7W2hghja6jCvfb1tvbj0yd07-yUR076qt2okixxEvU2A3pyB8QiqGcQQGf3uyGfN3OQRgaQdab1eSPRTLJVZ1xbzcfJqD6tJVwFxp4U9NruqjLzMf_cGdqqEzBH0KWeQjUkLuP6-ZoDjWleqcmmKd1M4zdDDy1bgRu6JlQIFhUsapPUJEnKL37drgMaqhr7GFONiwKJ_nvJ_1Zo12hPwG_pzbHYvO8I2m-7CWcZIrmadjs9KzA_3vaWPJwdu_F9LDL4vIMdiEZRrv7VgOpcWvygWR69nANnt7tgmmCTGnioVxBuqTtztvw8v2J1tWgjhOSl9GDvXrf6xauHcP_z3vY0kpUjrAEen17-Uif7EC5HdQEJ3pHvrahUIIRBHlK2bo5QHj1XKvlo2gSoFKbtaj2cR2dOmmUHmbiaCLZPeUon5MuPfZVbXkfWwbGRCXysidL62yykuTnw02g_TDu2p3so45YfWGHjehMvG_1tEa85sLz5yVmlCIvEaQB1if6aWqOXyQTCpgTnPoOl7c2A-jfM-3PApbhgR7fxgiulAdTw3w1PDy-O9LKDfsheCdJ3qhhvVw5dpyPyVloEaw0kjBoSDRMb-8dwlH3YSdbUvinisH5eJmDyYD2jT1iKS66SQU-iklAFTHqkp1tBQyjMGnkse5TuM1FEglKoeb7VMa0IipOi0YrxpUBN_BoKnIXpe_4grU7d5XzA4F8zwbvjkOLRnqODG3PlZyu3I1HM98iAjpLBpnM8PRqW942NnDR_B0fe-caUNypMuHXKGo5wFFA0ORa7Ewc7hMd36yhJEZzSI_lnuvJYZu8t4tUg./download,https://www.collegedata.fyi/schools/tulane-university-of-louisiana/2025-26
160755,2025,avg_need_based_grant_usd,64125,reported,H.211,https://public.boxcloud.com/d/1/b1!TimUw6HxLtb1peufkVFX6Ik2ZW68ARi2lhG_9NsyvkUjJb_3qc7KEtyLYEEJUn46bGAwLoPoSxAuympoD2layXCrSn-HP-WCRkj-jvEw76p02X7h2A5YHPOfSApMrbyY8b1UZuwqw_Vd6K922LERD0VAnIJ0-lJbyvjjs4tcDVkbU7ooQwhM9eiriB32BqiJ4tZUFiYdfnC43IwEmXU3PUvyoubWh0u2wXNC7Yy7IOnwDEf5IafNiS6fugKLrXdlqARjj9H8heJU0_b0KlPBNkF7MR5ugq-bjcVB7MwSCnueatPzDZuTWehzaS6OpAATZ-4t-swNzMs6e1a4GySgYdAbPfUhyw6H1rjlhm_zr1K3U-B2jfmu-loC5AdzDwZBSxw-YtIr4q8HGJFRuGUf1x9m8JiEODoHlqCn-cee1kOFIcOI9g1D2SN08UJX2jh2KLFdLPIOLk5Hvo-iR3MTDnb7Z4nL-JF-jsFx6cELZlH91CzlQiR_SxGjCfZlj1KfzP71bp1qapfQXUfY4POAtgVjvtXkC-GS2BnVOo5DXU_E446Yto3MlOkcVxaidbicrKUMs4QHpcjb_l90jfnOLV4N6hGsoPf8oISpbHsZNFlYdQiKlLfuIiMEo7pr_d_ilkUZPsyNm_1ipjmgT3BbC1kl7DC41aMvkK4kHbQeh85K6TZJCBcxuNxgQyXw0c6_gJ0YYWCaCW6P8yhge_FP1R56cDohrmG9bi6jHCkLkN07P5A4tysA_-OuKdnv2WlATL99s1wMji007i9CAQfYdi-edpDiSN77urLi7W2hghja6jCvfb1tvbj0yd07-yUR076qt2okixxEvU2A3pyB8QiqGcQQGf3uyGfN3OQRgaQdab1eSPRTLJVZ1xbzcfJqD6tJVwFxp4U9NruqjLzMf_cGdqqEzBH0KWeQjUkLuP6-ZoDjWleqcmmKd1M4zdDDy1bgRu6JlQIFhUsapPUJEnKL37drgMaqhr7GFONiwKJ_nvJ_1Zo12hPwG_pzbHYvO8I2m-7CWcZIrmadjs9KzA_3vaWPJwdu_F9LDL4vIMdiEZRrv7VgOpcWvygWR69nANnt7tgmmCTGnioVxBuqTtztvw8v2J1tWgjhOSl9GDvXrf6xauHcP_z3vY0kpUjrAEen17-Uif7EC5HdQEJ3pHvrahUIIRBHlK2bo5QHj1XKvlo2gSoFKbtaj2cR2dOmmUHmbiaCLZPeUon5MuPfZVbXkfWwbGRCXysidL62yykuTnw02g_TDu2p3so45YfWGHjehMvG_1tEa85sLz5yVmlCIvEaQB1if6aWqOXyQTCpgTnPoOl7c2A-jfM-3PApbhgR7fxgiulAdTw3w1PDy-O9LKDfsheCdJ3qhhvVw5dpyPyVloEaw0kjBoSDRMb-8dwlH3YSdbUvinisH5eJmDyYD2jT1iKS66SQU-iklAFTHqkp1tBQyjMGnkse5TuM1FEglKoeb7VMa0IipOi0YrxpUBN_BoKnIXpe_4grU7d5XzA4F8zwbvjkOLRnqODG3PlZyu3I1HM98iAjpLBpnM8PRqW942NnDR_B0fe-caUNypMuHXKGo5wFFA0ORa7Ewc7hMd36yhJEZzSI_lnuvJYZu8t4tUg./download,https://www.collegedata.fyi/schools/tulane-university-of-louisiana/2025-26
160755,2025,avg_need_met_percent,94.3,reported,H.209,https://public.boxcloud.com/d/1/b1!TimUw6HxLtb1peufkVFX6Ik2ZW68ARi2lhG_9NsyvkUjJb_3qc7KEtyLYEEJUn46bGAwLoPoSxAuympoD2layXCrSn-HP-WCRkj-jvEw76p02X7h2A5YHPOfSApMrbyY8b1UZuwqw_Vd6K922LERD0VAnIJ0-lJbyvjjs4tcDVkbU7ooQwhM9eiriB32BqiJ4tZUFiYdfnC43IwEmXU3PUvyoubWh0u2wXNC7Yy7IOnwDEf5IafNiS6fugKLrXdlqARjj9H8heJU0_b0KlPBNkF7MR5ugq-bjcVB7MwSCnueatPzDZuTWehzaS6OpAATZ-4t-swNzMs6e1a4GySgYdAbPfUhyw6H1rjlhm_zr1K3U-B2jfmu-loC5AdzDwZBSxw-YtIr4q8HGJFRuGUf1x9m8JiEODoHlqCn-cee1kOFIcOI9g1D2SN08UJX2jh2KLFdLPIOLk5Hvo-iR3MTDnb7Z4nL-JF-jsFx6cELZlH91CzlQiR_SxGjCfZlj1KfzP71bp1qapfQXUfY4POAtgVjvtXkC-GS2BnVOo5DXU_E446Yto3MlOkcVxaidbicrKUMs4QHpcjb_l90jfnOLV4N6hGsoPf8oISpbHsZNFlYdQiKlLfuIiMEo7pr_d_ilkUZPsyNm_1ipjmgT3BbC1kl7DC41aMvkK4kHbQeh85K6TZJCBcxuNxgQyXw0c6_gJ0YYWCaCW6P8yhge_FP1R56cDohrmG9bi6jHCkLkN07P5A4tysA_-OuKdnv2WlATL99s1wMji007i9CAQfYdi-edpDiSN77urLi7W2hghja6jCvfb1tvbj0yd07-yUR076qt2okixxEvU2A3pyB8QiqGcQQGf3uyGfN3OQRgaQdab1eSPRTLJVZ1xbzcfJqD6tJVwFxp4U9NruqjLzMf_cGdqqEzBH0KWeQjUkLuP6-ZoDjWleqcmmKd1M4zdDDy1bgRu6JlQIFhUsapPUJEnKL37drgMaqhr7GFONiwKJ_nvJ_1Zo12hPwG_pzbHYvO8I2m-7CWcZIrmadjs9KzA_3vaWPJwdu_F9LDL4vIMdiEZRrv7VgOpcWvygWR69nANnt7tgmmCTGnioVxBuqTtztvw8v2J1tWgjhOSl9GDvXrf6xauHcP_z3vY0kpUjrAEen17-Uif7EC5HdQEJ3pHvrahUIIRBHlK2bo5QHj1XKvlo2gSoFKbtaj2cR2dOmmUHmbiaCLZPeUon5MuPfZVbXkfWwbGRCXysidL62yykuTnw02g_TDu2p3so45YfWGHjehMvG_1tEa85sLz5yVmlCIvEaQB1if6aWqOXyQTCpgTnPoOl7c2A-jfM-3PApbhgR7fxgiulAdTw3w1PDy-O9LKDfsheCdJ3qhhvVw5dpyPyVloEaw0kjBoSDRMb-8dwlH3YSdbUvinisH5eJmDyYD2jT1iKS66SQU-iklAFTHqkp1tBQyjMGnkse5TuM1FEglKoeb7VMa0IipOi0YrxpUBN_BoKnIXpe_4grU7d5XzA4F8zwbvjkOLRnqODG3PlZyu3I1HM98iAjpLBpnM8PRqW942NnDR_B0fe-caUNypMuHXKGo5wFFA0ORa7Ewc7hMd36yhJEZzSI_lnuvJYZu8t4tUg./download,https://www.collegedata.fyi/schools/tulane-university-of-louisiana/2025-26
160755,2025,business_farm_supplement_required,true,reported,H.806,https://public.boxcloud.com/d/1/b1!TimUw6HxLtb1peufkVFX6Ik2ZW68ARi2lhG_9NsyvkUjJb_3qc7KEtyLYEEJUn46bGAwLoPoSxAuympoD2layXCrSn-HP-WCRkj-jvEw76p02X7h2A5YHPOfSApMrbyY8b1UZuwqw_Vd6K922LERD0VAnIJ0-lJbyvjjs4tcDVkbU7ooQwhM9eiriB32BqiJ4tZUFiYdfnC43IwEmXU3PUvyoubWh0u2wXNC7Yy7IOnwDEf5IafNiS6fugKLrXdlqARjj9H8heJU0_b0KlPBNkF7MR5ugq-bjcVB7MwSCnueatPzDZuTWehzaS6OpAATZ-4t-swNzMs6e1a4GySgYdAbPfUhyw6H1rjlhm_zr1K3U-B2jfmu-loC5AdzDwZBSxw-YtIr4q8HGJFRuGUf1x9m8JiEODoHlqCn-cee1kOFIcOI9g1D2SN08UJX2jh2KLFdLPIOLk5Hvo-iR3MTDnb7Z4nL-JF-jsFx6cELZlH91CzlQiR_SxGjCfZlj1KfzP71bp1qapfQXUfY4POAtgVjvtXkC-GS2BnVOo5DXU_E446Yto3MlOkcVxaidbicrKUMs4QHpcjb_l90jfnOLV4N6hGsoPf8oISpbHsZNFlYdQiKlLfuIiMEo7pr_d_ilkUZPsyNm_1ipjmgT3BbC1kl7DC41aMvkK4kHbQeh85K6TZJCBcxuNxgQyXw0c6_gJ0YYWCaCW6P8yhge_FP1R56cDohrmG9bi6jHCkLkN07P5A4tysA_-OuKdnv2WlATL99s1wMji007i9CAQfYdi-edpDiSN77urLi7W2hghja6jCvfb1tvbj0yd07-yUR076qt2okixxEvU2A3pyB8QiqGcQQGf3uyGfN3OQRgaQdab1eSPRTLJVZ1xbzcfJqD6tJVwFxp4U9NruqjLzMf_cGdqqEzBH0KWeQjUkLuP6-ZoDjWleqcmmKd1M4zdDDy1bgRu6JlQIFhUsapPUJEnKL37drgMaqhr7GFONiwKJ_nvJ_1Zo12hPwG_pzbHYvO8I2m-7CWcZIrmadjs9KzA_3vaWPJwdu_F9LDL4vIMdiEZRrv7VgOpcWvygWR69nANnt7tgmmCTGnioVxBuqTtztvw8v2J1tWgjhOSl9GDvXrf6xauHcP_z3vY0kpUjrAEen17-Uif7EC5HdQEJ3pHvrahUIIRBHlK2bo5QHj1XKvlo2gSoFKbtaj2cR2dOmmUHmbiaCLZPeUon5MuPfZVbXkfWwbGRCXysidL62yykuTnw02g_TDu2p3so45YfWGHjehMvG_1tEa85sLz5yVmlCIvEaQB1if6aWqOXyQTCpgTnPoOl7c2A-jfM-3PApbhgR7fxgiulAdTw3w1PDy-O9LKDfsheCdJ3qhhvVw5dpyPyVloEaw0kjBoSDRMb-8dwlH3YSdbUvinisH5eJmDyYD2jT1iKS66SQU-iklAFTHqkp1tBQyjMGnkse5TuM1FEglKoeb7VMa0IipOi0YrxpUBN_BoKnIXpe_4grU7d5XzA4F8zwbvjkOLRnqODG3PlZyu3I1HM98iAjpLBpnM8PRqW942NnDR_B0fe-caUNypMuHXKGo5wFFA0ORa7Ewc7hMd36yhJEZzSI_lnuvJYZu8t4tUg./download,https://www.collegedata.fyi/schools/tulane-university-of-louisiana/2025-26
160755,2025,css_profile_required,true,reported,H.803,https://public.boxcloud.com/d/1/b1!TimUw6HxLtb1peufkVFX6Ik2ZW68ARi2lhG_9NsyvkUjJb_3qc7KEtyLYEEJUn46bGAwLoPoSxAuympoD2layXCrSn-HP-WCRkj-jvEw76p02X7h2A5YHPOfSApMrbyY8b1UZuwqw_Vd6K922LERD0VAnIJ0-lJbyvjjs4tcDVkbU7ooQwhM9eiriB32BqiJ4tZUFiYdfnC43IwEmXU3PUvyoubWh0u2wXNC7Yy7IOnwDEf5IafNiS6fugKLrXdlqARjj9H8heJU0_b0KlPBNkF7MR5ugq-bjcVB7MwSCnueatPzDZuTWehzaS6OpAATZ-4t-swNzMs6e1a4GySgYdAbPfUhyw6H1rjlhm_zr1K3U-B2jfmu-loC5AdzDwZBSxw-YtIr4q8HGJFRuGUf1x9m8JiEODoHlqCn-cee1kOFIcOI9g1D2SN08UJX2jh2KLFdLPIOLk5Hvo-iR3MTDnb7Z4nL-JF-jsFx6cELZlH91CzlQiR_SxGjCfZlj1KfzP71bp1qapfQXUfY4POAtgVjvtXkC-GS2BnVOo5DXU_E446Yto3MlOkcVxaidbicrKUMs4QHpcjb_l90jfnOLV4N6hGsoPf8oISpbHsZNFlYdQiKlLfuIiMEo7pr_d_ilkUZPsyNm_1ipjmgT3BbC1kl7DC41aMvkK4kHbQeh85K6TZJCBcxuNxgQyXw0c6_gJ0YYWCaCW6P8yhge_FP1R56cDohrmG9bi6jHCkLkN07P5A4tysA_-OuKdnv2WlATL99s1wMji007i9CAQfYdi-edpDiSN77urLi7W2hghja6jCvfb1tvbj0yd07-yUR076qt2okixxEvU2A3pyB8QiqGcQQGf3uyGfN3OQRgaQdab1eSPRTLJVZ1xbzcfJqD6tJVwFxp4U9NruqjLzMf_cGdqqEzBH0KWeQjUkLuP6-ZoDjWleqcmmKd1M4zdDDy1bgRu6JlQIFhUsapPUJEnKL37drgMaqhr7GFONiwKJ_nvJ_1Zo12hPwG_pzbHYvO8I2m-7CWcZIrmadjs9KzA_3vaWPJwdu_F9LDL4vIMdiEZRrv7VgOpcWvygWR69nANnt7tgmmCTGnioVxBuqTtztvw8v2J1tWgjhOSl9GDvXrf6xauHcP_z3vY0kpUjrAEen17-Uif7EC5HdQEJ3pHvrahUIIRBHlK2bo5QHj1XKvlo2gSoFKbtaj2cR2dOmmUHmbiaCLZPeUon5MuPfZVbXkfWwbGRCXysidL62yykuTnw02g_TDu2p3so45YfWGHjehMvG_1tEa85sLz5yVmlCIvEaQB1if6aWqOXyQTCpgTnPoOl7c2A-jfM-3PApbhgR7fxgiulAdTw3w1PDy-O9LKDfsheCdJ3qhhvVw5dpyPyVloEaw0kjBoSDRMb-8dwlH3YSdbUvinisH5eJmDyYD2jT1iKS66SQU-iklAFTHqkp1tBQyjMGnkse5TuM1FEglKoeb7VMa0IipOi0YrxpUBN_BoKnIXpe_4grU7d5XzA4F8zwbvjkOLRnqODG3PlZyu3I1HM98iAjpLBpnM8PRqW942NnDR_B0fe-caUNypMuHXKGo5wFFA0ORa7Ewc7hMd36yhJEZzSI_lnuvJYZu8t4tUg./download,https://www.collegedata.fyi/schools/tulane-university-of-louisiana/2025-26
160755,2025,fafsa_required,true,reported,H.801,https://public.boxcloud.com/d/1/b1!TimUw6HxLtb1peufkVFX6Ik2ZW68ARi2lhG_9NsyvkUjJb_3qc7KEtyLYEEJUn46bGAwLoPoSxAuympoD2layXCrSn-HP-WCRkj-jvEw76p02X7h2A5YHPOfSApMrbyY8b1UZuwqw_Vd6K922LERD0VAnIJ0-lJbyvjjs4tcDVkbU7ooQwhM9eiriB32BqiJ4tZUFiYdfnC43IwEmXU3PUvyoubWh0u2wXNC7Yy7IOnwDEf5IafNiS6fugKLrXdlqARjj9H8heJU0_b0KlPBNkF7MR5ugq-bjcVB7MwSCnueatPzDZuTWehzaS6OpAATZ-4t-swNzMs6e1a4GySgYdAbPfUhyw6H1rjlhm_zr1K3U-B2jfmu-loC5AdzDwZBSxw-YtIr4q8HGJFRuGUf1x9m8JiEODoHlqCn-cee1kOFIcOI9g1D2SN08UJX2jh2KLFdLPIOLk5Hvo-iR3MTDnb7Z4nL-JF-jsFx6cELZlH91CzlQiR_SxGjCfZlj1KfzP71bp1qapfQXUfY4POAtgVjvtXkC-GS2BnVOo5DXU_E446Yto3MlOkcVxaidbicrKUMs4QHpcjb_l90jfnOLV4N6hGsoPf8oISpbHsZNFlYdQiKlLfuIiMEo7pr_d_ilkUZPsyNm_1ipjmgT3BbC1kl7DC41aMvkK4kHbQeh85K6TZJCBcxuNxgQyXw0c6_gJ0YYWCaCW6P8yhge_FP1R56cDohrmG9bi6jHCkLkN07P5A4tysA_-OuKdnv2WlATL99s1wMji007i9CAQfYdi-edpDiSN77urLi7W2hghja6jCvfb1tvbj0yd07-yUR076qt2okixxEvU2A3pyB8QiqGcQQGf3uyGfN3OQRgaQdab1eSPRTLJVZ1xbzcfJqD6tJVwFxp4U9NruqjLzMf_cGdqqEzBH0KWeQjUkLuP6-ZoDjWleqcmmKd1M4zdDDy1bgRu6JlQIFhUsapPUJEnKL37drgMaqhr7GFONiwKJ_nvJ_1Zo12hPwG_pzbHYvO8I2m-7CWcZIrmadjs9KzA_3vaWPJwdu_F9LDL4vIMdiEZRrv7VgOpcWvygWR69nANnt7tgmmCTGnioVxBuqTtztvw8v2J1tWgjhOSl9GDvXrf6xauHcP_z3vY0kpUjrAEen17-Uif7EC5HdQEJ3pHvrahUIIRBHlK2bo5QHj1XKvlo2gSoFKbtaj2cR2dOmmUHmbiaCLZPeUon5MuPfZVbXkfWwbGRCXysidL62yykuTnw02g_TDu2p3so45YfWGHjehMvG_1tEa85sLz5yVmlCIvEaQB1if6aWqOXyQTCpgTnPoOl7c2A-jfM-3PApbhgR7fxgiulAdTw3w1PDy-O9LKDfsheCdJ3qhhvVw5dpyPyVloEaw0kjBoSDRMb-8dwlH3YSdbUvinisH5eJmDyYD2jT1iKS66SQU-iklAFTHqkp1tBQyjMGnkse5TuM1FEglKoeb7VMa0IipOi0YrxpUBN_BoKnIXpe_4grU7d5XzA4F8zwbvjkOLRnqODG3PlZyu3I1HM98iAjpLBpnM8PRqW942NnDR_B0fe-caUNypMuHXKGo5wFFA0ORa7Ewc7hMd36yhJEZzSI_lnuvJYZu8t4tUg./download,https://www.collegedata.fyi/schools/tulane-university-of-louisiana/2025-26
160755,2025,need_fully_met_count,485,reported,H.208,https://public.boxcloud.com/d/1/b1!TimUw6HxLtb1peufkVFX6Ik2ZW68ARi2lhG_9NsyvkUjJb_3qc7KEtyLYEEJUn46bGAwLoPoSxAuympoD2layXCrSn-HP-WCRkj-jvEw76p02X7h2A5YHPOfSApMrbyY8b1UZuwqw_Vd6K922LERD0VAnIJ0-lJbyvjjs4tcDVkbU7ooQwhM9eiriB32BqiJ4tZUFiYdfnC43IwEmXU3PUvyoubWh0u2wXNC7Yy7IOnwDEf5IafNiS6fugKLrXdlqARjj9H8heJU0_b0KlPBNkF7MR5ugq-bjcVB7MwSCnueatPzDZuTWehzaS6OpAATZ-4t-swNzMs6e1a4GySgYdAbPfUhyw6H1rjlhm_zr1K3U-B2jfmu-loC5AdzDwZBSxw-YtIr4q8HGJFRuGUf1x9m8JiEODoHlqCn-cee1kOFIcOI9g1D2SN08UJX2jh2KLFdLPIOLk5Hvo-iR3MTDnb7Z4nL-JF-jsFx6cELZlH91CzlQiR_SxGjCfZlj1KfzP71bp1qapfQXUfY4POAtgVjvtXkC-GS2BnVOo5DXU_E446Yto3MlOkcVxaidbicrKUMs4QHpcjb_l90jfnOLV4N6hGsoPf8oISpbHsZNFlYdQiKlLfuIiMEo7pr_d_ilkUZPsyNm_1ipjmgT3BbC1kl7DC41aMvkK4kHbQeh85K6TZJCBcxuNxgQyXw0c6_gJ0YYWCaCW6P8yhge_FP1R56cDohrmG9bi6jHCkLkN07P5A4tysA_-OuKdnv2WlATL99s1wMji007i9CAQfYdi-edpDiSN77urLi7W2hghja6jCvfb1tvbj0yd07-yUR076qt2okixxEvU2A3pyB8QiqGcQQGf3uyGfN3OQRgaQdab1eSPRTLJVZ1xbzcfJqD6tJVwFxp4U9NruqjLzMf_cGdqqEzBH0KWeQjUkLuP6-ZoDjWleqcmmKd1M4zdDDy1bgRu6JlQIFhUsapPUJEnKL37drgMaqhr7GFONiwKJ_nvJ_1Zo12hPwG_pzbHYvO8I2m-7CWcZIrmadjs9KzA_3vaWPJwdu_F9LDL4vIMdiEZRrv7VgOpcWvygWR69nANnt7tgmmCTGnioVxBuqTtztvw8v2J1tWgjhOSl9GDvXrf6xauHcP_z3vY0kpUjrAEen17-Uif7EC5HdQEJ3pHvrahUIIRBHlK2bo5QHj1XKvlo2gSoFKbtaj2cR2dOmmUHmbiaCLZPeUon5MuPfZVbXkfWwbGRCXysidL62yykuTnw02g_TDu2p3so45YfWGHjehMvG_1tEa85sLz5yVmlCIvEaQB1if6aWqOXyQTCpgTnPoOl7c2A-jfM-3PApbhgR7fxgiulAdTw3w1PDy-O9LKDfsheCdJ3qhhvVw5dpyPyVloEaw0kjBoSDRMb-8dwlH3YSdbUvinisH5eJmDyYD2jT1iKS66SQU-iklAFTHqkp1tBQyjMGnkse5TuM1FEglKoeb7VMa0IipOi0YrxpUBN_BoKnIXpe_4grU7d5XzA4F8zwbvjkOLRnqODG3PlZyu3I1HM98iAjpLBpnM8PRqW942NnDR_B0fe-caUNypMuHXKGo5wFFA0ORa7Ewc7hMd36yhJEZzSI_lnuvJYZu8t4tUg./download,https://www.collegedata.fyi/schools/tulane-university-of-louisiana/2025-26
160755,2025,noncustodial_css_profile_required,true,reported,H.805,https://public.boxcloud.com/d/1/b1!TimUw6HxLtb1peufkVFX6Ik2ZW68ARi2lhG_9NsyvkUjJb_3qc7KEtyLYEEJUn46bGAwLoPoSxAuympoD2layXCrSn-HP-WCRkj-jvEw76p02X7h2A5YHPOfSApMrbyY8b1UZuwqw_Vd6K922LERD0VAnIJ0-lJbyvjjs4tcDVkbU7ooQwhM9eiriB32BqiJ4tZUFiYdfnC43IwEmXU3PUvyoubWh0u2wXNC7Yy7IOnwDEf5IafNiS6fugKLrXdlqARjj9H8heJU0_b0KlPBNkF7MR5ugq-bjcVB7MwSCnueatPzDZuTWehzaS6OpAATZ-4t-swNzMs6e1a4GySgYdAbPfUhyw6H1rjlhm_zr1K3U-B2jfmu-loC5AdzDwZBSxw-YtIr4q8HGJFRuGUf1x9m8JiEODoHlqCn-cee1kOFIcOI9g1D2SN08UJX2jh2KLFdLPIOLk5Hvo-iR3MTDnb7Z4nL-JF-jsFx6cELZlH91CzlQiR_SxGjCfZlj1KfzP71bp1qapfQXUfY4POAtgVjvtXkC-GS2BnVOo5DXU_E446Yto3MlOkcVxaidbicrKUMs4QHpcjb_l90jfnOLV4N6hGsoPf8oISpbHsZNFlYdQiKlLfuIiMEo7pr_d_ilkUZPsyNm_1ipjmgT3BbC1kl7DC41aMvkK4kHbQeh85K6TZJCBcxuNxgQyXw0c6_gJ0YYWCaCW6P8yhge_FP1R56cDohrmG9bi6jHCkLkN07P5A4tysA_-OuKdnv2WlATL99s1wMji007i9CAQfYdi-edpDiSN77urLi7W2hghja6jCvfb1tvbj0yd07-yUR076qt2okixxEvU2A3pyB8QiqGcQQGf3uyGfN3OQRgaQdab1eSPRTLJVZ1xbzcfJqD6tJVwFxp4U9NruqjLzMf_cGdqqEzBH0KWeQjUkLuP6-ZoDjWleqcmmKd1M4zdDDy1bgRu6JlQIFhUsapPUJEnKL37drgMaqhr7GFONiwKJ_nvJ_1Zo12hPwG_pzbHYvO8I2m-7CWcZIrmadjs9KzA_3vaWPJwdu_F9LDL4vIMdiEZRrv7VgOpcWvygWR69nANnt7tgmmCTGnioVxBuqTtztvw8v2J1tWgjhOSl9GDvXrf6xauHcP_z3vY0kpUjrAEen17-Uif7EC5HdQEJ3pHvrahUIIRBHlK2bo5QHj1XKvlo2gSoFKbtaj2cR2dOmmUHmbiaCLZPeUon5MuPfZVbXkfWwbGRCXysidL62yykuTnw02g_TDu2p3so45YfWGHjehMvG_1tEa85sLz5yVmlCIvEaQB1if6aWqOXyQTCpgTnPoOl7c2A-jfM-3PApbhgR7fxgiulAdTw3w1PDy-O9LKDfsheCdJ3qhhvVw5dpyPyVloEaw0kjBoSDRMb-8dwlH3YSdbUvinisH5eJmDyYD2jT1iKS66SQU-iklAFTHqkp1tBQyjMGnkse5TuM1FEglKoeb7VMa0IipOi0YrxpUBN_BoKnIXpe_4grU7d5XzA4F8zwbvjkOLRnqODG3PlZyu3I1HM98iAjpLBpnM8PRqW942NnDR_B0fe-caUNypMuHXKGo5wFFA0ORa7Ewc7hMd36yhJEZzSI_lnuvJYZu8t4tUg./download,https://www.collegedata.fyi/schools/tulane-university-of-louisiana/2025-26
160977,2025,aid_awarded_freshmen_count,220,reported,H.204,https://www.bates.edu/research/files/2026/06/CDS_2025-2026.pdf,https://www.collegedata.fyi/schools/bates/2025-26
160977,2025,avg_need_based_grant_usd,59701,reported,H.211,https://www.bates.edu/research/files/2026/06/CDS_2025-2026.pdf,https://www.collegedata.fyi/schools/bates/2025-26
160977,2025,avg_need_met_percent,100,reported,H.209,https://www.bates.edu/research/files/2026/06/CDS_2025-2026.pdf,https://www.collegedata.fyi/schools/bates/2025-26
160977,2025,css_profile_required,true,reported,H.803,https://www.bates.edu/research/files/2026/06/CDS_2025-2026.pdf,https://www.collegedata.fyi/schools/bates/2025-26
160977,2025,fafsa_required,true,reported,H.801,https://www.bates.edu/research/files/2026/06/CDS_2025-2026.pdf,https://www.collegedata.fyi/schools/bates/2025-26
160977,2025,need_fully_met_count,220,reported,H.208,https://www.bates.edu/research/files/2026/06/CDS_2025-2026.pdf,https://www.collegedata.fyi/schools/bates/2025-26
160977,2025,noncustodial_css_profile_required,true,reported,H.805,https://www.bates.edu/research/files/2026/06/CDS_2025-2026.pdf,https://www.collegedata.fyi/schools/bates/2025-26
161004,2025,aid_awarded_freshmen_count,268,reported,H.204,https://www.bowdoin.edu/ir/pdf/bowdoin-cds_2025-2026.pdf,https://www.collegedata.fyi/schools/bowdoin/2025-26
161004,2025,avg_need_based_grant_usd,70186,reported,H.211,https://www.bowdoin.edu/ir/pdf/bowdoin-cds_2025-2026.pdf,https://www.collegedata.fyi/schools/bowdoin/2025-26
161004,2025,avg_need_met_percent,100,reported,H.209,https://www.bowdoin.edu/ir/pdf/bowdoin-cds_2025-2026.pdf,https://www.collegedata.fyi/schools/bowdoin/2025-26
161004,2025,business_farm_supplement_required,true,reported,H.806,https://www.bowdoin.edu/ir/pdf/bowdoin-cds_2025-2026.pdf,https://www.collegedata.fyi/schools/bowdoin/2025-26
161004,2025,css_profile_required,true,reported,H.803,https://www.bowdoin.edu/ir/pdf/bowdoin-cds_2025-2026.pdf,https://www.collegedata.fyi/schools/bowdoin/2025-26
161004,2025,fafsa_required,true,reported,H.801,https://www.bowdoin.edu/ir/pdf/bowdoin-cds_2025-2026.pdf,https://www.collegedata.fyi/schools/bowdoin/2025-26
161004,2025,need_fully_met_count,268,reported,H.208,https://www.bowdoin.edu/ir/pdf/bowdoin-cds_2025-2026.pdf,https://www.collegedata.fyi/schools/bowdoin/2025-26
161004,2025,other_institutional_form_required,true,reported,H.807,https://www.bowdoin.edu/ir/pdf/bowdoin-cds_2025-2026.pdf,https://www.collegedata.fyi/schools/bowdoin/2025-26
161253,2024,aid_awarded_freshmen_count,1264,reported,H.204,https://drive.usercontent.google.com/download?id=1iIm6kbdpySc_APcfykY1gICTMkNIQHN0&export=download,https://www.collegedata.fyi/schools/university-of-maine/2024-25
161253,2024,avg_need_based_grant_usd,14359,reported,H.211,https://drive.usercontent.google.com/download?id=1iIm6kbdpySc_APcfykY1gICTMkNIQHN0&export=download,https://www.collegedata.fyi/schools/university-of-maine/2024-25
161253,2024,avg_need_met_percent,78.3,reported,H.209,https://drive.usercontent.google.com/download?id=1iIm6kbdpySc_APcfykY1gICTMkNIQHN0&export=download,https://www.collegedata.fyi/schools/university-of-maine/2024-25
161253,2024,fafsa_required,true,reported,H.801,https://drive.usercontent.google.com/download?id=1iIm6kbdpySc_APcfykY1gICTMkNIQHN0&export=download,https://www.collegedata.fyi/schools/university-of-maine/2024-25
161253,2024,need_fully_met_count,391,reported,H.208,https://drive.usercontent.google.com/download?id=1iIm6kbdpySc_APcfykY1gICTMkNIQHN0&export=download,https://www.collegedata.fyi/schools/university-of-maine/2024-25
162928,2025,aid_awarded_freshmen_count,737,reported,H.204,https://oira.jhu.edu/wp-content/uploads/2025-2026-CDS-Johns-Hopkins-University.pdf,https://www.collegedata.fyi/schools/johns-hopkins/2025-26
162928,2025,avg_need_based_grant_usd,69291,reported,H.211,https://oira.jhu.edu/wp-content/uploads/2025-2026-CDS-Johns-Hopkins-University.pdf,https://www.collegedata.fyi/schools/johns-hopkins/2025-26
162928,2025,avg_need_met_percent,100,reported,H.209,https://oira.jhu.edu/wp-content/uploads/2025-2026-CDS-Johns-Hopkins-University.pdf,https://www.collegedata.fyi/schools/johns-hopkins/2025-26
162928,2025,css_profile_required,true,reported,H.803,https://oira.jhu.edu/wp-content/uploads/2025-2026-CDS-Johns-Hopkins-University.pdf,https://www.collegedata.fyi/schools/johns-hopkins/2025-26
162928,2025,fafsa_required,true,reported,H.801,https://oira.jhu.edu/wp-content/uploads/2025-2026-CDS-Johns-Hopkins-University.pdf,https://www.collegedata.fyi/schools/johns-hopkins/2025-26
162928,2025,need_fully_met_count,726,reported,H.208,https://oira.jhu.edu/wp-content/uploads/2025-2026-CDS-Johns-Hopkins-University.pdf,https://www.collegedata.fyi/schools/johns-hopkins/2025-26
162928,2025,noncustodial_css_profile_required,true,reported,H.805,https://oira.jhu.edu/wp-content/uploads/2025-2026-CDS-Johns-Hopkins-University.pdf,https://www.collegedata.fyi/schools/johns-hopkins/2025-26
162928,2025,other_institutional_form_required,true,reported,H.807,https://oira.jhu.edu/wp-content/uploads/2025-2026-CDS-Johns-Hopkins-University.pdf,https://www.collegedata.fyi/schools/johns-hopkins/2025-26
163046,2024,aid_awarded_freshmen_count,841,reported,H.204,https://www.loyola.edu/_media/department/institutional-research/documents/cds/CDS_2024-2025_20250402.pdf,https://www.collegedata.fyi/schools/loyola-university-maryland/2024-25
163046,2024,avg_need_based_grant_usd,42135,reported,H.211,https://www.loyola.edu/_media/department/institutional-research/documents/cds/CDS_2024-2025_20250402.pdf,https://www.collegedata.fyi/schools/loyola-university-maryland/2024-25
163046,2024,avg_need_met_percent,83,reported,H.209,https://www.loyola.edu/_media/department/institutional-research/documents/cds/CDS_2024-2025_20250402.pdf,https://www.collegedata.fyi/schools/loyola-university-maryland/2024-25
163046,2024,fafsa_required,true,reported,H.801,https://www.loyola.edu/_media/department/institutional-research/documents/cds/CDS_2024-2025_20250402.pdf,https://www.collegedata.fyi/schools/loyola-university-maryland/2024-25
163046,2024,need_fully_met_count,179,reported,H.208,https://www.loyola.edu/_media/department/institutional-research/documents/cds/CDS_2024-2025_20250402.pdf,https://www.collegedata.fyi/schools/loyola-university-maryland/2024-25
163286,2025,aid_awarded_freshmen_count,1928,reported,H.204,https://irpa.umd.edu/InstitutionalData/CommonDataSet/CDS_2025-2026.xlsx,https://www.collegedata.fyi/schools/umd/2025-26
163286,2025,avg_need_based_grant_usd,18332,reported,H.211,https://irpa.umd.edu/InstitutionalData/CommonDataSet/CDS_2025-2026.xlsx,https://www.collegedata.fyi/schools/umd/2025-26
163286,2025,avg_need_met_percent,73.8,reported,H.209,https://irpa.umd.edu/InstitutionalData/CommonDataSet/CDS_2025-2026.xlsx,https://www.collegedata.fyi/schools/umd/2025-26
163286,2025,fafsa_required,true,reported,H.801,https://irpa.umd.edu/InstitutionalData/CommonDataSet/CDS_2025-2026.xlsx,https://www.collegedata.fyi/schools/umd/2025-26
163286,2025,need_fully_met_count,523,reported,H.208,https://irpa.umd.edu/InstitutionalData/CommonDataSet/CDS_2025-2026.xlsx,https://www.collegedata.fyi/schools/umd/2025-26
163851,2024,aid_awarded_freshmen_count,788,reported,H.204,https://www.salisbury.edu/administration/university-analysis-reporting-and-assessment/_files/cds-2024-2025-Final.pdf,https://www.collegedata.fyi/schools/salisbury-university/2024-25
163851,2024,avg_need_based_grant_usd,11800,reported,H.211,https://www.salisbury.edu/administration/university-analysis-reporting-and-assessment/_files/cds-2024-2025-Final.pdf,https://www.collegedata.fyi/schools/salisbury-university/2024-25
163851,2024,avg_need_met_percent,63.6,reported,H.209,https://www.salisbury.edu/administration/university-analysis-reporting-and-assessment/_files/cds-2024-2025-Final.pdf,https://www.collegedata.fyi/schools/salisbury-university/2024-25
163851,2024,fafsa_required,true,reported,H.801,https://www.salisbury.edu/administration/university-analysis-reporting-and-assessment/_files/cds-2024-2025-Final.pdf,https://www.collegedata.fyi/schools/salisbury-university/2024-25
163851,2024,need_fully_met_count,155,reported,H.208,https://www.salisbury.edu/administration/university-analysis-reporting-and-assessment/_files/cds-2024-2025-Final.pdf,https://www.collegedata.fyi/schools/salisbury-university/2024-25
163912,2025,aid_awarded_freshmen_count,192,reported,H.204,https://www.smcm.edu/app/uploads/sites/60/2026/05/CDS_25-26.pdf,https://www.collegedata.fyi/schools/st-marys-college-of-maryland/2025-26
163912,2025,avg_need_based_grant_usd,13277,reported,H.211,https://www.smcm.edu/app/uploads/sites/60/2026/05/CDS_25-26.pdf,https://www.collegedata.fyi/schools/st-marys-college-of-maryland/2025-26
163912,2025,avg_need_met_percent,88,reported,H.209,https://www.smcm.edu/app/uploads/sites/60/2026/05/CDS_25-26.pdf,https://www.collegedata.fyi/schools/st-marys-college-of-maryland/2025-26
163912,2025,fafsa_required,true,reported,H.801,https://www.smcm.edu/app/uploads/sites/60/2026/05/CDS_25-26.pdf,https://www.collegedata.fyi/schools/st-marys-college-of-maryland/2025-26
163912,2025,need_fully_met_count,46,reported,H.208,https://www.smcm.edu/app/uploads/sites/60/2026/05/CDS_25-26.pdf,https://www.collegedata.fyi/schools/st-marys-college-of-maryland/2025-26
164076,2024,business_farm_supplement_required,,not_collected_by_us,H.806,https://www.towson.edu/ir/documents/cds_all_2425.pdf,https://www.collegedata.fyi/schools/towson-university/2024-25
164076,2024,fafsa_required,true,reported,H.801,https://www.towson.edu/ir/documents/cds_all_2425.pdf,https://www.collegedata.fyi/schools/towson-university/2024-25
164465,2024,aid_awarded_freshmen_count,284,reported,H.204,https://drive.usercontent.google.com/download?id=1nyc6IMyEA2YcnGR-0O0PXFTQufJsn-bp&export=download,https://www.collegedata.fyi/schools/amherst/2024-25
164465,2024,avg_need_based_grant_usd,68154,reported,H.211,https://drive.usercontent.google.com/download?id=1nyc6IMyEA2YcnGR-0O0PXFTQufJsn-bp&export=download,https://www.collegedata.fyi/schools/amherst/2024-25
164465,2024,avg_need_met_percent,100,reported,H.209,https://drive.usercontent.google.com/download?id=1nyc6IMyEA2YcnGR-0O0PXFTQufJsn-bp&export=download,https://www.collegedata.fyi/schools/amherst/2024-25
164465,2024,css_profile_required,true,reported,H.803,https://drive.usercontent.google.com/download?id=1nyc6IMyEA2YcnGR-0O0PXFTQufJsn-bp&export=download,https://www.collegedata.fyi/schools/amherst/2024-25
164465,2024,fafsa_required,true,reported,H.801,https://drive.usercontent.google.com/download?id=1nyc6IMyEA2YcnGR-0O0PXFTQufJsn-bp&export=download,https://www.collegedata.fyi/schools/amherst/2024-25
164465,2024,need_fully_met_count,284,reported,H.208,https://drive.usercontent.google.com/download?id=1nyc6IMyEA2YcnGR-0O0PXFTQufJsn-bp&export=download,https://www.collegedata.fyi/schools/amherst/2024-25
164465,2024,noncustodial_css_profile_required,true,reported,H.805,https://drive.usercontent.google.com/download?id=1nyc6IMyEA2YcnGR-0O0PXFTQufJsn-bp&export=download,https://www.collegedata.fyi/schools/amherst/2024-25
164465,2024,other_institutional_form_required,true,reported,H.807,https://drive.usercontent.google.com/download?id=1nyc6IMyEA2YcnGR-0O0PXFTQufJsn-bp&export=download,https://www.collegedata.fyi/schools/amherst/2024-25
164580,2024,aid_awarded_freshmen_count,215,reported,H.204,https://www.babson.edu/media/babson/assets/rankings/babson-college-common-data-set.pdf,https://www.collegedata.fyi/schools/babson-college/2024-25
164580,2024,avg_need_based_grant_usd,51791,reported,H.211,https://www.babson.edu/media/babson/assets/rankings/babson-college-common-data-set.pdf,https://www.collegedata.fyi/schools/babson-college/2024-25
164580,2024,avg_need_met_percent,100,reported,H.209,https://www.babson.edu/media/babson/assets/rankings/babson-college-common-data-set.pdf,https://www.collegedata.fyi/schools/babson-college/2024-25
164580,2024,css_profile_required,true,reported,H.803,https://www.babson.edu/media/babson/assets/rankings/babson-college-common-data-set.pdf,https://www.collegedata.fyi/schools/babson-college/2024-25
164580,2024,fafsa_required,true,reported,H.801,https://www.babson.edu/media/babson/assets/rankings/babson-college-common-data-set.pdf,https://www.collegedata.fyi/schools/babson-college/2024-25
164580,2024,need_fully_met_count,215,reported,H.208,https://www.babson.edu/media/babson/assets/rankings/babson-college-common-data-set.pdf,https://www.collegedata.fyi/schools/babson-college/2024-25
164739,2024,aid_awarded_freshmen_count,543,reported,H.204,https://drive.usercontent.google.com/download?id=10et1a0IuSwyI57Me-zG7gMPoKAPc26k-&export=download,https://www.collegedata.fyi/schools/bentley-university/2024-25
164739,2024,avg_need_based_grant_usd,44151,reported,H.211,https://drive.usercontent.google.com/download?id=10et1a0IuSwyI57Me-zG7gMPoKAPc26k-&export=download,https://www.collegedata.fyi/schools/bentley-university/2024-25
164739,2024,avg_need_met_percent,88,reported,H.209,https://drive.usercontent.google.com/download?id=10et1a0IuSwyI57Me-zG7gMPoKAPc26k-&export=download,https://www.collegedata.fyi/schools/bentley-university/2024-25
164739,2024,business_farm_supplement_required,true,reported,H.806,https://drive.usercontent.google.com/download?id=10et1a0IuSwyI57Me-zG7gMPoKAPc26k-&export=download,https://www.collegedata.fyi/schools/bentley-university/2024-25
164739,2024,css_profile_required,true,reported,H.803,https://drive.usercontent.google.com/download?id=10et1a0IuSwyI57Me-zG7gMPoKAPc26k-&export=download,https://www.collegedata.fyi/schools/bentley-university/2024-25
164739,2024,fafsa_required,true,reported,H.801,https://drive.usercontent.google.com/download?id=10et1a0IuSwyI57Me-zG7gMPoKAPc26k-&export=download,https://www.collegedata.fyi/schools/bentley-university/2024-25
164739,2024,need_fully_met_count,129,reported,H.208,https://drive.usercontent.google.com/download?id=10et1a0IuSwyI57Me-zG7gMPoKAPc26k-&export=download,https://www.collegedata.fyi/schools/bentley-university/2024-25
164739,2024,noncustodial_css_profile_required,true,reported,H.805,https://drive.usercontent.google.com/download?id=10et1a0IuSwyI57Me-zG7gMPoKAPc26k-&export=download,https://www.collegedata.fyi/schools/bentley-university/2024-25
164739,2024,other_institutional_form_required,true,reported,H.807,https://drive.usercontent.google.com/download?id=10et1a0IuSwyI57Me-zG7gMPoKAPc26k-&export=download,https://www.collegedata.fyi/schools/bentley-university/2024-25
164748,2025,aid_awarded_freshmen_count,509,reported,H.204,https://www.berklee.edu/sites/default/files/2026-02/CDS_2025-2026.pdf?fv=b45dCYjY,https://www.collegedata.fyi/schools/berklee-college-of-music/2025-26
164748,2025,avg_need_based_grant_usd,7622,reported,H.211,https://www.berklee.edu/sites/default/files/2026-02/CDS_2025-2026.pdf?fv=b45dCYjY,https://www.collegedata.fyi/schools/berklee-college-of-music/2025-26
164748,2025,avg_need_met_percent,41,reported,H.209,https://www.berklee.edu/sites/default/files/2026-02/CDS_2025-2026.pdf?fv=b45dCYjY,https://www.collegedata.fyi/schools/berklee-college-of-music/2025-26
164748,2025,css_profile_required,true,reported,H.803,https://www.berklee.edu/sites/default/files/2026-02/CDS_2025-2026.pdf?fv=b45dCYjY,https://www.collegedata.fyi/schools/berklee-college-of-music/2025-26
164748,2025,fafsa_required,true,reported,H.801,https://www.berklee.edu/sites/default/files/2026-02/CDS_2025-2026.pdf?fv=b45dCYjY,https://www.collegedata.fyi/schools/berklee-college-of-music/2025-26
164748,2025,need_fully_met_count,39,reported,H.208,https://www.berklee.edu/sites/default/files/2026-02/CDS_2025-2026.pdf?fv=b45dCYjY,https://www.collegedata.fyi/schools/berklee-college-of-music/2025-26
164924,2024,fafsa_required,true,reported,H.801,https://drive.usercontent.google.com/download?id=1Wz4J6SRfCTTibOEHavBLweEnYAxG_oJR&export=download,https://www.collegedata.fyi/schools/boston-college/2024-25
165334,2024,aid_awarded_freshmen_count,326,reported,H.204,https://www.clarku.edu/saair/wp-content/uploads/sites/95/Clark-CDS-2024-25.pdf,https://www.collegedata.fyi/schools/clark-university/2024-25
165334,2024,avg_need_based_grant_usd,43023,reported,H.211,https://www.clarku.edu/saair/wp-content/uploads/sites/95/Clark-CDS-2024-25.pdf,https://www.collegedata.fyi/schools/clark-university/2024-25
165334,2024,avg_need_met_percent,95,reported,H.209,https://www.clarku.edu/saair/wp-content/uploads/sites/95/Clark-CDS-2024-25.pdf,https://www.collegedata.fyi/schools/clark-university/2024-25
165334,2024,business_farm_supplement_required,true,reported,H.806,https://www.clarku.edu/saair/wp-content/uploads/sites/95/Clark-CDS-2024-25.pdf,https://www.collegedata.fyi/schools/clark-university/2024-25
165334,2024,css_profile_required,true,reported,H.803,https://www.clarku.edu/saair/wp-content/uploads/sites/95/Clark-CDS-2024-25.pdf,https://www.collegedata.fyi/schools/clark-university/2024-25
165334,2024,fafsa_required,true,reported,H.801,https://www.clarku.edu/saair/wp-content/uploads/sites/95/Clark-CDS-2024-25.pdf,https://www.collegedata.fyi/schools/clark-university/2024-25
165334,2024,institutional_form_required,true,reported,H.802,https://www.clarku.edu/saair/wp-content/uploads/sites/95/Clark-CDS-2024-25.pdf,https://www.collegedata.fyi/schools/clark-university/2024-25
165334,2024,need_fully_met_count,169,reported,H.208,https://www.clarku.edu/saair/wp-content/uploads/sites/95/Clark-CDS-2024-25.pdf,https://www.collegedata.fyi/schools/clark-university/2024-25
165334,2024,noncustodial_css_profile_required,true,reported,H.805,https://www.clarku.edu/saair/wp-content/uploads/sites/95/Clark-CDS-2024-25.pdf,https://www.collegedata.fyi/schools/clark-university/2024-25
165334,2024,state_aid_form_required,true,reported,H.804,https://www.clarku.edu/saair/wp-content/uploads/sites/95/Clark-CDS-2024-25.pdf,https://www.collegedata.fyi/schools/clark-university/2024-25
165820,2024,aid_awarded_freshmen_count,440,reported,H.204,https://www.fitchburgstate.edu/sites/default/files/documents/2026-05/IRP-CDS20252026-A.pdf,https://www.collegedata.fyi/schools/fitchburg-state-university/2024-25
165820,2024,avg_need_based_grant_usd,10999,reported,H.211,https://www.fitchburgstate.edu/sites/default/files/documents/2026-05/IRP-CDS20252026-A.pdf,https://www.collegedata.fyi/schools/fitchburg-state-university/2024-25
165820,2024,avg_need_met_percent,72,reported,H.209,https://www.fitchburgstate.edu/sites/default/files/documents/2026-05/IRP-CDS20252026-A.pdf,https://www.collegedata.fyi/schools/fitchburg-state-university/2024-25
165820,2024,fafsa_required,true,reported,H.801,https://www.fitchburgstate.edu/sites/default/files/documents/2026-05/IRP-CDS20252026-A.pdf,https://www.collegedata.fyi/schools/fitchburg-state-university/2024-25
165820,2024,need_fully_met_count,82,reported,H.208,https://www.fitchburgstate.edu/sites/default/files/documents/2026-05/IRP-CDS20252026-A.pdf,https://www.collegedata.fyi/schools/fitchburg-state-university/2024-25
166027,2024,aid_awarded_freshmen_count,920,reported,H.204,https://bpb-us-e1.wpmucdn.com/sites.harvard.edu/dist/6/210/files/2025/06/HarvardUniversity_CDS_2024-2025.pdf,https://www.collegedata.fyi/schools/harvard/2024-25
166027,2024,avg_need_based_grant_usd,73497,reported,H.211,https://bpb-us-e1.wpmucdn.com/sites.harvard.edu/dist/6/210/files/2025/06/HarvardUniversity_CDS_2024-2025.pdf,https://www.collegedata.fyi/schools/harvard/2024-25
166027,2024,avg_need_met_percent,100,reported,H.209,https://bpb-us-e1.wpmucdn.com/sites.harvard.edu/dist/6/210/files/2025/06/HarvardUniversity_CDS_2024-2025.pdf,https://www.collegedata.fyi/schools/harvard/2024-25
166027,2024,need_fully_met_count,920,reported,H.208,https://bpb-us-e1.wpmucdn.com/sites.harvard.edu/dist/6/210/files/2025/06/HarvardUniversity_CDS_2024-2025.pdf,https://www.collegedata.fyi/schools/harvard/2024-25
166027,2024,other_institutional_form_required,true,reported,H.807,https://bpb-us-e1.wpmucdn.com/sites.harvard.edu/dist/6/210/files/2025/06/HarvardUniversity_CDS_2024-2025.pdf,https://www.collegedata.fyi/schools/harvard/2024-25
166629,2025,aid_awarded_freshmen_count,2354,reported,H.204,https://www.umass.edu/uair/media/1062/download,https://www.collegedata.fyi/schools/university-of-massachusetts-amherst/2025-26
166629,2025,avg_need_based_grant_usd,18559,reported,H.211,https://www.umass.edu/uair/media/1062/download,https://www.collegedata.fyi/schools/university-of-massachusetts-amherst/2025-26
166629,2025,avg_need_met_percent,86.4,reported,H.209,https://www.umass.edu/uair/media/1062/download,https://www.collegedata.fyi/schools/university-of-massachusetts-amherst/2025-26
166629,2025,need_fully_met_count,474,reported,H.208,https://www.umass.edu/uair/media/1062/download,https://www.collegedata.fyi/schools/university-of-massachusetts-amherst/2025-26
166939,2024,aid_awarded_freshmen_count,328,reported,H.204,https://drive.usercontent.google.com/download?id=1zsl-tIQenh5GI5u0qspsNbS9VFZumvMr&export=download,https://www.collegedata.fyi/schools/mount-holyoke-college/2024-25
166939,2024,avg_need_based_grant_usd,57778,reported,H.211,https://drive.usercontent.google.com/download?id=1zsl-tIQenh5GI5u0qspsNbS9VFZumvMr&export=download,https://www.collegedata.fyi/schools/mount-holyoke-college/2024-25
166939,2024,avg_need_met_percent,100,reported,H.209,https://drive.usercontent.google.com/download?id=1zsl-tIQenh5GI5u0qspsNbS9VFZumvMr&export=download,https://www.collegedata.fyi/schools/mount-holyoke-college/2024-25
166939,2024,css_profile_required,true,reported,H.803,https://drive.usercontent.google.com/download?id=1zsl-tIQenh5GI5u0qspsNbS9VFZumvMr&export=download,https://www.collegedata.fyi/schools/mount-holyoke-college/2024-25
166939,2024,fafsa_required,true,reported,H.801,https://drive.usercontent.google.com/download?id=1zsl-tIQenh5GI5u0qspsNbS9VFZumvMr&export=download,https://www.collegedata.fyi/schools/mount-holyoke-college/2024-25
166939,2024,need_fully_met_count,328,reported,H.208,https://drive.usercontent.google.com/download?id=1zsl-tIQenh5GI5u0qspsNbS9VFZumvMr&export=download,https://www.collegedata.fyi/schools/mount-holyoke-college/2024-25
166939,2024,noncustodial_css_profile_required,true,reported,H.805,https://drive.usercontent.google.com/download?id=1zsl-tIQenh5GI5u0qspsNbS9VFZumvMr&export=download,https://www.collegedata.fyi/schools/mount-holyoke-college/2024-25
166939,2024,other_institutional_form_required,true,reported,H.807,https://drive.usercontent.google.com/download?id=1zsl-tIQenh5GI5u0qspsNbS9VFZumvMr&export=download,https://www.collegedata.fyi/schools/mount-holyoke-college/2024-25
167358,2024,aid_awarded_freshmen_count,1396,reported,H.204,http://uds.northeastern.edu/wp-content/uploads/2026/03/CDS-2024-25.pdf,https://www.collegedata.fyi/schools/northeastern/2024-25
167358,2024,avg_need_based_grant_usd,58707,reported,H.211,http://uds.northeastern.edu/wp-content/uploads/2026/03/CDS-2024-25.pdf,https://www.collegedata.fyi/schools/northeastern/2024-25
167358,2024,avg_need_met_percent,100,reported,H.209,http://uds.northeastern.edu/wp-content/uploads/2026/03/CDS-2024-25.pdf,https://www.collegedata.fyi/schools/northeastern/2024-25
167358,2024,css_profile_required,true,reported,H.803,http://uds.northeastern.edu/wp-content/uploads/2026/03/CDS-2024-25.pdf,https://www.collegedata.fyi/schools/northeastern/2024-25
167358,2024,fafsa_required,true,reported,H.801,http://uds.northeastern.edu/wp-content/uploads/2026/03/CDS-2024-25.pdf,https://www.collegedata.fyi/schools/northeastern/2024-25
167358,2024,need_fully_met_count,1396,reported,H.208,http://uds.northeastern.edu/wp-content/uploads/2026/03/CDS-2024-25.pdf,https://www.collegedata.fyi/schools/northeastern/2024-25
167358,2024,noncustodial_css_profile_required,true,reported,H.805,http://uds.northeastern.edu/wp-content/uploads/2026/03/CDS-2024-25.pdf,https://www.collegedata.fyi/schools/northeastern/2024-25
167899,2024,aid_awarded_freshmen_count,347,reported,H.204,https://springfield.edu/sites/default/files/springfield-college-2024-25-common-data-set-usnews-v4.pdf,https://www.collegedata.fyi/schools/springfield-college/2024-25
167899,2024,avg_need_based_grant_usd,33028,reported,H.211,https://springfield.edu/sites/default/files/springfield-college-2024-25-common-data-set-usnews-v4.pdf,https://www.collegedata.fyi/schools/springfield-college/2024-25
167899,2024,avg_need_met_percent,83,reported,H.209,https://springfield.edu/sites/default/files/springfield-college-2024-25-common-data-set-usnews-v4.pdf,https://www.collegedata.fyi/schools/springfield-college/2024-25
167899,2024,fafsa_required,true,reported,H.801,https://springfield.edu/sites/default/files/springfield-college-2024-25-common-data-set-usnews-v4.pdf,https://www.collegedata.fyi/schools/springfield-college/2024-25
167899,2024,need_fully_met_count,105,reported,H.208,https://springfield.edu/sites/default/files/springfield-college-2024-25-common-data-set-usnews-v4.pdf,https://www.collegedata.fyi/schools/springfield-college/2024-25
168148,2024,aid_awarded_freshmen_count,660,reported,H.204,https://provost.tufts.edu/institutionalresearch/wp-content/uploads/sites/5/CDS_2024-2025-1.pdf,https://www.collegedata.fyi/schools/tufts/2024-25
168148,2024,avg_need_based_grant_usd,58196,reported,H.211,https://provost.tufts.edu/institutionalresearch/wp-content/uploads/sites/5/CDS_2024-2025-1.pdf,https://www.collegedata.fyi/schools/tufts/2024-25
168148,2024,avg_need_met_percent,100,reported,H.209,https://provost.tufts.edu/institutionalresearch/wp-content/uploads/sites/5/CDS_2024-2025-1.pdf,https://www.collegedata.fyi/schools/tufts/2024-25
168148,2024,css_profile_required,true,reported,H.803,https://provost.tufts.edu/institutionalresearch/wp-content/uploads/sites/5/CDS_2024-2025-1.pdf,https://www.collegedata.fyi/schools/tufts/2024-25
168148,2024,fafsa_required,true,reported,H.801,https://provost.tufts.edu/institutionalresearch/wp-content/uploads/sites/5/CDS_2024-2025-1.pdf,https://www.collegedata.fyi/schools/tufts/2024-25
168148,2024,need_fully_met_count,660,reported,H.208,https://provost.tufts.edu/institutionalresearch/wp-content/uploads/sites/5/CDS_2024-2025-1.pdf,https://www.collegedata.fyi/schools/tufts/2024-25
168148,2024,noncustodial_css_profile_required,true,reported,H.805,https://provost.tufts.edu/institutionalresearch/wp-content/uploads/sites/5/CDS_2024-2025-1.pdf,https://www.collegedata.fyi/schools/tufts/2024-25
168148,2024,other_institutional_form_required,true,reported,H.807,https://provost.tufts.edu/institutionalresearch/wp-content/uploads/sites/5/CDS_2024-2025-1.pdf,https://www.collegedata.fyi/schools/tufts/2024-25
168218,2025,aid_awarded_freshmen_count,319,reported,H.204,https://wellesley-college.files.svdcdn.com/production/administrative-departments/OIR/CDS_2025-2026-FINAL.pdf?dm=1773253066,https://www.collegedata.fyi/schools/wellesley-college/2025-26
168218,2025,avg_need_based_grant_usd,71018,reported,H.211,https://wellesley-college.files.svdcdn.com/production/administrative-departments/OIR/CDS_2025-2026-FINAL.pdf?dm=1773253066,https://www.collegedata.fyi/schools/wellesley-college/2025-26
168218,2025,avg_need_met_percent,100,reported,H.209,https://wellesley-college.files.svdcdn.com/production/administrative-departments/OIR/CDS_2025-2026-FINAL.pdf?dm=1773253066,https://www.collegedata.fyi/schools/wellesley-college/2025-26
168218,2025,css_profile_required,true,reported,H.803,https://wellesley-college.files.svdcdn.com/production/administrative-departments/OIR/CDS_2025-2026-FINAL.pdf?dm=1773253066,https://www.collegedata.fyi/schools/wellesley-college/2025-26
168218,2025,fafsa_required,true,reported,H.801,https://wellesley-college.files.svdcdn.com/production/administrative-departments/OIR/CDS_2025-2026-FINAL.pdf?dm=1773253066,https://www.collegedata.fyi/schools/wellesley-college/2025-26
168218,2025,need_fully_met_count,215,reported,H.208,https://wellesley-college.files.svdcdn.com/production/administrative-departments/OIR/CDS_2025-2026-FINAL.pdf?dm=1773253066,https://www.collegedata.fyi/schools/wellesley-college/2025-26
168218,2025,other_institutional_form_required,true,reported,H.807,https://wellesley-college.files.svdcdn.com/production/administrative-departments/OIR/CDS_2025-2026-FINAL.pdf?dm=1773253066,https://www.collegedata.fyi/schools/wellesley-college/2025-26
168254,2025,aid_awarded_freshmen_count,743,reported,H.204,https://wne.edu/institutional-research/doc/CDS-2025-2026.pdf,https://www.collegedata.fyi/schools/western-new-england-university/2025-26
168254,2025,avg_need_based_grant_usd,4158,reported,H.211,https://wne.edu/institutional-research/doc/CDS-2025-2026.pdf,https://www.collegedata.fyi/schools/western-new-england-university/2025-26
168254,2025,avg_need_met_percent,81,reported,H.209,https://wne.edu/institutional-research/doc/CDS-2025-2026.pdf,https://www.collegedata.fyi/schools/western-new-england-university/2025-26
168254,2025,fafsa_required,true,reported,H.801,https://wne.edu/institutional-research/doc/CDS-2025-2026.pdf,https://www.collegedata.fyi/schools/western-new-england-university/2025-26
168254,2025,need_fully_met_count,224,reported,H.208,https://wne.edu/institutional-research/doc/CDS-2025-2026.pdf,https://www.collegedata.fyi/schools/western-new-england-university/2025-26
168342,2024,aid_awarded_freshmen_count,306,reported,H.204,https://www.williams.edu/institutional-research/files/2025/06/CDS_2024_2025_Williams_V5.pdf,https://www.collegedata.fyi/schools/williams-college/2024-25
168342,2024,avg_need_based_grant_usd,76769,reported,H.211,https://www.williams.edu/institutional-research/files/2025/06/CDS_2024_2025_Williams_V5.pdf,https://www.collegedata.fyi/schools/williams-college/2024-25
168342,2024,avg_need_met_percent,100,reported,H.209,https://www.williams.edu/institutional-research/files/2025/06/CDS_2024_2025_Williams_V5.pdf,https://www.collegedata.fyi/schools/williams-college/2024-25
168342,2024,need_fully_met_count,306,reported,H.208,https://www.williams.edu/institutional-research/files/2025/06/CDS_2024_2025_Williams_V5.pdf,https://www.collegedata.fyi/schools/williams-college/2024-25
168421,2024,aid_awarded_freshmen_count,238,reported,H.204,https://drive.usercontent.google.com/download?id=1IPdvZGD-gzDYjb8QUWKuj8UgZk-wgpFr&export=download,https://www.collegedata.fyi/schools/worcester-polytechnic-institute/2024-25
168421,2024,avg_need_based_grant_usd,51114,reported,H.211,https://drive.usercontent.google.com/download?id=1IPdvZGD-gzDYjb8QUWKuj8UgZk-wgpFr&export=download,https://www.collegedata.fyi/schools/worcester-polytechnic-institute/2024-25
168421,2024,avg_need_met_percent,98,reported,H.209,https://drive.usercontent.google.com/download?id=1IPdvZGD-gzDYjb8QUWKuj8UgZk-wgpFr&export=download,https://www.collegedata.fyi/schools/worcester-polytechnic-institute/2024-25
168421,2024,css_profile_required,true,reported,H.803,https://drive.usercontent.google.com/download?id=1IPdvZGD-gzDYjb8QUWKuj8UgZk-wgpFr&export=download,https://www.collegedata.fyi/schools/worcester-polytechnic-institute/2024-25
168421,2024,fafsa_required,true,reported,H.801,https://drive.usercontent.google.com/download?id=1IPdvZGD-gzDYjb8QUWKuj8UgZk-wgpFr&export=download,https://www.collegedata.fyi/schools/worcester-polytechnic-institute/2024-25
168421,2024,need_fully_met_count,112,reported,H.208,https://drive.usercontent.google.com/download?id=1IPdvZGD-gzDYjb8QUWKuj8UgZk-wgpFr&export=download,https://www.collegedata.fyi/schools/worcester-polytechnic-institute/2024-25
168421,2024,noncustodial_css_profile_required,true,reported,H.805,https://drive.usercontent.google.com/download?id=1IPdvZGD-gzDYjb8QUWKuj8UgZk-wgpFr&export=download,https://www.collegedata.fyi/schools/worcester-polytechnic-institute/2024-25
168430,2025,aid_awarded_freshmen_count,,not_collected_by_us,H.204,https://webcdn.worcester.edu/wp-content/uploads/2026/03/WSU-Common-Data-Set-2025-2026_No_G.xlsx,https://www.collegedata.fyi/schools/worcester-state-university/2025-26
168430,2025,avg_need_based_grant_usd,306628,reported,H.211,https://webcdn.worcester.edu/wp-content/uploads/2026/03/WSU-Common-Data-Set-2025-2026_No_G.xlsx,https://www.collegedata.fyi/schools/worcester-state-university/2025-26
168430,2025,avg_need_met_percent,,not_collected_by_us,H.209,https://webcdn.worcester.edu/wp-content/uploads/2026/03/WSU-Common-Data-Set-2025-2026_No_G.xlsx,https://www.collegedata.fyi/schools/worcester-state-university/2025-26
168786,2024,aid_awarded_freshmen_count,183,reported,H.204,https://www.aquinas.edu/_files/Aquinas%20College%20cds-2024-2025.pdf,https://www.collegedata.fyi/schools/aquinas-college/2024-25
168786,2024,avg_need_based_grant_usd,35781.6721,reported,H.211,https://www.aquinas.edu/_files/Aquinas%20College%20cds-2024-2025.pdf,https://www.collegedata.fyi/schools/aquinas-college/2024-25
168786,2024,avg_need_met_percent,85,reported,H.209,https://www.aquinas.edu/_files/Aquinas%20College%20cds-2024-2025.pdf,https://www.collegedata.fyi/schools/aquinas-college/2024-25
168786,2024,fafsa_required,true,reported,H.801,https://www.aquinas.edu/_files/Aquinas%20College%20cds-2024-2025.pdf,https://www.collegedata.fyi/schools/aquinas-college/2024-25
168786,2024,need_fully_met_count,55,reported,H.208,https://www.aquinas.edu/_files/Aquinas%20College%20cds-2024-2025.pdf,https://www.collegedata.fyi/schools/aquinas-college/2024-25
168847,2025,aid_awarded_freshmen_count,224,reported,H.204,https://my.baker.edu/icsfileserver/docs/docs/about_us/institutional_effectiveness/common_data_set/Common%20Data%20Set%202025-2026.pdf,https://www.collegedata.fyi/schools/baker-college/2025-26
168847,2025,avg_need_based_grant_usd,14600,reported,H.211,https://my.baker.edu/icsfileserver/docs/docs/about_us/institutional_effectiveness/common_data_set/Common%20Data%20Set%202025-2026.pdf,https://www.collegedata.fyi/schools/baker-college/2025-26
168847,2025,avg_need_met_percent,75,reported,H.209,https://my.baker.edu/icsfileserver/docs/docs/about_us/institutional_effectiveness/common_data_set/Common%20Data%20Set%202025-2026.pdf,https://www.collegedata.fyi/schools/baker-college/2025-26
168847,2025,fafsa_required,true,reported,H.801,https://my.baker.edu/icsfileserver/docs/docs/about_us/institutional_effectiveness/common_data_set/Common%20Data%20Set%202025-2026.pdf,https://www.collegedata.fyi/schools/baker-college/2025-26
168847,2025,need_fully_met_count,24,reported,H.208,https://my.baker.edu/icsfileserver/docs/docs/about_us/institutional_effectiveness/common_data_set/Common%20Data%20Set%202025-2026.pdf,https://www.collegedata.fyi/schools/baker-college/2025-26
170082,2025,aid_awarded_freshmen_count,2822,reported,H.204,https://www.gvsu.edu/cms4/asset/EFAB4AD2-A926-8D16-A5685AB71E0C7DC3/cds_2025-2026.xlsx,https://www.collegedata.fyi/schools/grand-valley-state-university/2025-26
170082,2025,avg_need_based_grant_usd,15400,reported,H.211,https://www.gvsu.edu/cms4/asset/EFAB4AD2-A926-8D16-A5685AB71E0C7DC3/cds_2025-2026.xlsx,https://www.collegedata.fyi/schools/grand-valley-state-university/2025-26
170082,2025,avg_need_met_percent,77.7,reported,H.209,https://www.gvsu.edu/cms4/asset/EFAB4AD2-A926-8D16-A5685AB71E0C7DC3/cds_2025-2026.xlsx,https://www.collegedata.fyi/schools/grand-valley-state-university/2025-26
170082,2025,need_fully_met_count,622,reported,H.208,https://www.gvsu.edu/cms4/asset/EFAB4AD2-A926-8D16-A5685AB71E0C7DC3/cds_2025-2026.xlsx,https://www.collegedata.fyi/schools/grand-valley-state-university/2025-26
170976,2025,aid_awarded_freshmen_count,2667,reported,H.204,https://obp.umich.edu/wp-content/uploads/pubdata/cds/cds_2025-26_umaa.pdf,https://www.collegedata.fyi/schools/umich/2025-26
170976,2025,avg_need_based_grant_usd,30307,reported,H.211,https://obp.umich.edu/wp-content/uploads/pubdata/cds/cds_2025-26_umaa.pdf,https://www.collegedata.fyi/schools/umich/2025-26
170976,2025,avg_need_met_percent,91,reported,H.209,https://obp.umich.edu/wp-content/uploads/pubdata/cds/cds_2025-26_umaa.pdf,https://www.collegedata.fyi/schools/umich/2025-26
170976,2025,need_fully_met_count,1820,reported,H.208,https://obp.umich.edu/wp-content/uploads/pubdata/cds/cds_2025-26_umaa.pdf,https://www.collegedata.fyi/schools/umich/2025-26
171100,2025,aid_awarded_freshmen_count,3881,reported,H.204,https://edge.sitecorecloud.io/michiganstab57e-msustrategi129d-prod9868-7e5e/media/project/msu/ir/docs/cds/cds-2025-2026.pdf,https://www.collegedata.fyi/schools/michigan-state-university/2025-26
171100,2025,avg_need_based_grant_usd,13950,reported,H.211,https://edge.sitecorecloud.io/michiganstab57e-msustrategi129d-prod9868-7e5e/media/project/msu/ir/docs/cds/cds-2025-2026.pdf,https://www.collegedata.fyi/schools/michigan-state-university/2025-26
171100,2025,avg_need_met_percent,61,reported,H.209,https://edge.sitecorecloud.io/michiganstab57e-msustrategi129d-prod9868-7e5e/media/project/msu/ir/docs/cds/cds-2025-2026.pdf,https://www.collegedata.fyi/schools/michigan-state-university/2025-26
171100,2025,fafsa_required,true,reported,H.801,https://edge.sitecorecloud.io/michiganstab57e-msustrategi129d-prod9868-7e5e/media/project/msu/ir/docs/cds/cds-2025-2026.pdf,https://www.collegedata.fyi/schools/michigan-state-university/2025-26
171100,2025,need_fully_met_count,529,reported,H.208,https://edge.sitecorecloud.io/michiganstab57e-msustrategi129d-prod9868-7e5e/media/project/msu/ir/docs/cds/cds-2025-2026.pdf,https://www.collegedata.fyi/schools/michigan-state-university/2025-26
171128,2025,aid_awarded_freshmen_count,838,reported,H.204,https://www.mtu.edu/institutional-research/cds/files/cds-2025-2026.xlsx,https://www.collegedata.fyi/schools/michigan-technological-university/2025-26
171128,2025,avg_need_based_grant_usd,13933,reported,H.211,https://www.mtu.edu/institutional-research/cds/files/cds-2025-2026.xlsx,https://www.collegedata.fyi/schools/michigan-technological-university/2025-26
171128,2025,avg_need_met_percent,92.258,reported,H.209,https://www.mtu.edu/institutional-research/cds/files/cds-2025-2026.xlsx,https://www.collegedata.fyi/schools/michigan-technological-university/2025-26
171128,2025,fafsa_required,true,reported,H.801,https://www.mtu.edu/institutional-research/cds/files/cds-2025-2026.xlsx,https://www.collegedata.fyi/schools/michigan-technological-university/2025-26
171128,2025,need_fully_met_count,433,reported,H.208,https://www.mtu.edu/institutional-research/cds/files/cds-2025-2026.xlsx,https://www.collegedata.fyi/schools/michigan-technological-university/2025-26
171137,2024,aid_awarded_freshmen_count,825,reported,H.204,https://umdearborn.edu/sites/default/files/unmanaged/pdf/ire/cds-2024-2025.pdf,https://www.collegedata.fyi/schools/university-of-michigan-dearborn/2024-25
171137,2024,avg_need_based_grant_usd,14049,reported,H.211,https://umdearborn.edu/sites/default/files/unmanaged/pdf/ire/cds-2024-2025.pdf,https://www.collegedata.fyi/schools/university-of-michigan-dearborn/2024-25
171137,2024,avg_need_met_percent,84,reported,H.209,https://umdearborn.edu/sites/default/files/unmanaged/pdf/ire/cds-2024-2025.pdf,https://www.collegedata.fyi/schools/university-of-michigan-dearborn/2024-25
171137,2024,fafsa_required,true,reported,H.801,https://umdearborn.edu/sites/default/files/unmanaged/pdf/ire/cds-2024-2025.pdf,https://www.collegedata.fyi/schools/university-of-michigan-dearborn/2024-25
171137,2024,need_fully_met_count,155,reported,H.208,https://umdearborn.edu/sites/default/files/unmanaged/pdf/ire/cds-2024-2025.pdf,https://www.collegedata.fyi/schools/university-of-michigan-dearborn/2024-25
171456,2024,aid_awarded_freshmen_count,983,reported,H.204,https://nmu.edu/institutionaleffectiveness/sites/institutionaleffectiveness/files/2026-01/Northern-Michigan-University-CDS-2025-2026.xlsx,https://www.collegedata.fyi/schools/northern-michigan-university/2024-25
171456,2024,avg_need_based_grant_usd,9301,reported,H.211,https://nmu.edu/institutionaleffectiveness/sites/institutionaleffectiveness/files/2026-01/Northern-Michigan-University-CDS-2025-2026.xlsx,https://www.collegedata.fyi/schools/northern-michigan-university/2024-25
171456,2024,avg_need_met_percent,79,reported,H.209,https://nmu.edu/institutionaleffectiveness/sites/institutionaleffectiveness/files/2026-01/Northern-Michigan-University-CDS-2025-2026.xlsx,https://www.collegedata.fyi/schools/northern-michigan-university/2024-25
171456,2024,fafsa_required,true,reported,H.801,https://nmu.edu/institutionaleffectiveness/sites/institutionaleffectiveness/files/2026-01/Northern-Michigan-University-CDS-2025-2026.xlsx,https://www.collegedata.fyi/schools/northern-michigan-university/2024-25
171456,2024,need_fully_met_count,303,reported,H.208,https://nmu.edu/institutionaleffectiveness/sites/institutionaleffectiveness/files/2026-01/Northern-Michigan-University-CDS-2025-2026.xlsx,https://www.collegedata.fyi/schools/northern-michigan-university/2024-25
172051,2025,aid_awarded_freshmen_count,886,reported,H.204,https://www.svsu.edu/media/officeofinstitutionalresearch/CDS%202025-2026.xlsx,https://www.collegedata.fyi/schools/saginaw-valley-state-university/2025-26
172051,2025,avg_need_based_grant_usd,16324,reported,H.211,https://www.svsu.edu/media/officeofinstitutionalresearch/CDS%202025-2026.xlsx,https://www.collegedata.fyi/schools/saginaw-valley-state-university/2025-26
172051,2025,avg_need_met_percent,88,reported,H.209,https://www.svsu.edu/media/officeofinstitutionalresearch/CDS%202025-2026.xlsx,https://www.collegedata.fyi/schools/saginaw-valley-state-university/2025-26
172051,2025,css_profile_required,true,reported,H.803,https://www.svsu.edu/media/officeofinstitutionalresearch/CDS%202025-2026.xlsx,https://www.collegedata.fyi/schools/saginaw-valley-state-university/2025-26
172051,2025,fafsa_required,true,reported,H.801,https://www.svsu.edu/media/officeofinstitutionalresearch/CDS%202025-2026.xlsx,https://www.collegedata.fyi/schools/saginaw-valley-state-university/2025-26
172051,2025,institutional_form_required,true,reported,H.802,https://www.svsu.edu/media/officeofinstitutionalresearch/CDS%202025-2026.xlsx,https://www.collegedata.fyi/schools/saginaw-valley-state-university/2025-26
172051,2025,need_fully_met_count,280,reported,H.208,https://www.svsu.edu/media/officeofinstitutionalresearch/CDS%202025-2026.xlsx,https://www.collegedata.fyi/schools/saginaw-valley-state-university/2025-26
172644,2025,aid_awarded_freshmen_count,2228,reported,H.204,https://irda.wayne.edu/common-data-set/2025-2026-cds.pdf,https://www.collegedata.fyi/schools/wayne-state-university/2025-26
172644,2025,avg_need_based_grant_usd,15186.1604,reported,H.211,https://irda.wayne.edu/common-data-set/2025-2026-cds.pdf,https://www.collegedata.fyi/schools/wayne-state-university/2025-26
172644,2025,avg_need_met_percent,62.08,reported,H.209,https://irda.wayne.edu/common-data-set/2025-2026-cds.pdf,https://www.collegedata.fyi/schools/wayne-state-university/2025-26
172644,2025,fafsa_required,true,reported,H.801,https://irda.wayne.edu/common-data-set/2025-2026-cds.pdf,https://www.collegedata.fyi/schools/wayne-state-university/2025-26
172644,2025,need_fully_met_count,236,reported,H.208,https://irda.wayne.edu/common-data-set/2025-2026-cds.pdf,https://www.collegedata.fyi/schools/wayne-state-university/2025-26
173258,2024,aid_awarded_freshmen_count,,not_collected_by_us,H.204,https://drive.usercontent.google.com/download?id=1WstOtBocYVh6OjCsaItre7Th0bYSBj-p&export=download,https://www.collegedata.fyi/schools/carleton-college/2024-25
173258,2024,avg_need_based_grant_usd,,not_collected_by_us,H.211,https://drive.usercontent.google.com/download?id=1WstOtBocYVh6OjCsaItre7Th0bYSBj-p&export=download,https://www.collegedata.fyi/schools/carleton-college/2024-25
173258,2024,avg_need_met_percent,,not_collected_by_us,H.209,https://drive.usercontent.google.com/download?id=1WstOtBocYVh6OjCsaItre7Th0bYSBj-p&export=download,https://www.collegedata.fyi/schools/carleton-college/2024-25
173258,2024,business_farm_supplement_required,true,reported,H.806,https://drive.usercontent.google.com/download?id=1WstOtBocYVh6OjCsaItre7Th0bYSBj-p&export=download,https://www.collegedata.fyi/schools/carleton-college/2024-25
173258,2024,fafsa_required,true,reported,H.801,https://drive.usercontent.google.com/download?id=1WstOtBocYVh6OjCsaItre7Th0bYSBj-p&export=download,https://www.collegedata.fyi/schools/carleton-college/2024-25
173258,2024,institutional_form_required,true,reported,H.802,https://drive.usercontent.google.com/download?id=1WstOtBocYVh6OjCsaItre7Th0bYSBj-p&export=download,https://www.collegedata.fyi/schools/carleton-college/2024-25
173258,2024,need_fully_met_count,,not_collected_by_us,H.208,https://drive.usercontent.google.com/download?id=1WstOtBocYVh6OjCsaItre7Th0bYSBj-p&export=download,https://www.collegedata.fyi/schools/carleton-college/2024-25
173258,2024,noncustodial_css_profile_required,true,reported,H.805,https://drive.usercontent.google.com/download?id=1WstOtBocYVh6OjCsaItre7Th0bYSBj-p&export=download,https://www.collegedata.fyi/schools/carleton-college/2024-25
173258,2024,other_institutional_form_required,,not_collected_by_us,H.807,https://drive.usercontent.google.com/download?id=1WstOtBocYVh6OjCsaItre7Th0bYSBj-p&export=download,https://www.collegedata.fyi/schools/carleton-college/2024-25
173647,2024,aid_awarded_freshmen_count,364,reported,H.204,https://drive.usercontent.google.com/download?id=1V8MmDkggCYsDCg2dVZ2at-R_vdHEAsbO&export=download,https://www.collegedata.fyi/schools/gustavus-adolphus-college/2024-25
173647,2024,avg_need_based_grant_usd,39282,reported,H.211,https://drive.usercontent.google.com/download?id=1V8MmDkggCYsDCg2dVZ2at-R_vdHEAsbO&export=download,https://www.collegedata.fyi/schools/gustavus-adolphus-college/2024-25
173647,2024,avg_need_met_percent,93,reported,H.209,https://drive.usercontent.google.com/download?id=1V8MmDkggCYsDCg2dVZ2at-R_vdHEAsbO&export=download,https://www.collegedata.fyi/schools/gustavus-adolphus-college/2024-25
173647,2024,business_farm_supplement_required,,not_collected_by_us,H.806,https://drive.usercontent.google.com/download?id=1V8MmDkggCYsDCg2dVZ2at-R_vdHEAsbO&export=download,https://www.collegedata.fyi/schools/gustavus-adolphus-college/2024-25
173647,2024,css_profile_required,,not_collected_by_us,H.803,https://drive.usercontent.google.com/download?id=1V8MmDkggCYsDCg2dVZ2at-R_vdHEAsbO&export=download,https://www.collegedata.fyi/schools/gustavus-adolphus-college/2024-25
173647,2024,fafsa_required,true,reported,H.801,https://drive.usercontent.google.com/download?id=1V8MmDkggCYsDCg2dVZ2at-R_vdHEAsbO&export=download,https://www.collegedata.fyi/schools/gustavus-adolphus-college/2024-25
173647,2024,institutional_form_required,,not_collected_by_us,H.802,https://drive.usercontent.google.com/download?id=1V8MmDkggCYsDCg2dVZ2at-R_vdHEAsbO&export=download,https://www.collegedata.fyi/schools/gustavus-adolphus-college/2024-25
173647,2024,need_fully_met_count,116,reported,H.208,https://drive.usercontent.google.com/download?id=1V8MmDkggCYsDCg2dVZ2at-R_vdHEAsbO&export=download,https://www.collegedata.fyi/schools/gustavus-adolphus-college/2024-25
173647,2024,noncustodial_css_profile_required,,not_collected_by_us,H.805,https://drive.usercontent.google.com/download?id=1V8MmDkggCYsDCg2dVZ2at-R_vdHEAsbO&export=download,https://www.collegedata.fyi/schools/gustavus-adolphus-college/2024-25
173647,2024,other_institutional_form_required,,not_collected_by_us,H.807,https://drive.usercontent.google.com/download?id=1V8MmDkggCYsDCg2dVZ2at-R_vdHEAsbO&export=download,https://www.collegedata.fyi/schools/gustavus-adolphus-college/2024-25
173647,2024,state_aid_form_required,true,reported,H.804,https://drive.usercontent.google.com/download?id=1V8MmDkggCYsDCg2dVZ2at-R_vdHEAsbO&export=download,https://www.collegedata.fyi/schools/gustavus-adolphus-college/2024-25
174075,2025,aid_awarded_freshmen_count,110,reported,H.204,https://doc-08-60-sheets.googleusercontent.com/export/54bogvaave6cua4cdnls17ksc4/f3blma3qst1j4rt71u9bkga90s/1788156665000/105250506097979753968/*/1KKhtn7E_gEiYCVVuszlv-wGSz6JKXxI-m23zNX-RwGo?format=xlsx,https://www.collegedata.fyi/schools/university-of-minnesota-crookston/2025-26
174075,2025,avg_need_based_grant_usd,15433,reported,H.211,https://doc-08-60-sheets.googleusercontent.com/export/54bogvaave6cua4cdnls17ksc4/f3blma3qst1j4rt71u9bkga90s/1788156665000/105250506097979753968/*/1KKhtn7E_gEiYCVVuszlv-wGSz6JKXxI-m23zNX-RwGo?format=xlsx,https://www.collegedata.fyi/schools/university-of-minnesota-crookston/2025-26
174075,2025,avg_need_met_percent,85.2,reported,H.209,https://doc-08-60-sheets.googleusercontent.com/export/54bogvaave6cua4cdnls17ksc4/f3blma3qst1j4rt71u9bkga90s/1788156665000/105250506097979753968/*/1KKhtn7E_gEiYCVVuszlv-wGSz6JKXxI-m23zNX-RwGo?format=xlsx,https://www.collegedata.fyi/schools/university-of-minnesota-crookston/2025-26
174075,2025,fafsa_required,true,reported,H.801,https://doc-08-60-sheets.googleusercontent.com/export/54bogvaave6cua4cdnls17ksc4/f3blma3qst1j4rt71u9bkga90s/1788156665000/105250506097979753968/*/1KKhtn7E_gEiYCVVuszlv-wGSz6JKXxI-m23zNX-RwGo?format=xlsx,https://www.collegedata.fyi/schools/university-of-minnesota-crookston/2025-26
174075,2025,need_fully_met_count,45,reported,H.208,https://doc-08-60-sheets.googleusercontent.com/export/54bogvaave6cua4cdnls17ksc4/f3blma3qst1j4rt71u9bkga90s/1788156665000/105250506097979753968/*/1KKhtn7E_gEiYCVVuszlv-wGSz6JKXxI-m23zNX-RwGo?format=xlsx,https://www.collegedata.fyi/schools/university-of-minnesota-crookston/2025-26
174844,2024,aid_awarded_freshmen_count,678,reported,H.204,https://drive.usercontent.google.com/download?id=1-pnWyqC_p3XdjYDvKRMY_xDAyo9KCGj0&export=download,https://www.collegedata.fyi/schools/st-olaf-college/2024-25
174844,2024,avg_need_based_grant_usd,54605,reported,H.211,https://drive.usercontent.google.com/download?id=1-pnWyqC_p3XdjYDvKRMY_xDAyo9KCGj0&export=download,https://www.collegedata.fyi/schools/st-olaf-college/2024-25
174844,2024,avg_need_met_percent,100,reported,H.209,https://drive.usercontent.google.com/download?id=1-pnWyqC_p3XdjYDvKRMY_xDAyo9KCGj0&export=download,https://www.collegedata.fyi/schools/st-olaf-college/2024-25
174844,2024,css_profile_required,true,reported,H.803,https://drive.usercontent.google.com/download?id=1-pnWyqC_p3XdjYDvKRMY_xDAyo9KCGj0&export=download,https://www.collegedata.fyi/schools/st-olaf-college/2024-25
174844,2024,fafsa_required,true,reported,H.801,https://drive.usercontent.google.com/download?id=1-pnWyqC_p3XdjYDvKRMY_xDAyo9KCGj0&export=download,https://www.collegedata.fyi/schools/st-olaf-college/2024-25
174844,2024,need_fully_met_count,678,reported,H.208,https://drive.usercontent.google.com/download?id=1-pnWyqC_p3XdjYDvKRMY_xDAyo9KCGj0&export=download,https://www.collegedata.fyi/schools/st-olaf-college/2024-25
174844,2024,noncustodial_css_profile_required,true,reported,H.805,https://drive.usercontent.google.com/download?id=1-pnWyqC_p3XdjYDvKRMY_xDAyo9KCGj0&export=download,https://www.collegedata.fyi/schools/st-olaf-college/2024-25
175272,2024,aid_awarded_freshmen_count,2747,reported,H.204,https://drive.usercontent.google.com/download?id=1FYwQEjtQSn3RhBfPJGzJM_rIF8Jp1KlU&export=download,https://www.collegedata.fyi/schools/winona-state-university/2024-25
175272,2024,avg_need_based_grant_usd,11951,reported,H.211,https://drive.usercontent.google.com/download?id=1FYwQEjtQSn3RhBfPJGzJM_rIF8Jp1KlU&export=download,https://www.collegedata.fyi/schools/winona-state-university/2024-25
175272,2024,avg_need_met_percent,80,reported,H.209,https://drive.usercontent.google.com/download?id=1FYwQEjtQSn3RhBfPJGzJM_rIF8Jp1KlU&export=download,https://www.collegedata.fyi/schools/winona-state-university/2024-25
175272,2024,fafsa_required,true,reported,H.801,https://drive.usercontent.google.com/download?id=1FYwQEjtQSn3RhBfPJGzJM_rIF8Jp1KlU&export=download,https://www.collegedata.fyi/schools/winona-state-university/2024-25
175272,2024,need_fully_met_count,639,reported,H.208,https://drive.usercontent.google.com/download?id=1FYwQEjtQSn3RhBfPJGzJM_rIF8Jp1KlU&export=download,https://www.collegedata.fyi/schools/winona-state-university/2024-25
176017,2024,aid_awarded_freshmen_count,2325,reported,H.204,https://drive.usercontent.google.com/download?id=1zkKqpes6AHDRsUFPDK37u39NIIgfMwdf&export=download,https://www.collegedata.fyi/schools/university-of-mississippi/2024-25
176017,2024,avg_need_based_grant_usd,12564,reported,H.211,https://drive.usercontent.google.com/download?id=1zkKqpes6AHDRsUFPDK37u39NIIgfMwdf&export=download,https://www.collegedata.fyi/schools/university-of-mississippi/2024-25
176017,2024,avg_need_met_percent,78,reported,H.209,https://drive.usercontent.google.com/download?id=1zkKqpes6AHDRsUFPDK37u39NIIgfMwdf&export=download,https://www.collegedata.fyi/schools/university-of-mississippi/2024-25
176017,2024,need_fully_met_count,416,reported,H.208,https://drive.usercontent.google.com/download?id=1zkKqpes6AHDRsUFPDK37u39NIIgfMwdf&export=download,https://www.collegedata.fyi/schools/university-of-mississippi/2024-25
178341,2025,aid_awarded_freshmen_count,381,reported,H.204,https://www.mssu.edu/academics/institutional-effectiveness/files/CDS-2025-2026-Missouri-Southern-State-University-Final.pdf,https://www.collegedata.fyi/schools/missouri-southern-state-university/2025-26
178341,2025,avg_need_based_grant_usd,6839,reported,H.211,https://www.mssu.edu/academics/institutional-effectiveness/files/CDS-2025-2026-Missouri-Southern-State-University-Final.pdf,https://www.collegedata.fyi/schools/missouri-southern-state-university/2025-26
178341,2025,avg_need_met_percent,34.1,reported,H.209,https://www.mssu.edu/academics/institutional-effectiveness/files/CDS-2025-2026-Missouri-Southern-State-University-Final.pdf,https://www.collegedata.fyi/schools/missouri-southern-state-university/2025-26
178341,2025,fafsa_required,true,reported,H.801,https://www.mssu.edu/academics/institutional-effectiveness/files/CDS-2025-2026-Missouri-Southern-State-University-Final.pdf,https://www.collegedata.fyi/schools/missouri-southern-state-university/2025-26
178341,2025,need_fully_met_count,57,reported,H.208,https://www.mssu.edu/academics/institutional-effectiveness/files/CDS-2025-2026-Missouri-Southern-State-University-Final.pdf,https://www.collegedata.fyi/schools/missouri-southern-state-university/2025-26
178387,2025,aid_awarded_freshmen_count,411,reported,H.204,https://www.missouriwestern.edu/ir/wp-content/uploads/sites/169/2026/05/CDS-PDF-2025-2026_MWSU_Final.pdf,https://www.collegedata.fyi/schools/missouri-western-state-university/2025-26
178387,2025,avg_need_based_grant_usd,10139.34,reported,H.211,https://www.missouriwestern.edu/ir/wp-content/uploads/sites/169/2026/05/CDS-PDF-2025-2026_MWSU_Final.pdf,https://www.collegedata.fyi/schools/missouri-western-state-university/2025-26
178387,2025,avg_need_met_percent,55.1,reported,H.209,https://www.missouriwestern.edu/ir/wp-content/uploads/sites/169/2026/05/CDS-PDF-2025-2026_MWSU_Final.pdf,https://www.collegedata.fyi/schools/missouri-western-state-university/2025-26
178387,2025,fafsa_required,true,reported,H.801,https://www.missouriwestern.edu/ir/wp-content/uploads/sites/169/2026/05/CDS-PDF-2025-2026_MWSU_Final.pdf,https://www.collegedata.fyi/schools/missouri-western-state-university/2025-26
178387,2025,need_fully_met_count,39,reported,H.208,https://www.missouriwestern.edu/ir/wp-content/uploads/sites/169/2026/05/CDS-PDF-2025-2026_MWSU_Final.pdf,https://www.collegedata.fyi/schools/missouri-western-state-university/2025-26
178387,2025,other_institutional_form_required,true,reported,H.807,https://www.missouriwestern.edu/ir/wp-content/uploads/sites/169/2026/05/CDS-PDF-2025-2026_MWSU_Final.pdf,https://www.collegedata.fyi/schools/missouri-western-state-university/2025-26
178396,2024,aid_awarded_freshmen_count,2859,reported,H.204,https://drive.usercontent.google.com/download?id=1NbaWvHf-4bYOTiKZcqYC01uraioI4u5q&export=download,https://www.collegedata.fyi/schools/university-of-missouri-columbia/2024-25
178396,2024,business_farm_supplement_required,,not_collected_by_us,H.806,https://drive.usercontent.google.com/download?id=1NbaWvHf-4bYOTiKZcqYC01uraioI4u5q&export=download,https://www.collegedata.fyi/schools/university-of-missouri-columbia/2024-25
178402,2024,aid_awarded_freshmen_count,931,reported,H.204,https://www.umkc.edu/data/docs/cds_2024-2025.pdf,https://www.collegedata.fyi/schools/university-of-missouri-kansas-city/2024-25
178402,2024,avg_need_based_grant_usd,13919,reported,H.211,https://www.umkc.edu/data/docs/cds_2024-2025.pdf,https://www.collegedata.fyi/schools/university-of-missouri-kansas-city/2024-25
178402,2024,avg_need_met_percent,70.4,reported,H.209,https://www.umkc.edu/data/docs/cds_2024-2025.pdf,https://www.collegedata.fyi/schools/university-of-missouri-kansas-city/2024-25
178402,2024,fafsa_required,true,reported,H.801,https://www.umkc.edu/data/docs/cds_2024-2025.pdf,https://www.collegedata.fyi/schools/university-of-missouri-kansas-city/2024-25
178402,2024,need_fully_met_count,124,reported,H.208,https://www.umkc.edu/data/docs/cds_2024-2025.pdf,https://www.collegedata.fyi/schools/university-of-missouri-kansas-city/2024-25
178411,2025,aid_awarded_freshmen_count,686,reported,H.204,https://data.mst.edu/media/administrative/data/documents/cds/CDS%202025-26%20Gold%20for%20Posting.xlsx,https://www.collegedata.fyi/schools/missouri-university-of-science-and-technology/2025-26
178411,2025,avg_need_based_grant_usd,15780,reported,H.211,https://data.mst.edu/media/administrative/data/documents/cds/CDS%202025-26%20Gold%20for%20Posting.xlsx,https://www.collegedata.fyi/schools/missouri-university-of-science-and-technology/2025-26
178411,2025,avg_need_met_percent,83,reported,H.209,https://data.mst.edu/media/administrative/data/documents/cds/CDS%202025-26%20Gold%20for%20Posting.xlsx,https://www.collegedata.fyi/schools/missouri-university-of-science-and-technology/2025-26
178411,2025,need_fully_met_count,412,reported,H.208,https://data.mst.edu/media/administrative/data/documents/cds/CDS%202025-26%20Gold%20for%20Posting.xlsx,https://www.collegedata.fyi/schools/missouri-university-of-science-and-technology/2025-26
178420,2025,aid_awarded_freshmen_count,326,reported,H.204,https://www.umsl.edu/~ir/common-data-set/pdf-archive/cds_2025_rv.pdf,https://www.collegedata.fyi/schools/university-of-missouri-st-louis/2025-26
178420,2025,avg_need_based_grant_usd,15215.5,reported,H.211,https://www.umsl.edu/~ir/common-data-set/pdf-archive/cds_2025_rv.pdf,https://www.collegedata.fyi/schools/university-of-missouri-st-louis/2025-26
178420,2025,avg_need_met_percent,70.8,reported,H.209,https://www.umsl.edu/~ir/common-data-set/pdf-archive/cds_2025_rv.pdf,https://www.collegedata.fyi/schools/university-of-missouri-st-louis/2025-26
178420,2025,need_fully_met_count,35,reported,H.208,https://www.umsl.edu/~ir/common-data-set/pdf-archive/cds_2025_rv.pdf,https://www.collegedata.fyi/schools/university-of-missouri-st-louis/2025-26
179557,2025,aid_awarded_freshmen_count,769,reported,H.204,https://semo.edu/institutional-research/_pdfs/accessible_version_cds-pdf-2025-2026-southeastmissouristateuniversity.pdf,https://www.collegedata.fyi/schools/southeast-missouri-state-university/2025-26
179557,2025,avg_need_based_grant_usd,10442,reported,H.211,https://semo.edu/institutional-research/_pdfs/accessible_version_cds-pdf-2025-2026-southeastmissouristateuniversity.pdf,https://www.collegedata.fyi/schools/southeast-missouri-state-university/2025-26
179557,2025,avg_need_met_percent,53,reported,H.209,https://semo.edu/institutional-research/_pdfs/accessible_version_cds-pdf-2025-2026-southeastmissouristateuniversity.pdf,https://www.collegedata.fyi/schools/southeast-missouri-state-university/2025-26
179557,2025,fafsa_required,true,reported,H.801,https://semo.edu/institutional-research/_pdfs/accessible_version_cds-pdf-2025-2026-southeastmissouristateuniversity.pdf,https://www.collegedata.fyi/schools/southeast-missouri-state-university/2025-26
179557,2025,need_fully_met_count,84,reported,H.208,https://semo.edu/institutional-research/_pdfs/accessible_version_cds-pdf-2025-2026-southeastmissouristateuniversity.pdf,https://www.collegedata.fyi/schools/southeast-missouri-state-university/2025-26
179867,2025,aid_awarded_freshmen_count,843,reported,H.204,https://washu.edu/app/uploads/2026/06/2025-2026-WashU-CDS.pdf,https://www.collegedata.fyi/schools/washington-university-in-st-louis/2025-26
179867,2025,avg_need_based_grant_usd,75880,reported,H.211,https://washu.edu/app/uploads/2026/06/2025-2026-WashU-CDS.pdf,https://www.collegedata.fyi/schools/washington-university-in-st-louis/2025-26
179867,2025,avg_need_met_percent,100,reported,H.209,https://washu.edu/app/uploads/2026/06/2025-2026-WashU-CDS.pdf,https://www.collegedata.fyi/schools/washington-university-in-st-louis/2025-26
179867,2025,css_profile_required,true,reported,H.803,https://washu.edu/app/uploads/2026/06/2025-2026-WashU-CDS.pdf,https://www.collegedata.fyi/schools/washington-university-in-st-louis/2025-26
179867,2025,fafsa_required,true,reported,H.801,https://washu.edu/app/uploads/2026/06/2025-2026-WashU-CDS.pdf,https://www.collegedata.fyi/schools/washington-university-in-st-louis/2025-26
179867,2025,need_fully_met_count,843,reported,H.208,https://washu.edu/app/uploads/2026/06/2025-2026-WashU-CDS.pdf,https://www.collegedata.fyi/schools/washington-university-in-st-louis/2025-26
179867,2025,other_institutional_form_required,true,reported,H.807,https://washu.edu/app/uploads/2026/06/2025-2026-WashU-CDS.pdf,https://www.collegedata.fyi/schools/washington-university-in-st-louis/2025-26
180179,2025,aid_awarded_freshmen_count,266,reported,H.204,https://www.msubillings.edu/ir/institutionalfacts/cds/CDS_2025-26_A.pdf,https://www.collegedata.fyi/schools/montana-state-university-billings/2025-26
180179,2025,avg_need_based_grant_usd,6374,reported,H.211,https://www.msubillings.edu/ir/institutionalfacts/cds/CDS_2025-26_A.pdf,https://www.collegedata.fyi/schools/montana-state-university-billings/2025-26
180179,2025,avg_need_met_percent,59,reported,H.209,https://www.msubillings.edu/ir/institutionalfacts/cds/CDS_2025-26_A.pdf,https://www.collegedata.fyi/schools/montana-state-university-billings/2025-26
180179,2025,fafsa_required,true,reported,H.801,https://www.msubillings.edu/ir/institutionalfacts/cds/CDS_2025-26_A.pdf,https://www.collegedata.fyi/schools/montana-state-university-billings/2025-26
180179,2025,institutional_form_required,true,reported,H.802,https://www.msubillings.edu/ir/institutionalfacts/cds/CDS_2025-26_A.pdf,https://www.collegedata.fyi/schools/montana-state-university-billings/2025-26
180179,2025,need_fully_met_count,42,reported,H.208,https://www.msubillings.edu/ir/institutionalfacts/cds/CDS_2025-26_A.pdf,https://www.collegedata.fyi/schools/montana-state-university-billings/2025-26
180461,2025,aid_awarded_freshmen_count,1281,reported,H.204,https://www.montana.edu/data/common-data-set/cds25.pdf,https://www.collegedata.fyi/schools/montana-state-university/2025-26
180461,2025,avg_need_based_grant_usd,8115,reported,H.211,https://www.montana.edu/data/common-data-set/cds25.pdf,https://www.collegedata.fyi/schools/montana-state-university/2025-26
180461,2025,avg_need_met_percent,65,reported,H.209,https://www.montana.edu/data/common-data-set/cds25.pdf,https://www.collegedata.fyi/schools/montana-state-university/2025-26
180461,2025,fafsa_required,true,reported,H.801,https://www.montana.edu/data/common-data-set/cds25.pdf,https://www.collegedata.fyi/schools/montana-state-university/2025-26
180461,2025,need_fully_met_count,353,reported,H.208,https://www.montana.edu/data/common-data-set/cds25.pdf,https://www.collegedata.fyi/schools/montana-state-university/2025-26
180595,2025,aid_awarded_freshmen_count,119,reported,H.204,https://rocky.edu/wp-content/uploads/2025/11/CDS_2025-2026.pdf,https://www.collegedata.fyi/schools/rocky-mountain-college/2025-26
180595,2025,avg_need_based_grant_usd,24523,reported,H.211,https://rocky.edu/wp-content/uploads/2025/11/CDS_2025-2026.pdf,https://www.collegedata.fyi/schools/rocky-mountain-college/2025-26
180595,2025,avg_need_met_percent,77,reported,H.209,https://rocky.edu/wp-content/uploads/2025/11/CDS_2025-2026.pdf,https://www.collegedata.fyi/schools/rocky-mountain-college/2025-26
180595,2025,fafsa_required,true,reported,H.801,https://rocky.edu/wp-content/uploads/2025/11/CDS_2025-2026.pdf,https://www.collegedata.fyi/schools/rocky-mountain-college/2025-26
180595,2025,need_fully_met_count,33,reported,H.208,https://rocky.edu/wp-content/uploads/2025/11/CDS_2025-2026.pdf,https://www.collegedata.fyi/schools/rocky-mountain-college/2025-26
182281,2024,aid_awarded_freshmen_count,3038,reported,H.204,https://drive.usercontent.google.com/download?id=1sjBRzIdfn0hrt99hjdNgyiTessBWtP9X&export=download,https://www.collegedata.fyi/schools/university-of-nevada-las-vegas/2024-25
182281,2024,avg_need_based_grant_usd,7128,reported,H.211,https://drive.usercontent.google.com/download?id=1sjBRzIdfn0hrt99hjdNgyiTessBWtP9X&export=download,https://www.collegedata.fyi/schools/university-of-nevada-las-vegas/2024-25
182281,2024,avg_need_met_percent,65.3,reported,H.209,https://drive.usercontent.google.com/download?id=1sjBRzIdfn0hrt99hjdNgyiTessBWtP9X&export=download,https://www.collegedata.fyi/schools/university-of-nevada-las-vegas/2024-25
182281,2024,fafsa_required,true,reported,H.801,https://drive.usercontent.google.com/download?id=1sjBRzIdfn0hrt99hjdNgyiTessBWtP9X&export=download,https://www.collegedata.fyi/schools/university-of-nevada-las-vegas/2024-25
182281,2024,need_fully_met_count,232,reported,H.208,https://drive.usercontent.google.com/download?id=1sjBRzIdfn0hrt99hjdNgyiTessBWtP9X&export=download,https://www.collegedata.fyi/schools/university-of-nevada-las-vegas/2024-25
182290,2025,fafsa_required,true,reported,H.801,https://dataden.unr.edu/Resources/CDS/CDS_2025-2026.pdf,https://www.collegedata.fyi/schools/university-of-nevada-reno/2025-26
182290,2025,institutional_form_required,true,reported,H.802,https://dataden.unr.edu/Resources/CDS/CDS_2025-2026.pdf,https://www.collegedata.fyi/schools/university-of-nevada-reno/2025-26
182670,2025,aid_awarded_freshmen_count,596,reported,H.204,https://www.dartmouth.edu/oir/pdfs/cds_2025-26.pdf,https://www.collegedata.fyi/schools/dartmouth/2025-26
182670,2025,avg_need_based_grant_usd,71873,reported,H.211,https://www.dartmouth.edu/oir/pdfs/cds_2025-26.pdf,https://www.collegedata.fyi/schools/dartmouth/2025-26
182670,2025,avg_need_met_percent,100,reported,H.209,https://www.dartmouth.edu/oir/pdfs/cds_2025-26.pdf,https://www.collegedata.fyi/schools/dartmouth/2025-26
182670,2025,business_farm_supplement_required,true,reported,H.806,https://www.dartmouth.edu/oir/pdfs/cds_2025-26.pdf,https://www.collegedata.fyi/schools/dartmouth/2025-26
182670,2025,css_profile_required,true,reported,H.803,https://www.dartmouth.edu/oir/pdfs/cds_2025-26.pdf,https://www.collegedata.fyi/schools/dartmouth/2025-26
182670,2025,fafsa_required,true,reported,H.801,https://www.dartmouth.edu/oir/pdfs/cds_2025-26.pdf,https://www.collegedata.fyi/schools/dartmouth/2025-26
182670,2025,need_fully_met_count,596,reported,H.208,https://www.dartmouth.edu/oir/pdfs/cds_2025-26.pdf,https://www.collegedata.fyi/schools/dartmouth/2025-26
183080,2024,aid_awarded_freshmen_count,648,reported,H.204,https://www.plymouth.edu/sites/default/files/media/2025-07/FINAL%20CDS-2024-2025-Plymouth.pdf,https://www.collegedata.fyi/schools/plymouth-state-university/2024-25
183080,2024,avg_need_based_grant_usd,11453,reported,H.211,https://www.plymouth.edu/sites/default/files/media/2025-07/FINAL%20CDS-2024-2025-Plymouth.pdf,https://www.collegedata.fyi/schools/plymouth-state-university/2024-25
183080,2024,avg_need_met_percent,64,reported,H.209,https://www.plymouth.edu/sites/default/files/media/2025-07/FINAL%20CDS-2024-2025-Plymouth.pdf,https://www.collegedata.fyi/schools/plymouth-state-university/2024-25
183080,2024,fafsa_required,true,reported,H.801,https://www.plymouth.edu/sites/default/files/media/2025-07/FINAL%20CDS-2024-2025-Plymouth.pdf,https://www.collegedata.fyi/schools/plymouth-state-university/2024-25
183080,2024,need_fully_met_count,153,reported,H.208,https://www.plymouth.edu/sites/default/files/media/2025-07/FINAL%20CDS-2024-2025-Plymouth.pdf,https://www.collegedata.fyi/schools/plymouth-state-university/2024-25
184603,2024,aid_awarded_freshmen_count,843,reported,H.204,https://www.fdu.edu/wp-content/uploads/2025/04/2024-25-Common-Data-Set-University.pdf,https://www.collegedata.fyi/schools/fairleigh-dickinson-university-metropolitan-campus/2024-25
184603,2024,avg_need_based_grant_usd,33400,reported,H.211,https://www.fdu.edu/wp-content/uploads/2025/04/2024-25-Common-Data-Set-University.pdf,https://www.collegedata.fyi/schools/fairleigh-dickinson-university-metropolitan-campus/2024-25
184603,2024,avg_need_met_percent,77,reported,H.209,https://www.fdu.edu/wp-content/uploads/2025/04/2024-25-Common-Data-Set-University.pdf,https://www.collegedata.fyi/schools/fairleigh-dickinson-university-metropolitan-campus/2024-25
184603,2024,fafsa_required,true,reported,H.801,https://www.fdu.edu/wp-content/uploads/2025/04/2024-25-Common-Data-Set-University.pdf,https://www.collegedata.fyi/schools/fairleigh-dickinson-university-metropolitan-campus/2024-25
184603,2024,need_fully_met_count,91,reported,H.208,https://www.fdu.edu/wp-content/uploads/2025/04/2024-25-Common-Data-Set-University.pdf,https://www.collegedata.fyi/schools/fairleigh-dickinson-university-metropolitan-campus/2024-25
184694,2024,aid_awarded_freshmen_count,843,reported,H.204,https://www.fdu.edu/wp-content/uploads/2025/04/2024-25-Common-Data-Set-University.pdf,https://www.collegedata.fyi/schools/fairleigh-dickinson-university-florham-campus/2024-25
184694,2024,avg_need_based_grant_usd,33400,reported,H.211,https://www.fdu.edu/wp-content/uploads/2025/04/2024-25-Common-Data-Set-University.pdf,https://www.collegedata.fyi/schools/fairleigh-dickinson-university-florham-campus/2024-25
184694,2024,avg_need_met_percent,77,reported,H.209,https://www.fdu.edu/wp-content/uploads/2025/04/2024-25-Common-Data-Set-University.pdf,https://www.collegedata.fyi/schools/fairleigh-dickinson-university-florham-campus/2024-25
184694,2024,fafsa_required,true,reported,H.801,https://www.fdu.edu/wp-content/uploads/2025/04/2024-25-Common-Data-Set-University.pdf,https://www.collegedata.fyi/schools/fairleigh-dickinson-university-florham-campus/2024-25
184694,2024,need_fully_met_count,91,reported,H.208,https://www.fdu.edu/wp-content/uploads/2025/04/2024-25-Common-Data-Set-University.pdf,https://www.collegedata.fyi/schools/fairleigh-dickinson-university-florham-campus/2024-25
184782,2025,aid_awarded_freshmen_count,2317,reported,H.204,https://sites.rowan.edu/academic-affairs/ida/_docs/rowan_university_cds.pdf,https://www.collegedata.fyi/schools/rowan-university/2025-26
184782,2025,avg_need_based_grant_usd,18509.74,reported,H.211,https://sites.rowan.edu/academic-affairs/ida/_docs/rowan_university_cds.pdf,https://www.collegedata.fyi/schools/rowan-university/2025-26
184782,2025,avg_need_met_percent,56.2,reported,H.209,https://sites.rowan.edu/academic-affairs/ida/_docs/rowan_university_cds.pdf,https://www.collegedata.fyi/schools/rowan-university/2025-26
184782,2025,need_fully_met_count,294,reported,H.208,https://sites.rowan.edu/academic-affairs/ida/_docs/rowan_university_cds.pdf,https://www.collegedata.fyi/schools/rowan-university/2025-26
185590,2024,aid_awarded_freshmen_count,3117,reported,H.204,https://irdata.montclair.edu/institutionalresearch/CDS/CDS%202024-2025.pdf,https://www.collegedata.fyi/schools/montclair-state-university/2024-25
185590,2024,avg_need_based_grant_usd,13821,reported,H.211,https://irdata.montclair.edu/institutionalresearch/CDS/CDS%202024-2025.pdf,https://www.collegedata.fyi/schools/montclair-state-university/2024-25
185590,2024,avg_need_met_percent,45.7,reported,H.209,https://irdata.montclair.edu/institutionalresearch/CDS/CDS%202024-2025.pdf,https://www.collegedata.fyi/schools/montclair-state-university/2024-25
185590,2024,fafsa_required,true,reported,H.801,https://irdata.montclair.edu/institutionalresearch/CDS/CDS%202024-2025.pdf,https://www.collegedata.fyi/schools/montclair-state-university/2024-25
185590,2024,need_fully_met_count,40,reported,H.208,https://irdata.montclair.edu/institutionalresearch/CDS/CDS%202024-2025.pdf,https://www.collegedata.fyi/schools/montclair-state-university/2024-25
186131,2025,aid_awarded_freshmen_count,991,reported,H.204,https://ir.princeton.edu/sites/g/files/toruqf2041/files/documents/CDS_2526_Princeton_v1.3.pdf,https://www.collegedata.fyi/schools/princeton/2025-26
186131,2025,avg_need_based_grant_usd,79320,reported,H.211,https://ir.princeton.edu/sites/g/files/toruqf2041/files/documents/CDS_2526_Princeton_v1.3.pdf,https://www.collegedata.fyi/schools/princeton/2025-26
186131,2025,avg_need_met_percent,100,reported,H.209,https://ir.princeton.edu/sites/g/files/toruqf2041/files/documents/CDS_2526_Princeton_v1.3.pdf,https://www.collegedata.fyi/schools/princeton/2025-26
186131,2025,fafsa_required,true,reported,H.801,https://ir.princeton.edu/sites/g/files/toruqf2041/files/documents/CDS_2526_Princeton_v1.3.pdf,https://www.collegedata.fyi/schools/princeton/2025-26
186131,2025,institutional_form_required,true,reported,H.802,https://ir.princeton.edu/sites/g/files/toruqf2041/files/documents/CDS_2526_Princeton_v1.3.pdf,https://www.collegedata.fyi/schools/princeton/2025-26
186131,2025,need_fully_met_count,991,reported,H.208,https://ir.princeton.edu/sites/g/files/toruqf2041/files/documents/CDS_2526_Princeton_v1.3.pdf,https://www.collegedata.fyi/schools/princeton/2025-26
187134,2024,aid_awarded_freshmen_count,692,reported,H.204,https://ira.tcnj.edu/wp-content/uploads/sites/322/2025/04/CDS-2024-2025.pdf,https://www.collegedata.fyi/schools/the-college-of-new-jersey/2024-25
187134,2024,avg_need_based_grant_usd,15835,reported,H.211,https://ira.tcnj.edu/wp-content/uploads/sites/322/2025/04/CDS-2024-2025.pdf,https://www.collegedata.fyi/schools/the-college-of-new-jersey/2024-25
187134,2024,avg_need_met_percent,41.2,reported,H.209,https://ira.tcnj.edu/wp-content/uploads/sites/322/2025/04/CDS-2024-2025.pdf,https://www.collegedata.fyi/schools/the-college-of-new-jersey/2024-25
187134,2024,fafsa_required,true,reported,H.801,https://ira.tcnj.edu/wp-content/uploads/sites/322/2025/04/CDS-2024-2025.pdf,https://www.collegedata.fyi/schools/the-college-of-new-jersey/2024-25
187134,2024,need_fully_met_count,72,reported,H.208,https://ira.tcnj.edu/wp-content/uploads/sites/322/2025/04/CDS-2024-2025.pdf,https://www.collegedata.fyi/schools/the-college-of-new-jersey/2024-25
187897,2024,aid_awarded_freshmen_count,135,reported,H.204,http://its.nmhu.edu/IntranetUploads/009182-CommonData-8182026115318.pdf,https://www.collegedata.fyi/schools/new-mexico-highlands-university/2024-25
187897,2024,avg_need_based_grant_usd,5312,reported,H.211,http://its.nmhu.edu/IntranetUploads/009182-CommonData-8182026115318.pdf,https://www.collegedata.fyi/schools/new-mexico-highlands-university/2024-25
187897,2024,avg_need_met_percent,0,reported,H.209,http://its.nmhu.edu/IntranetUploads/009182-CommonData-8182026115318.pdf,https://www.collegedata.fyi/schools/new-mexico-highlands-university/2024-25
187897,2024,fafsa_required,true,reported,H.801,http://its.nmhu.edu/IntranetUploads/009182-CommonData-8182026115318.pdf,https://www.collegedata.fyi/schools/new-mexico-highlands-university/2024-25
187897,2024,need_fully_met_count,0,reported,H.208,http://its.nmhu.edu/IntranetUploads/009182-CommonData-8182026115318.pdf,https://www.collegedata.fyi/schools/new-mexico-highlands-university/2024-25
187985,2025,aid_awarded_freshmen_count,2273,reported,H.204,https://oia.unm.edu/resources/cds_25_26_updated.pdf,https://www.collegedata.fyi/schools/university-of-new-mexico-main-campus/2025-26
187985,2025,avg_need_based_grant_usd,15715,reported,H.211,https://oia.unm.edu/resources/cds_25_26_updated.pdf,https://www.collegedata.fyi/schools/university-of-new-mexico-main-campus/2025-26
187985,2025,need_fully_met_count,610,reported,H.208,https://oia.unm.edu/resources/cds_25_26_updated.pdf,https://www.collegedata.fyi/schools/university-of-new-mexico-main-campus/2025-26
189088,2024,aid_awarded_freshmen_count,247,reported,H.204,https://drive.usercontent.google.com/download?id=18JnWkO0gn0m8SJCQkUBCwbwj3ASI8avH&export=download,https://www.collegedata.fyi/schools/bard-college/2024-25
189088,2024,avg_need_based_grant_usd,67160,reported,H.211,https://drive.usercontent.google.com/download?id=18JnWkO0gn0m8SJCQkUBCwbwj3ASI8avH&export=download,https://www.collegedata.fyi/schools/bard-college/2024-25
189088,2024,avg_need_met_percent,100,reported,H.209,https://drive.usercontent.google.com/download?id=18JnWkO0gn0m8SJCQkUBCwbwj3ASI8avH&export=download,https://www.collegedata.fyi/schools/bard-college/2024-25
189088,2024,css_profile_required,true,reported,H.803,https://drive.usercontent.google.com/download?id=18JnWkO0gn0m8SJCQkUBCwbwj3ASI8avH&export=download,https://www.collegedata.fyi/schools/bard-college/2024-25
189088,2024,need_fully_met_count,,not_collected_by_us,H.208,https://drive.usercontent.google.com/download?id=18JnWkO0gn0m8SJCQkUBCwbwj3ASI8avH&export=download,https://www.collegedata.fyi/schools/bard-college/2024-25
189088,2024,noncustodial_css_profile_required,true,reported,H.805,https://drive.usercontent.google.com/download?id=18JnWkO0gn0m8SJCQkUBCwbwj3ASI8avH&export=download,https://www.collegedata.fyi/schools/bard-college/2024-25
189088,2024,other_institutional_form_required,true,reported,H.807,https://drive.usercontent.google.com/download?id=18JnWkO0gn0m8SJCQkUBCwbwj3ASI8avH&export=download,https://www.collegedata.fyi/schools/bard-college/2024-25
189088,2024,state_aid_form_required,true,reported,H.804,https://drive.usercontent.google.com/download?id=18JnWkO0gn0m8SJCQkUBCwbwj3ASI8avH&export=download,https://www.collegedata.fyi/schools/bard-college/2024-25
189097,2025,aid_awarded_freshmen_count,262,reported,H.204,https://barnard.edu/sites/default/files/2026-08/Barnard_CDS_2025-2026.pdf,https://www.collegedata.fyi/schools/barnard/2025-26
189097,2025,avg_need_based_grant_usd,72461,reported,H.211,https://barnard.edu/sites/default/files/2026-08/Barnard_CDS_2025-2026.pdf,https://www.collegedata.fyi/schools/barnard/2025-26
189097,2025,avg_need_met_percent,100,reported,H.209,https://barnard.edu/sites/default/files/2026-08/Barnard_CDS_2025-2026.pdf,https://www.collegedata.fyi/schools/barnard/2025-26
189097,2025,css_profile_required,true,reported,H.803,https://barnard.edu/sites/default/files/2026-08/Barnard_CDS_2025-2026.pdf,https://www.collegedata.fyi/schools/barnard/2025-26
189097,2025,fafsa_required,true,reported,H.801,https://barnard.edu/sites/default/files/2026-08/Barnard_CDS_2025-2026.pdf,https://www.collegedata.fyi/schools/barnard/2025-26
189097,2025,need_fully_met_count,101,reported,H.208,https://barnard.edu/sites/default/files/2026-08/Barnard_CDS_2025-2026.pdf,https://www.collegedata.fyi/schools/barnard/2025-26
189097,2025,noncustodial_css_profile_required,true,reported,H.805,https://barnard.edu/sites/default/files/2026-08/Barnard_CDS_2025-2026.pdf,https://www.collegedata.fyi/schools/barnard/2025-26
189097,2025,other_institutional_form_required,true,reported,H.807,https://barnard.edu/sites/default/files/2026-08/Barnard_CDS_2025-2026.pdf,https://www.collegedata.fyi/schools/barnard/2025-26
189097,2025,state_aid_form_required,true,reported,H.804,https://barnard.edu/sites/default/files/2026-08/Barnard_CDS_2025-2026.pdf,https://www.collegedata.fyi/schools/barnard/2025-26
190099,2024,aid_awarded_freshmen_count,258,reported,H.204,https://drive.usercontent.google.com/download?id=1IqjJEZCqBf_tRwZlSjj65BYUabxaHyoB&export=download,https://www.collegedata.fyi/schools/colgate-university/2024-25
190099,2024,avg_need_based_grant_usd,62421,reported,H.211,https://drive.usercontent.google.com/download?id=1IqjJEZCqBf_tRwZlSjj65BYUabxaHyoB&export=download,https://www.collegedata.fyi/schools/colgate-university/2024-25
190099,2024,avg_need_met_percent,100,reported,H.209,https://drive.usercontent.google.com/download?id=1IqjJEZCqBf_tRwZlSjj65BYUabxaHyoB&export=download,https://www.collegedata.fyi/schools/colgate-university/2024-25
190099,2024,css_profile_required,true,reported,H.803,https://drive.usercontent.google.com/download?id=1IqjJEZCqBf_tRwZlSjj65BYUabxaHyoB&export=download,https://www.collegedata.fyi/schools/colgate-university/2024-25
190099,2024,fafsa_required,true,reported,H.801,https://drive.usercontent.google.com/download?id=1IqjJEZCqBf_tRwZlSjj65BYUabxaHyoB&export=download,https://www.collegedata.fyi/schools/colgate-university/2024-25
190099,2024,need_fully_met_count,230,reported,H.208,https://drive.usercontent.google.com/download?id=1IqjJEZCqBf_tRwZlSjj65BYUabxaHyoB&export=download,https://www.collegedata.fyi/schools/colgate-university/2024-25
190415,2025,aid_awarded_freshmen_count,1744,reported,H.204,https://irp.cornell.edu/wp-content/uploads/2026/06/CDS-Cornell-2025-2026-v2.xlsx,https://www.collegedata.fyi/schools/cornell/2025-26
190415,2025,avg_need_based_grant_usd,63023,reported,H.211,https://irp.cornell.edu/wp-content/uploads/2026/06/CDS-Cornell-2025-2026-v2.xlsx,https://www.collegedata.fyi/schools/cornell/2025-26
190415,2025,avg_need_met_percent,100,reported,H.209,https://irp.cornell.edu/wp-content/uploads/2026/06/CDS-Cornell-2025-2026-v2.xlsx,https://www.collegedata.fyi/schools/cornell/2025-26
190415,2025,css_profile_required,true,reported,H.803,https://irp.cornell.edu/wp-content/uploads/2026/06/CDS-Cornell-2025-2026-v2.xlsx,https://www.collegedata.fyi/schools/cornell/2025-26
190415,2025,fafsa_required,true,reported,H.801,https://irp.cornell.edu/wp-content/uploads/2026/06/CDS-Cornell-2025-2026-v2.xlsx,https://www.collegedata.fyi/schools/cornell/2025-26
190415,2025,need_fully_met_count,1744,reported,H.208,https://irp.cornell.edu/wp-content/uploads/2026/06/CDS-Cornell-2025-2026-v2.xlsx,https://www.collegedata.fyi/schools/cornell/2025-26
190415,2025,noncustodial_css_profile_required,true,reported,H.805,https://irp.cornell.edu/wp-content/uploads/2026/06/CDS-Cornell-2025-2026-v2.xlsx,https://www.collegedata.fyi/schools/cornell/2025-26
190512,2024,aid_awarded_freshmen_count,2179,reported,H.204,https://drive.usercontent.google.com/download?id=12Y-yqkMAUDhkjU3tuhYWJ6wTNPUvhlZl&export=download,https://www.collegedata.fyi/schools/cuny-bernard-m-baruch-college/2024-25
190512,2024,avg_need_based_grant_usd,9866,reported,H.211,https://drive.usercontent.google.com/download?id=12Y-yqkMAUDhkjU3tuhYWJ6wTNPUvhlZl&export=download,https://www.collegedata.fyi/schools/cuny-bernard-m-baruch-college/2024-25
190512,2024,avg_need_met_percent,57,reported,H.209,https://drive.usercontent.google.com/download?id=12Y-yqkMAUDhkjU3tuhYWJ6wTNPUvhlZl&export=download,https://www.collegedata.fyi/schools/cuny-bernard-m-baruch-college/2024-25
190512,2024,fafsa_required,true,reported,H.801,https://drive.usercontent.google.com/download?id=12Y-yqkMAUDhkjU3tuhYWJ6wTNPUvhlZl&export=download,https://www.collegedata.fyi/schools/cuny-bernard-m-baruch-college/2024-25
190512,2024,need_fully_met_count,97,reported,H.208,https://drive.usercontent.google.com/download?id=12Y-yqkMAUDhkjU3tuhYWJ6wTNPUvhlZl&export=download,https://www.collegedata.fyi/schools/cuny-bernard-m-baruch-college/2024-25
190512,2024,state_aid_form_required,true,reported,H.804,https://drive.usercontent.google.com/download?id=12Y-yqkMAUDhkjU3tuhYWJ6wTNPUvhlZl&export=download,https://www.collegedata.fyi/schools/cuny-bernard-m-baruch-college/2024-25
190567,2024,aid_awarded_freshmen_count,2248,reported,H.204,https://www.ccny.cuny.edu/sites/default/files/2025-03/20250324_FINAL%20CDS-2024-2025.pdf,https://www.collegedata.fyi/schools/cuny-city-college/2024-25
190567,2024,avg_need_based_grant_usd,9438,reported,H.211,https://www.ccny.cuny.edu/sites/default/files/2025-03/20250324_FINAL%20CDS-2024-2025.pdf,https://www.collegedata.fyi/schools/cuny-city-college/2024-25
190567,2024,avg_need_met_percent,56,reported,H.209,https://www.ccny.cuny.edu/sites/default/files/2025-03/20250324_FINAL%20CDS-2024-2025.pdf,https://www.collegedata.fyi/schools/cuny-city-college/2024-25
190567,2024,fafsa_required,true,reported,H.801,https://www.ccny.cuny.edu/sites/default/files/2025-03/20250324_FINAL%20CDS-2024-2025.pdf,https://www.collegedata.fyi/schools/cuny-city-college/2024-25
190567,2024,need_fully_met_count,84,reported,H.208,https://www.ccny.cuny.edu/sites/default/files/2025-03/20250324_FINAL%20CDS-2024-2025.pdf,https://www.collegedata.fyi/schools/cuny-city-college/2024-25
190567,2024,state_aid_form_required,true,reported,H.804,https://www.ccny.cuny.edu/sites/default/files/2025-03/20250324_FINAL%20CDS-2024-2025.pdf,https://www.collegedata.fyi/schools/cuny-city-college/2024-25
191515,2024,aid_awarded_freshmen_count,259,reported,H.204,https://drive.usercontent.google.com/download?id=1fCvhLgLv11Hdy14kJe9Co2TQbdOWJFz3&export=download,https://www.collegedata.fyi/schools/hamilton/2024-25
191515,2024,avg_need_based_grant_usd,60599,reported,H.211,https://drive.usercontent.google.com/download?id=1fCvhLgLv11Hdy14kJe9Co2TQbdOWJFz3&export=download,https://www.collegedata.fyi/schools/hamilton/2024-25
191515,2024,avg_need_met_percent,100,reported,H.209,https://drive.usercontent.google.com/download?id=1fCvhLgLv11Hdy14kJe9Co2TQbdOWJFz3&export=download,https://www.collegedata.fyi/schools/hamilton/2024-25
191515,2024,css_profile_required,true,reported,H.803,https://drive.usercontent.google.com/download?id=1fCvhLgLv11Hdy14kJe9Co2TQbdOWJFz3&export=download,https://www.collegedata.fyi/schools/hamilton/2024-25
191515,2024,fafsa_required,true,reported,H.801,https://drive.usercontent.google.com/download?id=1fCvhLgLv11Hdy14kJe9Co2TQbdOWJFz3&export=download,https://www.collegedata.fyi/schools/hamilton/2024-25
191515,2024,need_fully_met_count,259,reported,H.208,https://drive.usercontent.google.com/download?id=1fCvhLgLv11Hdy14kJe9Co2TQbdOWJFz3&export=download,https://www.collegedata.fyi/schools/hamilton/2024-25
191515,2024,noncustodial_css_profile_required,true,reported,H.805,https://drive.usercontent.google.com/download?id=1fCvhLgLv11Hdy14kJe9Co2TQbdOWJFz3&export=download,https://www.collegedata.fyi/schools/hamilton/2024-25
191515,2024,state_aid_form_required,true,reported,H.804,https://drive.usercontent.google.com/download?id=1fCvhLgLv11Hdy14kJe9Co2TQbdOWJFz3&export=download,https://www.collegedata.fyi/schools/hamilton/2024-25
192703,2025,aid_awarded_freshmen_count,469,reported,H.204,https://content.manhattan.edu/institutional-research/2025-26-CDS.pdf,https://www.collegedata.fyi/schools/manhattan-college/2025-26
192703,2025,avg_need_based_grant_usd,35763,reported,H.211,https://content.manhattan.edu/institutional-research/2025-26-CDS.pdf,https://www.collegedata.fyi/schools/manhattan-college/2025-26
192703,2025,avg_need_met_percent,65.6,reported,H.209,https://content.manhattan.edu/institutional-research/2025-26-CDS.pdf,https://www.collegedata.fyi/schools/manhattan-college/2025-26
192703,2025,fafsa_required,true,reported,H.801,https://content.manhattan.edu/institutional-research/2025-26-CDS.pdf,https://www.collegedata.fyi/schools/manhattan-college/2025-26
192703,2025,need_fully_met_count,82,reported,H.208,https://content.manhattan.edu/institutional-research/2025-26-CDS.pdf,https://www.collegedata.fyi/schools/manhattan-college/2025-26
192819,2024,aid_awarded_freshmen_count,719,reported,H.204,https://doc-04-60-sheets.googleusercontent.com/export/54bogvaave6cua4cdnls17ksc4/0hsr1gvlv5rpn2u64k4dpjmv7o/1776619760000/105250506097979753968/*/1ZA4I-25m1NYvQfqbc78zBnjifUGGs0u3?format=xlsx,https://www.collegedata.fyi/schools/marist-college/2024-25
192819,2024,avg_need_based_grant_usd,28472.5839,reported,H.211,https://doc-04-60-sheets.googleusercontent.com/export/54bogvaave6cua4cdnls17ksc4/0hsr1gvlv5rpn2u64k4dpjmv7o/1776619760000/105250506097979753968/*/1ZA4I-25m1NYvQfqbc78zBnjifUGGs0u3?format=xlsx,https://www.collegedata.fyi/schools/marist-college/2024-25
192819,2024,avg_need_met_percent,78.9,reported,H.209,https://doc-04-60-sheets.googleusercontent.com/export/54bogvaave6cua4cdnls17ksc4/0hsr1gvlv5rpn2u64k4dpjmv7o/1776619760000/105250506097979753968/*/1ZA4I-25m1NYvQfqbc78zBnjifUGGs0u3?format=xlsx,https://www.collegedata.fyi/schools/marist-college/2024-25
192819,2024,css_profile_required,,not_collected_by_us,H.803,https://doc-04-60-sheets.googleusercontent.com/export/54bogvaave6cua4cdnls17ksc4/0hsr1gvlv5rpn2u64k4dpjmv7o/1776619760000/105250506097979753968/*/1ZA4I-25m1NYvQfqbc78zBnjifUGGs0u3?format=xlsx,https://www.collegedata.fyi/schools/marist-college/2024-25
192819,2024,fafsa_required,true,reported,H.801,https://doc-04-60-sheets.googleusercontent.com/export/54bogvaave6cua4cdnls17ksc4/0hsr1gvlv5rpn2u64k4dpjmv7o/1776619760000/105250506097979753968/*/1ZA4I-25m1NYvQfqbc78zBnjifUGGs0u3?format=xlsx,https://www.collegedata.fyi/schools/marist-college/2024-25
192819,2024,need_fully_met_count,224,reported,H.208,https://doc-04-60-sheets.googleusercontent.com/export/54bogvaave6cua4cdnls17ksc4/0hsr1gvlv5rpn2u64k4dpjmv7o/1776619760000/105250506097979753968/*/1ZA4I-25m1NYvQfqbc78zBnjifUGGs0u3?format=xlsx,https://www.collegedata.fyi/schools/marist-college/2024-25
194578,2025,aid_awarded_freshmen_count,480,reported,H.204,https://www.pratt.edu/wp-content/uploads/2026/02/2025-2026-CDS.xlsx,https://www.collegedata.fyi/schools/pratt-institute-main/2025-26
194578,2025,avg_need_based_grant_usd,7661.3278,reported,H.211,https://www.pratt.edu/wp-content/uploads/2026/02/2025-2026-CDS.xlsx,https://www.collegedata.fyi/schools/pratt-institute-main/2025-26
194578,2025,avg_need_met_percent,61.0525,reported,H.209,https://www.pratt.edu/wp-content/uploads/2026/02/2025-2026-CDS.xlsx,https://www.collegedata.fyi/schools/pratt-institute-main/2025-26
194578,2025,fafsa_required,true,reported,H.801,https://www.pratt.edu/wp-content/uploads/2026/02/2025-2026-CDS.xlsx,https://www.collegedata.fyi/schools/pratt-institute-main/2025-26
194578,2025,need_fully_met_count,74,reported,H.208,https://www.pratt.edu/wp-content/uploads/2026/02/2025-2026-CDS.xlsx,https://www.collegedata.fyi/schools/pratt-institute-main/2025-26
194578,2025,state_aid_form_required,true,reported,H.804,https://www.pratt.edu/wp-content/uploads/2026/02/2025-2026-CDS.xlsx,https://www.collegedata.fyi/schools/pratt-institute-main/2025-26
195030,2024,aid_awarded_freshmen_count,681,reported,H.204,https://www.rochester.edu/provost/wp-content/uploads/2025/06/CDS_2024-2025-completed-for-web.pdf,https://www.collegedata.fyi/schools/university-of-rochester/2024-25
195030,2024,avg_need_based_grant_usd,59915,reported,H.211,https://www.rochester.edu/provost/wp-content/uploads/2025/06/CDS_2024-2025-completed-for-web.pdf,https://www.collegedata.fyi/schools/university-of-rochester/2024-25
195030,2024,avg_need_met_percent,97.2,reported,H.209,https://www.rochester.edu/provost/wp-content/uploads/2025/06/CDS_2024-2025-completed-for-web.pdf,https://www.collegedata.fyi/schools/university-of-rochester/2024-25
195030,2024,css_profile_required,true,reported,H.803,https://www.rochester.edu/provost/wp-content/uploads/2025/06/CDS_2024-2025-completed-for-web.pdf,https://www.collegedata.fyi/schools/university-of-rochester/2024-25
195030,2024,fafsa_required,true,reported,H.801,https://www.rochester.edu/provost/wp-content/uploads/2025/06/CDS_2024-2025-completed-for-web.pdf,https://www.collegedata.fyi/schools/university-of-rochester/2024-25
195030,2024,need_fully_met_count,621,reported,H.208,https://www.rochester.edu/provost/wp-content/uploads/2025/06/CDS_2024-2025-completed-for-web.pdf,https://www.collegedata.fyi/schools/university-of-rochester/2024-25
195030,2024,noncustodial_css_profile_required,true,reported,H.805,https://www.rochester.edu/provost/wp-content/uploads/2025/06/CDS_2024-2025-completed-for-web.pdf,https://www.collegedata.fyi/schools/university-of-rochester/2024-25
195030,2024,state_aid_form_required,true,reported,H.804,https://www.rochester.edu/provost/wp-content/uploads/2025/06/CDS_2024-2025-completed-for-web.pdf,https://www.collegedata.fyi/schools/university-of-rochester/2024-25
195304,2024,aid_awarded_freshmen_count,253,reported,H.204,https://assets.sarahlawrence.io/about/slc-cds-2024-2025.pdf,https://www.collegedata.fyi/schools/sarah-lawrence-college/2024-25
195304,2024,avg_need_based_grant_usd,46737,reported,H.211,https://assets.sarahlawrence.io/about/slc-cds-2024-2025.pdf,https://www.collegedata.fyi/schools/sarah-lawrence-college/2024-25
195304,2024,avg_need_met_percent,81,reported,H.209,https://assets.sarahlawrence.io/about/slc-cds-2024-2025.pdf,https://www.collegedata.fyi/schools/sarah-lawrence-college/2024-25
195304,2024,fafsa_required,true,reported,H.801,https://assets.sarahlawrence.io/about/slc-cds-2024-2025.pdf,https://www.collegedata.fyi/schools/sarah-lawrence-college/2024-25
195304,2024,need_fully_met_count,57,reported,H.208,https://assets.sarahlawrence.io/about/slc-cds-2024-2025.pdf,https://www.collegedata.fyi/schools/sarah-lawrence-college/2024-25
195304,2024,state_aid_form_required,true,reported,H.804,https://assets.sarahlawrence.io/about/slc-cds-2024-2025.pdf,https://www.collegedata.fyi/schools/sarah-lawrence-college/2024-25
195526,2025,aid_awarded_freshmen_count,443,reported,H.204,https://www.skidmore.edu/ir/facts/common/cds-2025-26.pdf,https://www.collegedata.fyi/schools/skidmore-college/2025-26
195526,2025,avg_need_based_grant_usd,58100,reported,H.211,https://www.skidmore.edu/ir/facts/common/cds-2025-26.pdf,https://www.collegedata.fyi/schools/skidmore-college/2025-26
195526,2025,avg_need_met_percent,100,reported,H.209,https://www.skidmore.edu/ir/facts/common/cds-2025-26.pdf,https://www.collegedata.fyi/schools/skidmore-college/2025-26
195526,2025,css_profile_required,true,reported,H.803,https://www.skidmore.edu/ir/facts/common/cds-2025-26.pdf,https://www.collegedata.fyi/schools/skidmore-college/2025-26
195526,2025,need_fully_met_count,443,reported,H.208,https://www.skidmore.edu/ir/facts/common/cds-2025-26.pdf,https://www.collegedata.fyi/schools/skidmore-college/2025-26
195720,2025,aid_awarded_freshmen_count,518,reported,H.204,https://www.sjf.edu/media/services/institutional-research/documents/CommonDataSet.pdf,https://www.collegedata.fyi/schools/st-john-fisher-university/2025-26
195720,2025,avg_need_based_grant_usd,28840,reported,H.211,https://www.sjf.edu/media/services/institutional-research/documents/CommonDataSet.pdf,https://www.collegedata.fyi/schools/st-john-fisher-university/2025-26
195720,2025,avg_need_met_percent,82,reported,H.209,https://www.sjf.edu/media/services/institutional-research/documents/CommonDataSet.pdf,https://www.collegedata.fyi/schools/st-john-fisher-university/2025-26
195720,2025,fafsa_required,true,reported,H.801,https://www.sjf.edu/media/services/institutional-research/documents/CommonDataSet.pdf,https://www.collegedata.fyi/schools/st-john-fisher-university/2025-26
195720,2025,need_fully_met_count,228,reported,H.208,https://www.sjf.edu/media/services/institutional-research/documents/CommonDataSet.pdf,https://www.collegedata.fyi/schools/st-john-fisher-university/2025-26
195720,2025,state_aid_form_required,true,reported,H.804,https://www.sjf.edu/media/services/institutional-research/documents/CommonDataSet.pdf,https://www.collegedata.fyi/schools/st-john-fisher-university/2025-26
196015,2024,aid_awarded_freshmen_count,381,reported,H.204,https://www.canton.edu/media/ir/CDS_2024-2025.pdf,https://www.collegedata.fyi/schools/suny-college-of-technology-at-canton/2024-25
196015,2024,avg_need_based_grant_usd,3086,reported,H.211,https://www.canton.edu/media/ir/CDS_2024-2025.pdf,https://www.collegedata.fyi/schools/suny-college-of-technology-at-canton/2024-25
196015,2024,avg_need_met_percent,15,reported,H.209,https://www.canton.edu/media/ir/CDS_2024-2025.pdf,https://www.collegedata.fyi/schools/suny-college-of-technology-at-canton/2024-25
196015,2024,need_fully_met_count,57,reported,H.208,https://www.canton.edu/media/ir/CDS_2024-2025.pdf,https://www.collegedata.fyi/schools/suny-college-of-technology-at-canton/2024-25
196042,2024,aid_awarded_freshmen_count,938,reported,H.204,https://www.farmingdale.edu/institutional-research/pdf/cds_2024-2025_fsc.pdf,https://www.collegedata.fyi/schools/farmingdale-state-college/2024-25
196042,2024,avg_need_based_grant_usd,8388,reported,H.211,https://www.farmingdale.edu/institutional-research/pdf/cds_2024-2025_fsc.pdf,https://www.collegedata.fyi/schools/farmingdale-state-college/2024-25
196042,2024,avg_need_met_percent,59,reported,H.209,https://www.farmingdale.edu/institutional-research/pdf/cds_2024-2025_fsc.pdf,https://www.collegedata.fyi/schools/farmingdale-state-college/2024-25
196042,2024,fafsa_required,true,reported,H.801,https://www.farmingdale.edu/institutional-research/pdf/cds_2024-2025_fsc.pdf,https://www.collegedata.fyi/schools/farmingdale-state-college/2024-25
196042,2024,need_fully_met_count,80,reported,H.208,https://www.farmingdale.edu/institutional-research/pdf/cds_2024-2025_fsc.pdf,https://www.collegedata.fyi/schools/farmingdale-state-college/2024-25
196097,2024,aid_awarded_freshmen_count,2415,reported,H.204,https://drive.usercontent.google.com/download?id=1Xau4LIrBSBCWtgZUPZ_HkjMcbduJBWg0&export=download,https://www.collegedata.fyi/schools/stony-brook-university/2024-25
196097,2024,avg_need_based_grant_usd,11577,reported,H.211,https://drive.usercontent.google.com/download?id=1Xau4LIrBSBCWtgZUPZ_HkjMcbduJBWg0&export=download,https://www.collegedata.fyi/schools/stony-brook-university/2024-25
196097,2024,avg_need_met_percent,57.9,reported,H.209,https://drive.usercontent.google.com/download?id=1Xau4LIrBSBCWtgZUPZ_HkjMcbduJBWg0&export=download,https://www.collegedata.fyi/schools/stony-brook-university/2024-25
196097,2024,fafsa_required,true,reported,H.801,https://drive.usercontent.google.com/download?id=1Xau4LIrBSBCWtgZUPZ_HkjMcbduJBWg0&export=download,https://www.collegedata.fyi/schools/stony-brook-university/2024-25
196097,2024,need_fully_met_count,187,reported,H.208,https://drive.usercontent.google.com/download?id=1Xau4LIrBSBCWtgZUPZ_HkjMcbduJBWg0&export=download,https://www.collegedata.fyi/schools/stony-brook-university/2024-25
196097,2024,state_aid_form_required,true,reported,H.804,https://drive.usercontent.google.com/download?id=1Xau4LIrBSBCWtgZUPZ_HkjMcbduJBWg0&export=download,https://www.collegedata.fyi/schools/stony-brook-university/2024-25
196103,2025,aid_awarded_freshmen_count,223,reported,H.204,https://www.esf.edu/institutional-research/documents/CDS_2025_2026_ESF.pdf,https://www.collegedata.fyi/schools/suny-college-of-environmental-science-and-forestry/2025-26
196103,2025,avg_need_based_grant_usd,8906,reported,H.211,https://www.esf.edu/institutional-research/documents/CDS_2025_2026_ESF.pdf,https://www.collegedata.fyi/schools/suny-college-of-environmental-science-and-forestry/2025-26
196103,2025,avg_need_met_percent,67,reported,H.209,https://www.esf.edu/institutional-research/documents/CDS_2025_2026_ESF.pdf,https://www.collegedata.fyi/schools/suny-college-of-environmental-science-and-forestry/2025-26
196103,2025,need_fully_met_count,43,reported,H.208,https://www.esf.edu/institutional-research/documents/CDS_2025_2026_ESF.pdf,https://www.collegedata.fyi/schools/suny-college-of-environmental-science-and-forestry/2025-26
196167,2024,aid_awarded_freshmen_count,612,reported,H.204,https://drive.usercontent.google.com/download?id=1LdTI380difIIPSGArsGEFxl1pYJKulzh&export=download,https://www.collegedata.fyi/schools/suny-college-at-geneseo/2024-25
196167,2024,avg_need_based_grant_usd,10326,reported,H.211,https://drive.usercontent.google.com/download?id=1LdTI380difIIPSGArsGEFxl1pYJKulzh&export=download,https://www.collegedata.fyi/schools/suny-college-at-geneseo/2024-25
196167,2024,avg_need_met_percent,69,reported,H.209,https://drive.usercontent.google.com/download?id=1LdTI380difIIPSGArsGEFxl1pYJKulzh&export=download,https://www.collegedata.fyi/schools/suny-college-at-geneseo/2024-25
196167,2024,fafsa_required,true,reported,H.801,https://drive.usercontent.google.com/download?id=1LdTI380difIIPSGArsGEFxl1pYJKulzh&export=download,https://www.collegedata.fyi/schools/suny-college-at-geneseo/2024-25
196167,2024,need_fully_met_count,184,reported,H.208,https://drive.usercontent.google.com/download?id=1LdTI380difIIPSGArsGEFxl1pYJKulzh&export=download,https://www.collegedata.fyi/schools/suny-college-at-geneseo/2024-25
196167,2024,state_aid_form_required,true,reported,H.804,https://drive.usercontent.google.com/download?id=1LdTI380difIIPSGArsGEFxl1pYJKulzh&export=download,https://www.collegedata.fyi/schools/suny-college-at-geneseo/2024-25
196185,2024,aid_awarded_freshmen_count,768,reported,H.204,https://drive.usercontent.google.com/download?id=1ONOj6xLAnukWzgpdfP9VaJCFO8D57xmx&export=download,https://www.collegedata.fyi/schools/suny-oneonta/2024-25
196185,2024,avg_need_based_grant_usd,10397,reported,H.211,https://drive.usercontent.google.com/download?id=1ONOj6xLAnukWzgpdfP9VaJCFO8D57xmx&export=download,https://www.collegedata.fyi/schools/suny-oneonta/2024-25
196185,2024,avg_need_met_percent,67,reported,H.209,https://drive.usercontent.google.com/download?id=1ONOj6xLAnukWzgpdfP9VaJCFO8D57xmx&export=download,https://www.collegedata.fyi/schools/suny-oneonta/2024-25
196185,2024,fafsa_required,true,reported,H.801,https://drive.usercontent.google.com/download?id=1ONOj6xLAnukWzgpdfP9VaJCFO8D57xmx&export=download,https://www.collegedata.fyi/schools/suny-oneonta/2024-25
196185,2024,need_fully_met_count,105,reported,H.208,https://drive.usercontent.google.com/download?id=1ONOj6xLAnukWzgpdfP9VaJCFO8D57xmx&export=download,https://www.collegedata.fyi/schools/suny-oneonta/2024-25
196866,2024,aid_awarded_freshmen_count,358,reported,H.204,https://www.union.edu/sites/default/files/institutional-research/202505/common-data-set-2024-2025-final-website-march-2025.pdf,https://www.collegedata.fyi/schools/union-college/2024-25
196866,2024,avg_need_based_grant_usd,58057,reported,H.211,https://www.union.edu/sites/default/files/institutional-research/202505/common-data-set-2024-2025-final-website-march-2025.pdf,https://www.collegedata.fyi/schools/union-college/2024-25
196866,2024,avg_need_met_percent,100,reported,H.209,https://www.union.edu/sites/default/files/institutional-research/202505/common-data-set-2024-2025-final-website-march-2025.pdf,https://www.collegedata.fyi/schools/union-college/2024-25
196866,2024,need_fully_met_count,358,reported,H.208,https://www.union.edu/sites/default/files/institutional-research/202505/common-data-set-2024-2025-final-website-march-2025.pdf,https://www.collegedata.fyi/schools/union-college/2024-25
197133,2024,aid_awarded_freshmen_count,333,reported,H.204,https://offices.vassar.edu/institutional-research/wp-content/uploads/sites/23/2025/03/Vassar-College-CDS-2024-2025-1.pdf,https://www.collegedata.fyi/schools/vassar-college/2024-25
197133,2024,avg_need_based_grant_usd,63831,reported,H.211,https://offices.vassar.edu/institutional-research/wp-content/uploads/sites/23/2025/03/Vassar-College-CDS-2024-2025-1.pdf,https://www.collegedata.fyi/schools/vassar-college/2024-25
197133,2024,avg_need_met_percent,100,reported,H.209,https://offices.vassar.edu/institutional-research/wp-content/uploads/sites/23/2025/03/Vassar-College-CDS-2024-2025-1.pdf,https://www.collegedata.fyi/schools/vassar-college/2024-25
197133,2024,business_farm_supplement_required,true,reported,H.806,https://offices.vassar.edu/institutional-research/wp-content/uploads/sites/23/2025/03/Vassar-College-CDS-2024-2025-1.pdf,https://www.collegedata.fyi/schools/vassar-college/2024-25
197133,2024,css_profile_required,true,reported,H.803,https://offices.vassar.edu/institutional-research/wp-content/uploads/sites/23/2025/03/Vassar-College-CDS-2024-2025-1.pdf,https://www.collegedata.fyi/schools/vassar-college/2024-25
197133,2024,fafsa_required,true,reported,H.801,https://offices.vassar.edu/institutional-research/wp-content/uploads/sites/23/2025/03/Vassar-College-CDS-2024-2025-1.pdf,https://www.collegedata.fyi/schools/vassar-college/2024-25
197133,2024,need_fully_met_count,332,reported,H.208,https://offices.vassar.edu/institutional-research/wp-content/uploads/sites/23/2025/03/Vassar-College-CDS-2024-2025-1.pdf,https://www.collegedata.fyi/schools/vassar-college/2024-25
197133,2024,noncustodial_css_profile_required,true,reported,H.805,https://offices.vassar.edu/institutional-research/wp-content/uploads/sites/23/2025/03/Vassar-College-CDS-2024-2025-1.pdf,https://www.collegedata.fyi/schools/vassar-college/2024-25
197133,2024,state_aid_form_required,true,reported,H.804,https://offices.vassar.edu/institutional-research/wp-content/uploads/sites/23/2025/03/Vassar-College-CDS-2024-2025-1.pdf,https://www.collegedata.fyi/schools/vassar-college/2024-25
197869,2024,aid_awarded_freshmen_count,1864,reported,H.204,https://drive.usercontent.google.com/download?id=1BSu4wJPfG2j8SpHEA3vUk1GBN3jGYg1n&export=download,https://www.collegedata.fyi/schools/appalachian-state-university/2024-25
197869,2024,avg_need_based_grant_usd,9608,reported,H.211,https://drive.usercontent.google.com/download?id=1BSu4wJPfG2j8SpHEA3vUk1GBN3jGYg1n&export=download,https://www.collegedata.fyi/schools/appalachian-state-university/2024-25
197869,2024,avg_need_met_percent,54,reported,H.209,https://drive.usercontent.google.com/download?id=1BSu4wJPfG2j8SpHEA3vUk1GBN3jGYg1n&export=download,https://www.collegedata.fyi/schools/appalachian-state-university/2024-25
197869,2024,fafsa_required,true,reported,H.801,https://drive.usercontent.google.com/download?id=1BSu4wJPfG2j8SpHEA3vUk1GBN3jGYg1n&export=download,https://www.collegedata.fyi/schools/appalachian-state-university/2024-25
197869,2024,need_fully_met_count,93,reported,H.208,https://drive.usercontent.google.com/download?id=1BSu4wJPfG2j8SpHEA3vUk1GBN3jGYg1n&export=download,https://www.collegedata.fyi/schools/appalachian-state-university/2024-25
197911,2025,aid_awarded_freshmen_count,133,reported,H.204,https://www.barton.edu/wp-content/uploads/2026/05/updated-5.26.26_barton-college_cdspdf20252026_02052026.pdf,https://www.collegedata.fyi/schools/barton-college/2025-26
197911,2025,avg_need_based_grant_usd,29617,reported,H.211,https://www.barton.edu/wp-content/uploads/2026/05/updated-5.26.26_barton-college_cdspdf20252026_02052026.pdf,https://www.collegedata.fyi/schools/barton-college/2025-26
197911,2025,avg_need_met_percent,68.9,reported,H.209,https://www.barton.edu/wp-content/uploads/2026/05/updated-5.26.26_barton-college_cdspdf20252026_02052026.pdf,https://www.collegedata.fyi/schools/barton-college/2025-26
197911,2025,fafsa_required,true,reported,H.801,https://www.barton.edu/wp-content/uploads/2026/05/updated-5.26.26_barton-college_cdspdf20252026_02052026.pdf,https://www.collegedata.fyi/schools/barton-college/2025-26
197911,2025,need_fully_met_count,10,reported,H.208,https://www.barton.edu/wp-content/uploads/2026/05/updated-5.26.26_barton-college_cdspdf20252026_02052026.pdf,https://www.collegedata.fyi/schools/barton-college/2025-26
197911,2025,state_aid_form_required,true,reported,H.804,https://www.barton.edu/wp-content/uploads/2026/05/updated-5.26.26_barton-college_cdspdf20252026_02052026.pdf,https://www.collegedata.fyi/schools/barton-college/2025-26
198215,2025,aid_awarded_freshmen_count,243,reported,H.204,https://www.catawba.edu/media/catawba-college/site-assets/pdf/CDS_2025-2026-PDF.pdf,https://www.collegedata.fyi/schools/catawba-college/2025-26
198215,2025,avg_need_based_grant_usd,11308,reported,H.211,https://www.catawba.edu/media/catawba-college/site-assets/pdf/CDS_2025-2026-PDF.pdf,https://www.collegedata.fyi/schools/catawba-college/2025-26
198215,2025,avg_need_met_percent,87.1,reported,H.209,https://www.catawba.edu/media/catawba-college/site-assets/pdf/CDS_2025-2026-PDF.pdf,https://www.collegedata.fyi/schools/catawba-college/2025-26
198215,2025,fafsa_required,true,reported,H.801,https://www.catawba.edu/media/catawba-college/site-assets/pdf/CDS_2025-2026-PDF.pdf,https://www.collegedata.fyi/schools/catawba-college/2025-26
198215,2025,need_fully_met_count,67,reported,H.208,https://www.catawba.edu/media/catawba-college/site-assets/pdf/CDS_2025-2026-PDF.pdf,https://www.collegedata.fyi/schools/catawba-college/2025-26
198215,2025,state_aid_form_required,true,reported,H.804,https://www.catawba.edu/media/catawba-college/site-assets/pdf/CDS_2025-2026-PDF.pdf,https://www.collegedata.fyi/schools/catawba-college/2025-26
198385,2025,aid_awarded_freshmen_count,301,reported,H.204,https://www.davidson.edu/media/9718/download?attachment,https://www.collegedata.fyi/schools/davidson-college/2025-26
198385,2025,avg_need_based_grant_usd,65233,reported,H.211,https://www.davidson.edu/media/9718/download?attachment,https://www.collegedata.fyi/schools/davidson-college/2025-26
198385,2025,avg_need_met_percent,100,reported,H.209,https://www.davidson.edu/media/9718/download?attachment,https://www.collegedata.fyi/schools/davidson-college/2025-26
198385,2025,css_profile_required,true,reported,H.803,https://www.davidson.edu/media/9718/download?attachment,https://www.collegedata.fyi/schools/davidson-college/2025-26
198385,2025,fafsa_required,true,reported,H.801,https://www.davidson.edu/media/9718/download?attachment,https://www.collegedata.fyi/schools/davidson-college/2025-26
198385,2025,need_fully_met_count,301,reported,H.208,https://www.davidson.edu/media/9718/download?attachment,https://www.collegedata.fyi/schools/davidson-college/2025-26
198385,2025,noncustodial_css_profile_required,true,reported,H.805,https://www.davidson.edu/media/9718/download?attachment,https://www.collegedata.fyi/schools/davidson-college/2025-26
198419,2024,aid_awarded_freshmen_count,759,reported,H.204,https://drive.usercontent.google.com/download?id=1GSANSJf5yJPlMSYCXYy_tImg1X4zUv-K&export=download,https://www.collegedata.fyi/schools/duke/2024-25
198419,2024,avg_need_based_grant_usd,70439,reported,H.211,https://drive.usercontent.google.com/download?id=1GSANSJf5yJPlMSYCXYy_tImg1X4zUv-K&export=download,https://www.collegedata.fyi/schools/duke/2024-25
198419,2024,avg_need_met_percent,100,reported,H.209,https://drive.usercontent.google.com/download?id=1GSANSJf5yJPlMSYCXYy_tImg1X4zUv-K&export=download,https://www.collegedata.fyi/schools/duke/2024-25
198419,2024,fafsa_required,true,reported,H.801,https://drive.usercontent.google.com/download?id=1GSANSJf5yJPlMSYCXYy_tImg1X4zUv-K&export=download,https://www.collegedata.fyi/schools/duke/2024-25
198419,2024,need_fully_met_count,721,reported,H.208,https://drive.usercontent.google.com/download?id=1GSANSJf5yJPlMSYCXYy_tImg1X4zUv-K&export=download,https://www.collegedata.fyi/schools/duke/2024-25
198419,2024,noncustodial_css_profile_required,true,reported,H.805,https://drive.usercontent.google.com/download?id=1GSANSJf5yJPlMSYCXYy_tImg1X4zUv-K&export=download,https://www.collegedata.fyi/schools/duke/2024-25
198419,2024,other_institutional_form_required,true,reported,H.807,https://drive.usercontent.google.com/download?id=1GSANSJf5yJPlMSYCXYy_tImg1X4zUv-K&export=download,https://www.collegedata.fyi/schools/duke/2024-25
198464,2024,aid_awarded_freshmen_count,2208,reported,H.204,https://drive.usercontent.google.com/download?id=1de7FH5I8a0USlrRfFV2PKBJkznEwifZV&export=download,https://www.collegedata.fyi/schools/east-carolina-university/2024-25
198464,2024,avg_need_based_grant_usd,9952,reported,H.211,https://drive.usercontent.google.com/download?id=1de7FH5I8a0USlrRfFV2PKBJkznEwifZV&export=download,https://www.collegedata.fyi/schools/east-carolina-university/2024-25
198464,2024,avg_need_met_percent,56,reported,H.209,https://drive.usercontent.google.com/download?id=1de7FH5I8a0USlrRfFV2PKBJkznEwifZV&export=download,https://www.collegedata.fyi/schools/east-carolina-university/2024-25
198464,2024,fafsa_required,true,reported,H.801,https://drive.usercontent.google.com/download?id=1de7FH5I8a0USlrRfFV2PKBJkznEwifZV&export=download,https://www.collegedata.fyi/schools/east-carolina-university/2024-25
198464,2024,need_fully_met_count,181,reported,H.208,https://drive.usercontent.google.com/download?id=1de7FH5I8a0USlrRfFV2PKBJkznEwifZV&export=download,https://www.collegedata.fyi/schools/east-carolina-university/2024-25
199102,2024,aid_awarded_freshmen_count,2249,reported,H.204,https://www.ncat.edu/provost/ospie/cds_2024-2025_-final-20251201.pdf,https://www.collegedata.fyi/schools/north-carolina-a-and-t-state-university/2024-25
199102,2024,avg_need_based_grant_usd,12340,reported,H.211,https://www.ncat.edu/provost/ospie/cds_2024-2025_-final-20251201.pdf,https://www.collegedata.fyi/schools/north-carolina-a-and-t-state-university/2024-25
199102,2024,avg_need_met_percent,51,reported,H.209,https://www.ncat.edu/provost/ospie/cds_2024-2025_-final-20251201.pdf,https://www.collegedata.fyi/schools/north-carolina-a-and-t-state-university/2024-25
199102,2024,fafsa_required,true,reported,H.801,https://www.ncat.edu/provost/ospie/cds_2024-2025_-final-20251201.pdf,https://www.collegedata.fyi/schools/north-carolina-a-and-t-state-university/2024-25
199102,2024,need_fully_met_count,133,reported,H.208,https://www.ncat.edu/provost/ospie/cds_2024-2025_-final-20251201.pdf,https://www.collegedata.fyi/schools/north-carolina-a-and-t-state-university/2024-25
199120,2025,aid_awarded_freshmen_count,1481,reported,H.204,https://oira.unc.edu/wp-content/uploads/sites/297/2026/06/CDS_UNCCH_2025-26_20260615.pdf,https://www.collegedata.fyi/schools/unc/2025-26
199120,2025,avg_need_based_grant_usd,20939,reported,H.211,https://oira.unc.edu/wp-content/uploads/sites/297/2026/06/CDS_UNCCH_2025-26_20260615.pdf,https://www.collegedata.fyi/schools/unc/2025-26
199120,2025,avg_need_met_percent,100,reported,H.209,https://oira.unc.edu/wp-content/uploads/sites/297/2026/06/CDS_UNCCH_2025-26_20260615.pdf,https://www.collegedata.fyi/schools/unc/2025-26
199120,2025,css_profile_required,true,reported,H.803,https://oira.unc.edu/wp-content/uploads/sites/297/2026/06/CDS_UNCCH_2025-26_20260615.pdf,https://www.collegedata.fyi/schools/unc/2025-26
199120,2025,fafsa_required,true,reported,H.801,https://oira.unc.edu/wp-content/uploads/sites/297/2026/06/CDS_UNCCH_2025-26_20260615.pdf,https://www.collegedata.fyi/schools/unc/2025-26
199120,2025,need_fully_met_count,1078,reported,H.208,https://oira.unc.edu/wp-content/uploads/sites/297/2026/06/CDS_UNCCH_2025-26_20260615.pdf,https://www.collegedata.fyi/schools/unc/2025-26
199139,2025,aid_awarded_freshmen_count,2294,reported,H.204,https://ir.charlotte.edu/wp-content/uploads/sites/871/2026/06/CDS-2025-26.xlsx,https://www.collegedata.fyi/schools/university-of-north-carolina-at-charlotte/2025-26
199139,2025,avg_need_based_grant_usd,10898,reported,H.211,https://ir.charlotte.edu/wp-content/uploads/sites/871/2026/06/CDS-2025-26.xlsx,https://www.collegedata.fyi/schools/university-of-north-carolina-at-charlotte/2025-26
199139,2025,avg_need_met_percent,57,reported,H.209,https://ir.charlotte.edu/wp-content/uploads/sites/871/2026/06/CDS-2025-26.xlsx,https://www.collegedata.fyi/schools/university-of-north-carolina-at-charlotte/2025-26
199139,2025,fafsa_required,true,reported,H.801,https://ir.charlotte.edu/wp-content/uploads/sites/871/2026/06/CDS-2025-26.xlsx,https://www.collegedata.fyi/schools/university-of-north-carolina-at-charlotte/2025-26
199139,2025,need_fully_met_count,161,reported,H.208,https://ir.charlotte.edu/wp-content/uploads/sites/871/2026/06/CDS-2025-26.xlsx,https://www.collegedata.fyi/schools/university-of-north-carolina-at-charlotte/2025-26
199218,2024,aid_awarded_freshmen_count,1267,reported,H.204,https://drive.usercontent.google.com/download?id=1ZDufOKYw6zJgqvg-nR06RJK-CvOqMA6U&export=download,https://www.collegedata.fyi/schools/university-of-north-carolina-wilmington/2024-25
199218,2024,avg_need_based_grant_usd,7760,reported,H.211,https://drive.usercontent.google.com/download?id=1ZDufOKYw6zJgqvg-nR06RJK-CvOqMA6U&export=download,https://www.collegedata.fyi/schools/university-of-north-carolina-wilmington/2024-25
199218,2024,avg_need_met_percent,58,reported,H.209,https://drive.usercontent.google.com/download?id=1ZDufOKYw6zJgqvg-nR06RJK-CvOqMA6U&export=download,https://www.collegedata.fyi/schools/university-of-north-carolina-wilmington/2024-25
199218,2024,fafsa_required,true,reported,H.801,https://drive.usercontent.google.com/download?id=1ZDufOKYw6zJgqvg-nR06RJK-CvOqMA6U&export=download,https://www.collegedata.fyi/schools/university-of-north-carolina-wilmington/2024-25
199218,2024,institutional_form_required,true,reported,H.802,https://drive.usercontent.google.com/download?id=1ZDufOKYw6zJgqvg-nR06RJK-CvOqMA6U&export=download,https://www.collegedata.fyi/schools/university-of-north-carolina-wilmington/2024-25
199218,2024,need_fully_met_count,31,reported,H.208,https://drive.usercontent.google.com/download?id=1ZDufOKYw6zJgqvg-nR06RJK-CvOqMA6U&export=download,https://www.collegedata.fyi/schools/university-of-north-carolina-wilmington/2024-25
199281,2024,aid_awarded_freshmen_count,534,reported,H.204,https://www.uncp.edu/_files/0_2024-2025_CDS_All.pdf,https://www.collegedata.fyi/schools/university-of-north-carolina-at-pembroke/2024-25
199281,2024,avg_need_based_grant_usd,7694,reported,H.211,https://www.uncp.edu/_files/0_2024-2025_CDS_All.pdf,https://www.collegedata.fyi/schools/university-of-north-carolina-at-pembroke/2024-25
199281,2024,avg_need_met_percent,69,reported,H.209,https://www.uncp.edu/_files/0_2024-2025_CDS_All.pdf,https://www.collegedata.fyi/schools/university-of-north-carolina-at-pembroke/2024-25
199281,2024,fafsa_required,true,reported,H.801,https://www.uncp.edu/_files/0_2024-2025_CDS_All.pdf,https://www.collegedata.fyi/schools/university-of-north-carolina-at-pembroke/2024-25
199281,2024,need_fully_met_count,20,reported,H.208,https://www.uncp.edu/_files/0_2024-2025_CDS_All.pdf,https://www.collegedata.fyi/schools/university-of-north-carolina-at-pembroke/2024-25
199847,2024,aid_awarded_freshmen_count,269,reported,H.204,https://prod.wp.cdn.aws.wfu.edu/sites/202/2025/07/CDS-2024-2025-fillable-WFU.pdf,https://www.collegedata.fyi/schools/wake-forest/2024-25
199847,2024,avg_need_based_grant_usd,66913,reported,H.211,https://prod.wp.cdn.aws.wfu.edu/sites/202/2025/07/CDS-2024-2025-fillable-WFU.pdf,https://www.collegedata.fyi/schools/wake-forest/2024-25
199847,2024,avg_need_met_percent,95.57,reported,H.209,https://prod.wp.cdn.aws.wfu.edu/sites/202/2025/07/CDS-2024-2025-fillable-WFU.pdf,https://www.collegedata.fyi/schools/wake-forest/2024-25
199847,2024,css_profile_required,true,reported,H.803,https://prod.wp.cdn.aws.wfu.edu/sites/202/2025/07/CDS-2024-2025-fillable-WFU.pdf,https://www.collegedata.fyi/schools/wake-forest/2024-25
199847,2024,fafsa_required,true,reported,H.801,https://prod.wp.cdn.aws.wfu.edu/sites/202/2025/07/CDS-2024-2025-fillable-WFU.pdf,https://www.collegedata.fyi/schools/wake-forest/2024-25
199847,2024,need_fully_met_count,228,reported,H.208,https://prod.wp.cdn.aws.wfu.edu/sites/202/2025/07/CDS-2024-2025-fillable-WFU.pdf,https://www.collegedata.fyi/schools/wake-forest/2024-25
199847,2024,noncustodial_css_profile_required,true,reported,H.805,https://prod.wp.cdn.aws.wfu.edu/sites/202/2025/07/CDS-2024-2025-fillable-WFU.pdf,https://www.collegedata.fyi/schools/wake-forest/2024-25
199847,2024,state_aid_form_required,true,reported,H.804,https://prod.wp.cdn.aws.wfu.edu/sites/202/2025/07/CDS-2024-2025-fillable-WFU.pdf,https://www.collegedata.fyi/schools/wake-forest/2024-25
200004,2024,business_farm_supplement_required,,not_collected_by_us,H.806,https://www.wcu.edu/_files/learn/provost/2024-2025-CDS.pdf,https://www.collegedata.fyi/schools/western-carolina-university/2024-25
200004,2024,fafsa_required,true,reported,H.801,https://www.wcu.edu/_files/learn/provost/2024-2025-CDS.pdf,https://www.collegedata.fyi/schools/western-carolina-university/2024-25
200004,2024,institutional_form_required,true,reported,H.802,https://www.wcu.edu/_files/learn/provost/2024-2025-CDS.pdf,https://www.collegedata.fyi/schools/western-carolina-university/2024-25
200800,2025,aid_awarded_freshmen_count,1654,reported,H.204,https://www.uakron.edu/ir/docs/CDS/CDS%202025-2026%20University%20of%20Akron%20Main%20Campus.pdf,https://www.collegedata.fyi/schools/university-of-akron-main-campus/2025-26
200800,2025,avg_need_based_grant_usd,5936,reported,H.211,https://www.uakron.edu/ir/docs/CDS/CDS%202025-2026%20University%20of%20Akron%20Main%20Campus.pdf,https://www.collegedata.fyi/schools/university-of-akron-main-campus/2025-26
200800,2025,avg_need_met_percent,65,reported,H.209,https://www.uakron.edu/ir/docs/CDS/CDS%202025-2026%20University%20of%20Akron%20Main%20Campus.pdf,https://www.collegedata.fyi/schools/university-of-akron-main-campus/2025-26
200800,2025,fafsa_required,true,reported,H.801,https://www.uakron.edu/ir/docs/CDS/CDS%202025-2026%20University%20of%20Akron%20Main%20Campus.pdf,https://www.collegedata.fyi/schools/university-of-akron-main-campus/2025-26
200800,2025,need_fully_met_count,174,reported,H.208,https://www.uakron.edu/ir/docs/CDS/CDS%202025-2026%20University%20of%20Akron%20Main%20Campus.pdf,https://www.collegedata.fyi/schools/university-of-akron-main-campus/2025-26
201195,2025,aid_awarded_freshmen_count,384,reported,H.204,https://www.bw.edu/about/offices/institutional-research-assessment/_files/common-data-set-2025-26.pdf,https://www.collegedata.fyi/schools/baldwin-wallace-university/2025-26
201195,2025,avg_need_based_grant_usd,31782,reported,H.211,https://www.bw.edu/about/offices/institutional-research-assessment/_files/common-data-set-2025-26.pdf,https://www.collegedata.fyi/schools/baldwin-wallace-university/2025-26
201195,2025,avg_need_met_percent,69.3,reported,H.209,https://www.bw.edu/about/offices/institutional-research-assessment/_files/common-data-set-2025-26.pdf,https://www.collegedata.fyi/schools/baldwin-wallace-university/2025-26
201195,2025,fafsa_required,true,reported,H.801,https://www.bw.edu/about/offices/institutional-research-assessment/_files/common-data-set-2025-26.pdf,https://www.collegedata.fyi/schools/baldwin-wallace-university/2025-26
201195,2025,need_fully_met_count,75,reported,H.208,https://www.bw.edu/about/offices/institutional-research-assessment/_files/common-data-set-2025-26.pdf,https://www.collegedata.fyi/schools/baldwin-wallace-university/2025-26
201645,2025,aid_awarded_freshmen_count,963,reported,H.204,https://case.edu/ir/sites/default/files/2026-02/CDS%202025-26%20Adjusted%20Final.pdf,https://www.collegedata.fyi/schools/case-western-reserve-university/2025-26
201645,2025,avg_need_based_grant_usd,49293,reported,H.211,https://case.edu/ir/sites/default/files/2026-02/CDS%202025-26%20Adjusted%20Final.pdf,https://www.collegedata.fyi/schools/case-western-reserve-university/2025-26
201645,2025,avg_need_met_percent,100,reported,H.209,https://case.edu/ir/sites/default/files/2026-02/CDS%202025-26%20Adjusted%20Final.pdf,https://www.collegedata.fyi/schools/case-western-reserve-university/2025-26
201645,2025,css_profile_required,true,reported,H.803,https://case.edu/ir/sites/default/files/2026-02/CDS%202025-26%20Adjusted%20Final.pdf,https://www.collegedata.fyi/schools/case-western-reserve-university/2025-26
201645,2025,fafsa_required,true,reported,H.801,https://case.edu/ir/sites/default/files/2026-02/CDS%202025-26%20Adjusted%20Final.pdf,https://www.collegedata.fyi/schools/case-western-reserve-university/2025-26
201645,2025,institutional_form_required,true,reported,H.802,https://case.edu/ir/sites/default/files/2026-02/CDS%202025-26%20Adjusted%20Final.pdf,https://www.collegedata.fyi/schools/case-western-reserve-university/2025-26
201645,2025,need_fully_met_count,788,reported,H.208,https://case.edu/ir/sites/default/files/2026-02/CDS%202025-26%20Adjusted%20Final.pdf,https://www.collegedata.fyi/schools/case-western-reserve-university/2025-26
201645,2025,noncustodial_css_profile_required,true,reported,H.805,https://case.edu/ir/sites/default/files/2026-02/CDS%202025-26%20Adjusted%20Final.pdf,https://www.collegedata.fyi/schools/case-western-reserve-university/2025-26
203368,2025,aid_awarded_freshmen_count,434,reported,H.204,https://drive.usercontent.google.com/download?id=19A4F69gxe520JXxubBCEQH0m422gYRWn&export=download,https://www.collegedata.fyi/schools/john-carroll-university/2025-26
203368,2025,avg_need_based_grant_usd,37243,reported,H.211,https://drive.usercontent.google.com/download?id=19A4F69gxe520JXxubBCEQH0m422gYRWn&export=download,https://www.collegedata.fyi/schools/john-carroll-university/2025-26
203368,2025,avg_need_met_percent,85,reported,H.209,https://drive.usercontent.google.com/download?id=19A4F69gxe520JXxubBCEQH0m422gYRWn&export=download,https://www.collegedata.fyi/schools/john-carroll-university/2025-26
203368,2025,need_fully_met_count,119,reported,H.208,https://drive.usercontent.google.com/download?id=19A4F69gxe520JXxubBCEQH0m422gYRWn&export=download,https://www.collegedata.fyi/schools/john-carroll-university/2025-26
203535,2024,aid_awarded_freshmen_count,220,reported,H.204,https://www.kenyon.edu/files/resources/kenyon-cds-202425-march-2025.pdf,https://www.collegedata.fyi/schools/kenyon/2024-25
203535,2024,avg_need_based_grant_usd,57924,reported,H.211,https://www.kenyon.edu/files/resources/kenyon-cds-202425-march-2025.pdf,https://www.collegedata.fyi/schools/kenyon/2024-25
203535,2024,avg_need_met_percent,100,reported,H.209,https://www.kenyon.edu/files/resources/kenyon-cds-202425-march-2025.pdf,https://www.collegedata.fyi/schools/kenyon/2024-25
203535,2024,css_profile_required,true,reported,H.803,https://www.kenyon.edu/files/resources/kenyon-cds-202425-march-2025.pdf,https://www.collegedata.fyi/schools/kenyon/2024-25
203535,2024,fafsa_required,true,reported,H.801,https://www.kenyon.edu/files/resources/kenyon-cds-202425-march-2025.pdf,https://www.collegedata.fyi/schools/kenyon/2024-25
203535,2024,need_fully_met_count,220,reported,H.208,https://www.kenyon.edu/files/resources/kenyon-cds-202425-march-2025.pdf,https://www.collegedata.fyi/schools/kenyon/2024-25
203535,2024,noncustodial_css_profile_required,true,reported,H.805,https://www.kenyon.edu/files/resources/kenyon-cds-202425-march-2025.pdf,https://www.collegedata.fyi/schools/kenyon/2024-25
203845,2025,aid_awarded_freshmen_count,171,reported,H.204,https://www.marietta.edu/sites/default/files/MC-CDS_2025-2026.xlsx,https://www.collegedata.fyi/schools/marietta-college/2025-26
203845,2025,avg_need_based_grant_usd,15874.73,reported,H.211,https://www.marietta.edu/sites/default/files/MC-CDS_2025-2026.xlsx,https://www.collegedata.fyi/schools/marietta-college/2025-26
203845,2025,avg_need_met_percent,79.8391,reported,H.209,https://www.marietta.edu/sites/default/files/MC-CDS_2025-2026.xlsx,https://www.collegedata.fyi/schools/marietta-college/2025-26
203845,2025,fafsa_required,true,reported,H.801,https://www.marietta.edu/sites/default/files/MC-CDS_2025-2026.xlsx,https://www.collegedata.fyi/schools/marietta-college/2025-26
203845,2025,need_fully_met_count,50,reported,H.208,https://www.marietta.edu/sites/default/files/MC-CDS_2025-2026.xlsx,https://www.collegedata.fyi/schools/marietta-college/2025-26
206084,2025,aid_awarded_freshmen_count,1057,reported,H.204,https://www.utoledo.edu/offices/institutional-research/report-library/common-data-set/docs/cds-2025-2026.pdf,https://www.collegedata.fyi/schools/university-of-toledo/2025-26
206084,2025,avg_need_met_percent,64,reported,H.209,https://www.utoledo.edu/offices/institutional-research/report-library/common-data-set/docs/cds-2025-2026.pdf,https://www.collegedata.fyi/schools/university-of-toledo/2025-26
206084,2025,fafsa_required,true,reported,H.801,https://www.utoledo.edu/offices/institutional-research/report-library/common-data-set/docs/cds-2025-2026.pdf,https://www.collegedata.fyi/schools/university-of-toledo/2025-26
206084,2025,need_fully_met_count,152,reported,H.208,https://www.utoledo.edu/offices/institutional-research/report-library/common-data-set/docs/cds-2025-2026.pdf,https://www.collegedata.fyi/schools/university-of-toledo/2025-26
206589,2024,aid_awarded_freshmen_count,264,reported,H.204,https://drive.usercontent.google.com/download?id=1s15mPw4CPv-jsjrepmzMpykl8hS5Ftnt&export=download,https://www.collegedata.fyi/schools/the-college-of-wooster/2024-25
206589,2024,avg_need_based_grant_usd,47139,reported,H.211,https://drive.usercontent.google.com/download?id=1s15mPw4CPv-jsjrepmzMpykl8hS5Ftnt&export=download,https://www.collegedata.fyi/schools/the-college-of-wooster/2024-25
206589,2024,avg_need_met_percent,95,reported,H.209,https://drive.usercontent.google.com/download?id=1s15mPw4CPv-jsjrepmzMpykl8hS5Ftnt&export=download,https://www.collegedata.fyi/schools/the-college-of-wooster/2024-25
206589,2024,need_fully_met_count,175,reported,H.208,https://drive.usercontent.google.com/download?id=1s15mPw4CPv-jsjrepmzMpykl8hS5Ftnt&export=download,https://www.collegedata.fyi/schools/the-college-of-wooster/2024-25
206604,2024,aid_awarded_freshmen_count,134,reported,H.204,https://www.wright.edu/sites/www.wright.edu/files/page/attachments/CDS_2024-2025_Lake.pdf,https://www.collegedata.fyi/schools/wright-state-university-main-campus/2024-25
206604,2024,avg_need_based_grant_usd,7661,reported,H.211,https://www.wright.edu/sites/www.wright.edu/files/page/attachments/CDS_2024-2025_Lake.pdf,https://www.collegedata.fyi/schools/wright-state-university-main-campus/2024-25
206604,2024,avg_need_met_percent,79.3,reported,H.209,https://www.wright.edu/sites/www.wright.edu/files/page/attachments/CDS_2024-2025_Lake.pdf,https://www.collegedata.fyi/schools/wright-state-university-main-campus/2024-25
206604,2024,fafsa_required,true,reported,H.801,https://www.wright.edu/sites/www.wright.edu/files/page/attachments/CDS_2024-2025_Lake.pdf,https://www.collegedata.fyi/schools/wright-state-university-main-campus/2024-25
206604,2024,need_fully_met_count,46,reported,H.208,https://www.wright.edu/sites/www.wright.edu/files/page/attachments/CDS_2024-2025_Lake.pdf,https://www.collegedata.fyi/schools/wright-state-university-main-campus/2024-25
206914,2025,aid_awarded_freshmen_count,324,reported,H.204,https://www.cameron.edu/storage/departments/institutional-research-assessment-and-accountability/common-data-set/CDS-2025-2026-accessible.pdf,https://www.collegedata.fyi/schools/cameron-university/2025-26
206914,2025,avg_need_based_grant_usd,10413,reported,H.211,https://www.cameron.edu/storage/departments/institutional-research-assessment-and-accountability/common-data-set/CDS-2025-2026-accessible.pdf,https://www.collegedata.fyi/schools/cameron-university/2025-26
206914,2025,avg_need_met_percent,50,reported,H.209,https://www.cameron.edu/storage/departments/institutional-research-assessment-and-accountability/common-data-set/CDS-2025-2026-accessible.pdf,https://www.collegedata.fyi/schools/cameron-university/2025-26
206914,2025,fafsa_required,true,reported,H.801,https://www.cameron.edu/storage/departments/institutional-research-assessment-and-accountability/common-data-set/CDS-2025-2026-accessible.pdf,https://www.collegedata.fyi/schools/cameron-university/2025-26
206914,2025,need_fully_met_count,18,reported,H.208,https://www.cameron.edu/storage/departments/institutional-research-assessment-and-accountability/common-data-set/CDS-2025-2026-accessible.pdf,https://www.collegedata.fyi/schools/cameron-university/2025-26
207500,2025,avg_need_based_grant_usd,10768,reported,H.211,https://www.ou.edu/content/dam/irr/docs/common-data-sets/norman-campus-only/2025-26-nc/IRR%20CDS-A.pdf,https://www.collegedata.fyi/schools/university-of-oklahoma-norman-campus/2025-26
207500,2025,avg_need_met_percent,64.5,reported,H.209,https://www.ou.edu/content/dam/irr/docs/common-data-sets/norman-campus-only/2025-26-nc/IRR%20CDS-A.pdf,https://www.collegedata.fyi/schools/university-of-oklahoma-norman-campus/2025-26
207500,2025,fafsa_required,true,reported,H.801,https://www.ou.edu/content/dam/irr/docs/common-data-sets/norman-campus-only/2025-26-nc/IRR%20CDS-A.pdf,https://www.collegedata.fyi/schools/university-of-oklahoma-norman-campus/2025-26
207500,2025,need_fully_met_count,358,reported,H.208,https://www.ou.edu/content/dam/irr/docs/common-data-sets/norman-campus-only/2025-26-nc/IRR%20CDS-A.pdf,https://www.collegedata.fyi/schools/university-of-oklahoma-norman-campus/2025-26
207661,2025,aid_awarded_freshmen_count,330,reported,H.204,https://rogersstateuniversity.b-cdn.net/app/uploads/2026/06/CDS-2025-26.pdf,https://www.collegedata.fyi/schools/rogers-state-university/2025-26
207661,2025,avg_need_based_grant_usd,6512,reported,H.211,https://rogersstateuniversity.b-cdn.net/app/uploads/2026/06/CDS-2025-26.pdf,https://www.collegedata.fyi/schools/rogers-state-university/2025-26
207661,2025,avg_need_met_percent,38.2,reported,H.209,https://rogersstateuniversity.b-cdn.net/app/uploads/2026/06/CDS-2025-26.pdf,https://www.collegedata.fyi/schools/rogers-state-university/2025-26
207661,2025,need_fully_met_count,6,reported,H.208,https://rogersstateuniversity.b-cdn.net/app/uploads/2026/06/CDS-2025-26.pdf,https://www.collegedata.fyi/schools/rogers-state-university/2025-26
208646,2025,aid_awarded_freshmen_count,190,reported,H.204,https://static.eou.edu/ir/CDS/CDS_2025_26.pdf,https://www.collegedata.fyi/schools/eastern-oregon-university/2025-26
208646,2025,avg_need_based_grant_usd,11080.86,reported,H.211,https://static.eou.edu/ir/CDS/CDS_2025_26.pdf,https://www.collegedata.fyi/schools/eastern-oregon-university/2025-26
208646,2025,avg_need_met_percent,71.2,reported,H.209,https://static.eou.edu/ir/CDS/CDS_2025_26.pdf,https://www.collegedata.fyi/schools/eastern-oregon-university/2025-26
208646,2025,business_farm_supplement_required,,not_collected_by_us,H.806,https://static.eou.edu/ir/CDS/CDS_2025_26.pdf,https://www.collegedata.fyi/schools/eastern-oregon-university/2025-26
208646,2025,css_profile_required,,not_collected_by_us,H.803,https://static.eou.edu/ir/CDS/CDS_2025_26.pdf,https://www.collegedata.fyi/schools/eastern-oregon-university/2025-26
208646,2025,fafsa_required,,not_collected_by_us,H.801,https://static.eou.edu/ir/CDS/CDS_2025_26.pdf,https://www.collegedata.fyi/schools/eastern-oregon-university/2025-26
208646,2025,institutional_form_required,,not_collected_by_us,H.802,https://static.eou.edu/ir/CDS/CDS_2025_26.pdf,https://www.collegedata.fyi/schools/eastern-oregon-university/2025-26
208646,2025,need_fully_met_count,50,reported,H.208,https://static.eou.edu/ir/CDS/CDS_2025_26.pdf,https://www.collegedata.fyi/schools/eastern-oregon-university/2025-26
208646,2025,noncustodial_css_profile_required,,not_collected_by_us,H.805,https://static.eou.edu/ir/CDS/CDS_2025_26.pdf,https://www.collegedata.fyi/schools/eastern-oregon-university/2025-26
208646,2025,other_institutional_form_required,,not_collected_by_us,H.807,https://static.eou.edu/ir/CDS/CDS_2025_26.pdf,https://www.collegedata.fyi/schools/eastern-oregon-university/2025-26
208646,2025,state_aid_form_required,,not_collected_by_us,H.804,https://static.eou.edu/ir/CDS/CDS_2025_26.pdf,https://www.collegedata.fyi/schools/eastern-oregon-university/2025-26
209065,2024,aid_awarded_freshmen_count,313,reported,H.204,https://www.linfield.edu/assets/files/institutional-research/CDS-2024-2025-PDF-Linfield-04.21.2025.pdf,https://www.collegedata.fyi/schools/linfield-university/2024-25
209065,2024,avg_need_based_grant_usd,43500,reported,H.211,https://www.linfield.edu/assets/files/institutional-research/CDS-2024-2025-PDF-Linfield-04.21.2025.pdf,https://www.collegedata.fyi/schools/linfield-university/2024-25
209065,2024,avg_need_met_percent,95,reported,H.209,https://www.linfield.edu/assets/files/institutional-research/CDS-2024-2025-PDF-Linfield-04.21.2025.pdf,https://www.collegedata.fyi/schools/linfield-university/2024-25
209065,2024,fafsa_required,true,reported,H.801,https://www.linfield.edu/assets/files/institutional-research/CDS-2024-2025-PDF-Linfield-04.21.2025.pdf,https://www.collegedata.fyi/schools/linfield-university/2024-25
209065,2024,institutional_form_required,true,reported,H.802,https://www.linfield.edu/assets/files/institutional-research/CDS-2024-2025-PDF-Linfield-04.21.2025.pdf,https://www.collegedata.fyi/schools/linfield-university/2024-25
209065,2024,need_fully_met_count,99,reported,H.208,https://www.linfield.edu/assets/files/institutional-research/CDS-2024-2025-PDF-Linfield-04.21.2025.pdf,https://www.collegedata.fyi/schools/linfield-university/2024-25
209065,2024,state_aid_form_required,true,reported,H.804,https://www.linfield.edu/assets/files/institutional-research/CDS-2024-2025-PDF-Linfield-04.21.2025.pdf,https://www.collegedata.fyi/schools/linfield-university/2024-25
209542,2025,aid_awarded_freshmen_count,1925,reported,H.204,https://institutionalresearch.oregonstate.edu/sites/institutionalresearch.oregonstate.edu/files/2026-06/CDS-2025-26_1.pdf,https://www.collegedata.fyi/schools/oregon-state-university/2025-26
209542,2025,avg_need_based_grant_usd,15708,reported,H.211,https://institutionalresearch.oregonstate.edu/sites/institutionalresearch.oregonstate.edu/files/2026-06/CDS-2025-26_1.pdf,https://www.collegedata.fyi/schools/oregon-state-university/2025-26
209542,2025,avg_need_met_percent,71.4,reported,H.209,https://institutionalresearch.oregonstate.edu/sites/institutionalresearch.oregonstate.edu/files/2026-06/CDS-2025-26_1.pdf,https://www.collegedata.fyi/schools/oregon-state-university/2025-26
209542,2025,fafsa_required,true,reported,H.801,https://institutionalresearch.oregonstate.edu/sites/institutionalresearch.oregonstate.edu/files/2026-06/CDS-2025-26_1.pdf,https://www.collegedata.fyi/schools/oregon-state-university/2025-26
209542,2025,need_fully_met_count,329,reported,H.208,https://institutionalresearch.oregonstate.edu/sites/institutionalresearch.oregonstate.edu/files/2026-06/CDS-2025-26_1.pdf,https://www.collegedata.fyi/schools/oregon-state-university/2025-26
209551,2024,aid_awarded_freshmen_count,2385,reported,H.204,https://uoregon.sharepoint.com/sites/UOInstitutionalResearchPublicMaterials/_layouts/15/download.aspx?UniqueId=d5e1646e-2809-4ee4-83e8-cb6a3790504e&Translate=false,https://www.collegedata.fyi/schools/university-of-oregon/2024-25
209551,2024,avg_need_based_grant_usd,12074,reported,H.211,https://uoregon.sharepoint.com/sites/UOInstitutionalResearchPublicMaterials/_layouts/15/download.aspx?UniqueId=d5e1646e-2809-4ee4-83e8-cb6a3790504e&Translate=false,https://www.collegedata.fyi/schools/university-of-oregon/2024-25
209551,2024,avg_need_met_percent,55,reported,H.209,https://uoregon.sharepoint.com/sites/UOInstitutionalResearchPublicMaterials/_layouts/15/download.aspx?UniqueId=d5e1646e-2809-4ee4-83e8-cb6a3790504e&Translate=false,https://www.collegedata.fyi/schools/university-of-oregon/2024-25
209551,2024,fafsa_required,true,reported,H.801,https://uoregon.sharepoint.com/sites/UOInstitutionalResearchPublicMaterials/_layouts/15/download.aspx?UniqueId=d5e1646e-2809-4ee4-83e8-cb6a3790504e&Translate=false,https://www.collegedata.fyi/schools/university-of-oregon/2024-25
209551,2024,need_fully_met_count,194,reported,H.208,https://uoregon.sharepoint.com/sites/UOInstitutionalResearchPublicMaterials/_layouts/15/download.aspx?UniqueId=d5e1646e-2809-4ee4-83e8-cb6a3790504e&Translate=false,https://www.collegedata.fyi/schools/university-of-oregon/2024-25
209612,2025,aid_awarded_freshmen_count,253,reported,H.204,https://public.boxcloud.com/d/1/b1!OwalZ0xqi83xDRPf8c1jZMrWl0MsaumOnZAlxvFj5cV_SKf-PI-u-F0m4XBrKcGiP_MJhJrHaDP7mc543ry3_xjMlFocMCSeTwx43-D-rl-LE9FJcoXnFL3067sejpxZVYjbX6EyHDAHLzSHlFbOFprY0SbhxE22y6b7T7F27C6Zl-VvKTTdXdS3PWMYI6bLvf0QuaZ2i-hfs3oeouy1EI39jcACrfdNKMnS9sdj6CsUHdD5PO0UU8dGFB4BDIalStQ7Y5G3BG568_kJcfzUPBeci8uVYD-8sk0Se5ihH3bz7b4IKxtUCHPOMGS5yKbyAQ6toToDB2pfS5JPyObxA2t17sChprSkZQDCTX7n-JxtKfe_A8rkq4AJGFX7elD87EkjQvWdwNrTkTxiCCaxFoU7Ict8zH6RVDITWR6UipGE2F6SjbBpHp--cN4WyelvwJpOOBoX10o_ghyVX05VMONJ_Ts8PVGq9g3izcm0860vVk-RLVbnK1lV4z7taWhzX0eoGN_xOQ1bhy8ZomlKkN1kCDhH7fEBwzwI1Q1WmrorFhn2UlPFtf4eU8D3EWLWXEgsBr1pWRjDWfV9zVFd8XIOEyGYUCMgkhd6qlEZ5yotiWAr4AOCtrRR8vGcDH2Q6QqCroJo6A0UCbujfUdHjgAgUeS1pqKApDM4KC99wd33H-aBcihfu8VI1j-ECr53QFNNnVnPfb4nfxS5oDy8nYQ16p2-SzmgQE3txSu5W4tACLMKyvevhAfFiZ6DhmR3ePBtq-eVxD-zBrkL5Y_GDKRqnPylVB3xbQqS8KAi2wAQXWzKvlXrjz3Iz1ZBLA4SScPP4wlRDlLcTDa_O00-GCCdwp_YdOvg-kUO3plC9lYTCyE2BcxMCHmKsDEAAMTnA44Em6XVfDz78gEIKOMJJ_1B0xI74ggFav8vraZm0L389o9gt7-DWElGU_UuCfH54x_AAUVVoMWbN5nlLjvB7n8FVURK2HbkWnoftEVHeR3kv4qSOT78w87nocLwX_EjRykUdAff_cMtUu9-hTTDYItizgy1KTZx7fmpd7PmbA-8axEHpCrBPl_0j-Lza7D-crB2x0DUY9_eLjNNURR6MKsSLmV4gIO0jMGo154dhKqynFXNIIHnSk9OmgHomDVPK6fTzeIxzodxq86BdK3OOm2J-eOWt7ivN_HhIndoaBAFf871NlKxBiQbilqsPmi7zUwUW-3YH4ORf9OmAuF-PR5HgtJD7ouL7MSwWkXtBjpjBHw7rfW8Ez-blqn1bMEHVAmamkVkb4qZwf_44qXkel-m-628m_AQRmBzlaxnPvBTgIkgH4tcH_86bQ_8O1i5NgphqK9gweUKhxo11I5gt8aktg6cvLqC_i1yMTLKQlsyVg6xGORvudxgXM2eR3i5WCbwTFynxS8YWEhOByUp59_KyOjgw1chj5zw0AnZgNon-_LXdKM0HH3DiEh0Vy-0WibmR6RFx96t1Pq5zVs7x-a_-tMt51Hehu3Gm1epSZGV3kUrv0csaPKJY4OD9ltVlbaorGavznumnLpkj99iig8PL4yxrPJuAnHS2qrLWNQHKWHubzhy9DFV0rpO1vjBWBHs2yORaDPeLUIiMTMjS3X22R98Tk7ryO3iN_QiqOssy5hL8H6s6d3zIOAbrLq5ugHtJTRjPWP_90OprTRDtNMcHexxE8Hn-pK_1tWJR5D5/download,https://www.collegedata.fyi/schools/pacific-university/2025-26
209612,2025,avg_need_based_grant_usd,14685.5783,reported,H.211,https://public.boxcloud.com/d/1/b1!OwalZ0xqi83xDRPf8c1jZMrWl0MsaumOnZAlxvFj5cV_SKf-PI-u-F0m4XBrKcGiP_MJhJrHaDP7mc543ry3_xjMlFocMCSeTwx43-D-rl-LE9FJcoXnFL3067sejpxZVYjbX6EyHDAHLzSHlFbOFprY0SbhxE22y6b7T7F27C6Zl-VvKTTdXdS3PWMYI6bLvf0QuaZ2i-hfs3oeouy1EI39jcACrfdNKMnS9sdj6CsUHdD5PO0UU8dGFB4BDIalStQ7Y5G3BG568_kJcfzUPBeci8uVYD-8sk0Se5ihH3bz7b4IKxtUCHPOMGS5yKbyAQ6toToDB2pfS5JPyObxA2t17sChprSkZQDCTX7n-JxtKfe_A8rkq4AJGFX7elD87EkjQvWdwNrTkTxiCCaxFoU7Ict8zH6RVDITWR6UipGE2F6SjbBpHp--cN4WyelvwJpOOBoX10o_ghyVX05VMONJ_Ts8PVGq9g3izcm0860vVk-RLVbnK1lV4z7taWhzX0eoGN_xOQ1bhy8ZomlKkN1kCDhH7fEBwzwI1Q1WmrorFhn2UlPFtf4eU8D3EWLWXEgsBr1pWRjDWfV9zVFd8XIOEyGYUCMgkhd6qlEZ5yotiWAr4AOCtrRR8vGcDH2Q6QqCroJo6A0UCbujfUdHjgAgUeS1pqKApDM4KC99wd33H-aBcihfu8VI1j-ECr53QFNNnVnPfb4nfxS5oDy8nYQ16p2-SzmgQE3txSu5W4tACLMKyvevhAfFiZ6DhmR3ePBtq-eVxD-zBrkL5Y_GDKRqnPylVB3xbQqS8KAi2wAQXWzKvlXrjz3Iz1ZBLA4SScPP4wlRDlLcTDa_O00-GCCdwp_YdOvg-kUO3plC9lYTCyE2BcxMCHmKsDEAAMTnA44Em6XVfDz78gEIKOMJJ_1B0xI74ggFav8vraZm0L389o9gt7-DWElGU_UuCfH54x_AAUVVoMWbN5nlLjvB7n8FVURK2HbkWnoftEVHeR3kv4qSOT78w87nocLwX_EjRykUdAff_cMtUu9-hTTDYItizgy1KTZx7fmpd7PmbA-8axEHpCrBPl_0j-Lza7D-crB2x0DUY9_eLjNNURR6MKsSLmV4gIO0jMGo154dhKqynFXNIIHnSk9OmgHomDVPK6fTzeIxzodxq86BdK3OOm2J-eOWt7ivN_HhIndoaBAFf871NlKxBiQbilqsPmi7zUwUW-3YH4ORf9OmAuF-PR5HgtJD7ouL7MSwWkXtBjpjBHw7rfW8Ez-blqn1bMEHVAmamkVkb4qZwf_44qXkel-m-628m_AQRmBzlaxnPvBTgIkgH4tcH_86bQ_8O1i5NgphqK9gweUKhxo11I5gt8aktg6cvLqC_i1yMTLKQlsyVg6xGORvudxgXM2eR3i5WCbwTFynxS8YWEhOByUp59_KyOjgw1chj5zw0AnZgNon-_LXdKM0HH3DiEh0Vy-0WibmR6RFx96t1Pq5zVs7x-a_-tMt51Hehu3Gm1epSZGV3kUrv0csaPKJY4OD9ltVlbaorGavznumnLpkj99iig8PL4yxrPJuAnHS2qrLWNQHKWHubzhy9DFV0rpO1vjBWBHs2yORaDPeLUIiMTMjS3X22R98Tk7ryO3iN_QiqOssy5hL8H6s6d3zIOAbrLq5ugHtJTRjPWP_90OprTRDtNMcHexxE8Hn-pK_1tWJR5D5/download,https://www.collegedata.fyi/schools/pacific-university/2025-26
209612,2025,avg_need_met_percent,84.7599,reported,H.209,https://public.boxcloud.com/d/1/b1!OwalZ0xqi83xDRPf8c1jZMrWl0MsaumOnZAlxvFj5cV_SKf-PI-u-F0m4XBrKcGiP_MJhJrHaDP7mc543ry3_xjMlFocMCSeTwx43-D-rl-LE9FJcoXnFL3067sejpxZVYjbX6EyHDAHLzSHlFbOFprY0SbhxE22y6b7T7F27C6Zl-VvKTTdXdS3PWMYI6bLvf0QuaZ2i-hfs3oeouy1EI39jcACrfdNKMnS9sdj6CsUHdD5PO0UU8dGFB4BDIalStQ7Y5G3BG568_kJcfzUPBeci8uVYD-8sk0Se5ihH3bz7b4IKxtUCHPOMGS5yKbyAQ6toToDB2pfS5JPyObxA2t17sChprSkZQDCTX7n-JxtKfe_A8rkq4AJGFX7elD87EkjQvWdwNrTkTxiCCaxFoU7Ict8zH6RVDITWR6UipGE2F6SjbBpHp--cN4WyelvwJpOOBoX10o_ghyVX05VMONJ_Ts8PVGq9g3izcm0860vVk-RLVbnK1lV4z7taWhzX0eoGN_xOQ1bhy8ZomlKkN1kCDhH7fEBwzwI1Q1WmrorFhn2UlPFtf4eU8D3EWLWXEgsBr1pWRjDWfV9zVFd8XIOEyGYUCMgkhd6qlEZ5yotiWAr4AOCtrRR8vGcDH2Q6QqCroJo6A0UCbujfUdHjgAgUeS1pqKApDM4KC99wd33H-aBcihfu8VI1j-ECr53QFNNnVnPfb4nfxS5oDy8nYQ16p2-SzmgQE3txSu5W4tACLMKyvevhAfFiZ6DhmR3ePBtq-eVxD-zBrkL5Y_GDKRqnPylVB3xbQqS8KAi2wAQXWzKvlXrjz3Iz1ZBLA4SScPP4wlRDlLcTDa_O00-GCCdwp_YdOvg-kUO3plC9lYTCyE2BcxMCHmKsDEAAMTnA44Em6XVfDz78gEIKOMJJ_1B0xI74ggFav8vraZm0L389o9gt7-DWElGU_UuCfH54x_AAUVVoMWbN5nlLjvB7n8FVURK2HbkWnoftEVHeR3kv4qSOT78w87nocLwX_EjRykUdAff_cMtUu9-hTTDYItizgy1KTZx7fmpd7PmbA-8axEHpCrBPl_0j-Lza7D-crB2x0DUY9_eLjNNURR6MKsSLmV4gIO0jMGo154dhKqynFXNIIHnSk9OmgHomDVPK6fTzeIxzodxq86BdK3OOm2J-eOWt7ivN_HhIndoaBAFf871NlKxBiQbilqsPmi7zUwUW-3YH4ORf9OmAuF-PR5HgtJD7ouL7MSwWkXtBjpjBHw7rfW8Ez-blqn1bMEHVAmamkVkb4qZwf_44qXkel-m-628m_AQRmBzlaxnPvBTgIkgH4tcH_86bQ_8O1i5NgphqK9gweUKhxo11I5gt8aktg6cvLqC_i1yMTLKQlsyVg6xGORvudxgXM2eR3i5WCbwTFynxS8YWEhOByUp59_KyOjgw1chj5zw0AnZgNon-_LXdKM0HH3DiEh0Vy-0WibmR6RFx96t1Pq5zVs7x-a_-tMt51Hehu3Gm1epSZGV3kUrv0csaPKJY4OD9ltVlbaorGavznumnLpkj99iig8PL4yxrPJuAnHS2qrLWNQHKWHubzhy9DFV0rpO1vjBWBHs2yORaDPeLUIiMTMjS3X22R98Tk7ryO3iN_QiqOssy5hL8H6s6d3zIOAbrLq5ugHtJTRjPWP_90OprTRDtNMcHexxE8Hn-pK_1tWJR5D5/download,https://www.collegedata.fyi/schools/pacific-university/2025-26
209612,2025,need_fully_met_count,66,reported,H.208,https://public.boxcloud.com/d/1/b1!OwalZ0xqi83xDRPf8c1jZMrWl0MsaumOnZAlxvFj5cV_SKf-PI-u-F0m4XBrKcGiP_MJhJrHaDP7mc543ry3_xjMlFocMCSeTwx43-D-rl-LE9FJcoXnFL3067sejpxZVYjbX6EyHDAHLzSHlFbOFprY0SbhxE22y6b7T7F27C6Zl-VvKTTdXdS3PWMYI6bLvf0QuaZ2i-hfs3oeouy1EI39jcACrfdNKMnS9sdj6CsUHdD5PO0UU8dGFB4BDIalStQ7Y5G3BG568_kJcfzUPBeci8uVYD-8sk0Se5ihH3bz7b4IKxtUCHPOMGS5yKbyAQ6toToDB2pfS5JPyObxA2t17sChprSkZQDCTX7n-JxtKfe_A8rkq4AJGFX7elD87EkjQvWdwNrTkTxiCCaxFoU7Ict8zH6RVDITWR6UipGE2F6SjbBpHp--cN4WyelvwJpOOBoX10o_ghyVX05VMONJ_Ts8PVGq9g3izcm0860vVk-RLVbnK1lV4z7taWhzX0eoGN_xOQ1bhy8ZomlKkN1kCDhH7fEBwzwI1Q1WmrorFhn2UlPFtf4eU8D3EWLWXEgsBr1pWRjDWfV9zVFd8XIOEyGYUCMgkhd6qlEZ5yotiWAr4AOCtrRR8vGcDH2Q6QqCroJo6A0UCbujfUdHjgAgUeS1pqKApDM4KC99wd33H-aBcihfu8VI1j-ECr53QFNNnVnPfb4nfxS5oDy8nYQ16p2-SzmgQE3txSu5W4tACLMKyvevhAfFiZ6DhmR3ePBtq-eVxD-zBrkL5Y_GDKRqnPylVB3xbQqS8KAi2wAQXWzKvlXrjz3Iz1ZBLA4SScPP4wlRDlLcTDa_O00-GCCdwp_YdOvg-kUO3plC9lYTCyE2BcxMCHmKsDEAAMTnA44Em6XVfDz78gEIKOMJJ_1B0xI74ggFav8vraZm0L389o9gt7-DWElGU_UuCfH54x_AAUVVoMWbN5nlLjvB7n8FVURK2HbkWnoftEVHeR3kv4qSOT78w87nocLwX_EjRykUdAff_cMtUu9-hTTDYItizgy1KTZx7fmpd7PmbA-8axEHpCrBPl_0j-Lza7D-crB2x0DUY9_eLjNNURR6MKsSLmV4gIO0jMGo154dhKqynFXNIIHnSk9OmgHomDVPK6fTzeIxzodxq86BdK3OOm2J-eOWt7ivN_HhIndoaBAFf871NlKxBiQbilqsPmi7zUwUW-3YH4ORf9OmAuF-PR5HgtJD7ouL7MSwWkXtBjpjBHw7rfW8Ez-blqn1bMEHVAmamkVkb4qZwf_44qXkel-m-628m_AQRmBzlaxnPvBTgIkgH4tcH_86bQ_8O1i5NgphqK9gweUKhxo11I5gt8aktg6cvLqC_i1yMTLKQlsyVg6xGORvudxgXM2eR3i5WCbwTFynxS8YWEhOByUp59_KyOjgw1chj5zw0AnZgNon-_LXdKM0HH3DiEh0Vy-0WibmR6RFx96t1Pq5zVs7x-a_-tMt51Hehu3Gm1epSZGV3kUrv0csaPKJY4OD9ltVlbaorGavznumnLpkj99iig8PL4yxrPJuAnHS2qrLWNQHKWHubzhy9DFV0rpO1vjBWBHs2yORaDPeLUIiMTMjS3X22R98Tk7ryO3iN_QiqOssy5hL8H6s6d3zIOAbrLq5ugHtJTRjPWP_90OprTRDtNMcHexxE8Hn-pK_1tWJR5D5/download,https://www.collegedata.fyi/schools/pacific-university/2025-26
209612,2025,other_institutional_form_required,true,reported,H.807,https://public.boxcloud.com/d/1/b1!OwalZ0xqi83xDRPf8c1jZMrWl0MsaumOnZAlxvFj5cV_SKf-PI-u-F0m4XBrKcGiP_MJhJrHaDP7mc543ry3_xjMlFocMCSeTwx43-D-rl-LE9FJcoXnFL3067sejpxZVYjbX6EyHDAHLzSHlFbOFprY0SbhxE22y6b7T7F27C6Zl-VvKTTdXdS3PWMYI6bLvf0QuaZ2i-hfs3oeouy1EI39jcACrfdNKMnS9sdj6CsUHdD5PO0UU8dGFB4BDIalStQ7Y5G3BG568_kJcfzUPBeci8uVYD-8sk0Se5ihH3bz7b4IKxtUCHPOMGS5yKbyAQ6toToDB2pfS5JPyObxA2t17sChprSkZQDCTX7n-JxtKfe_A8rkq4AJGFX7elD87EkjQvWdwNrTkTxiCCaxFoU7Ict8zH6RVDITWR6UipGE2F6SjbBpHp--cN4WyelvwJpOOBoX10o_ghyVX05VMONJ_Ts8PVGq9g3izcm0860vVk-RLVbnK1lV4z7taWhzX0eoGN_xOQ1bhy8ZomlKkN1kCDhH7fEBwzwI1Q1WmrorFhn2UlPFtf4eU8D3EWLWXEgsBr1pWRjDWfV9zVFd8XIOEyGYUCMgkhd6qlEZ5yotiWAr4AOCtrRR8vGcDH2Q6QqCroJo6A0UCbujfUdHjgAgUeS1pqKApDM4KC99wd33H-aBcihfu8VI1j-ECr53QFNNnVnPfb4nfxS5oDy8nYQ16p2-SzmgQE3txSu5W4tACLMKyvevhAfFiZ6DhmR3ePBtq-eVxD-zBrkL5Y_GDKRqnPylVB3xbQqS8KAi2wAQXWzKvlXrjz3Iz1ZBLA4SScPP4wlRDlLcTDa_O00-GCCdwp_YdOvg-kUO3plC9lYTCyE2BcxMCHmKsDEAAMTnA44Em6XVfDz78gEIKOMJJ_1B0xI74ggFav8vraZm0L389o9gt7-DWElGU_UuCfH54x_AAUVVoMWbN5nlLjvB7n8FVURK2HbkWnoftEVHeR3kv4qSOT78w87nocLwX_EjRykUdAff_cMtUu9-hTTDYItizgy1KTZx7fmpd7PmbA-8axEHpCrBPl_0j-Lza7D-crB2x0DUY9_eLjNNURR6MKsSLmV4gIO0jMGo154dhKqynFXNIIHnSk9OmgHomDVPK6fTzeIxzodxq86BdK3OOm2J-eOWt7ivN_HhIndoaBAFf871NlKxBiQbilqsPmi7zUwUW-3YH4ORf9OmAuF-PR5HgtJD7ouL7MSwWkXtBjpjBHw7rfW8Ez-blqn1bMEHVAmamkVkb4qZwf_44qXkel-m-628m_AQRmBzlaxnPvBTgIkgH4tcH_86bQ_8O1i5NgphqK9gweUKhxo11I5gt8aktg6cvLqC_i1yMTLKQlsyVg6xGORvudxgXM2eR3i5WCbwTFynxS8YWEhOByUp59_KyOjgw1chj5zw0AnZgNon-_LXdKM0HH3DiEh0Vy-0WibmR6RFx96t1Pq5zVs7x-a_-tMt51Hehu3Gm1epSZGV3kUrv0csaPKJY4OD9ltVlbaorGavznumnLpkj99iig8PL4yxrPJuAnHS2qrLWNQHKWHubzhy9DFV0rpO1vjBWBHs2yORaDPeLUIiMTMjS3X22R98Tk7ryO3iN_QiqOssy5hL8H6s6d3zIOAbrLq5ugHtJTRjPWP_90OprTRDtNMcHexxE8Hn-pK_1tWJR5D5/download,https://www.collegedata.fyi/schools/pacific-university/2025-26
209825,2024,aid_awarded_freshmen_count,544,reported,H.204,https://drive.usercontent.google.com/download?id=1prgfAP2B4e2ocRosGec0dk_9Q0xu_u6q&export=download,https://www.collegedata.fyi/schools/university-of-portland/2024-25
209825,2024,avg_need_based_grant_usd,47774,reported,H.211,https://drive.usercontent.google.com/download?id=1prgfAP2B4e2ocRosGec0dk_9Q0xu_u6q&export=download,https://www.collegedata.fyi/schools/university-of-portland/2024-25
209825,2024,avg_need_met_percent,82.5,reported,H.209,https://drive.usercontent.google.com/download?id=1prgfAP2B4e2ocRosGec0dk_9Q0xu_u6q&export=download,https://www.collegedata.fyi/schools/university-of-portland/2024-25
209825,2024,fafsa_required,true,reported,H.801,https://drive.usercontent.google.com/download?id=1prgfAP2B4e2ocRosGec0dk_9Q0xu_u6q&export=download,https://www.collegedata.fyi/schools/university-of-portland/2024-25
209825,2024,need_fully_met_count,37,reported,H.208,https://drive.usercontent.google.com/download?id=1prgfAP2B4e2ocRosGec0dk_9Q0xu_u6q&export=download,https://www.collegedata.fyi/schools/university-of-portland/2024-25
209922,2024,aid_awarded_freshmen_count,189,reported,H.204,https://drive.usercontent.google.com/download?id=1o3FD7pfAbFDV4jkuw1HI0AzpIAkkNUKu&export=download,https://www.collegedata.fyi/schools/reed-college/2024-25
209922,2024,business_farm_supplement_required,,not_collected_by_us,H.806,https://drive.usercontent.google.com/download?id=1o3FD7pfAbFDV4jkuw1HI0AzpIAkkNUKu&export=download,https://www.collegedata.fyi/schools/reed-college/2024-25
209922,2024,css_profile_required,true,reported,H.803,https://drive.usercontent.google.com/download?id=1o3FD7pfAbFDV4jkuw1HI0AzpIAkkNUKu&export=download,https://www.collegedata.fyi/schools/reed-college/2024-25
209922,2024,fafsa_required,true,reported,H.801,https://drive.usercontent.google.com/download?id=1o3FD7pfAbFDV4jkuw1HI0AzpIAkkNUKu&export=download,https://www.collegedata.fyi/schools/reed-college/2024-25
209922,2024,need_fully_met_count,189,reported,H.208,https://drive.usercontent.google.com/download?id=1o3FD7pfAbFDV4jkuw1HI0AzpIAkkNUKu&export=download,https://www.collegedata.fyi/schools/reed-college/2024-25
209922,2024,noncustodial_css_profile_required,true,reported,H.805,https://drive.usercontent.google.com/download?id=1o3FD7pfAbFDV4jkuw1HI0AzpIAkkNUKu&export=download,https://www.collegedata.fyi/schools/reed-college/2024-25
210669,2025,aid_awarded_freshmen_count,234,reported,H.204,https://sites.allegheny.edu/institutional-effectiveness/files/2026/04/CDS-2025-26_AlleghenyCollege_Final.xlsx,https://www.collegedata.fyi/schools/allegheny-college/2025-26
210669,2025,avg_need_based_grant_usd,37317.0136,reported,H.211,https://sites.allegheny.edu/institutional-effectiveness/files/2026/04/CDS-2025-26_AlleghenyCollege_Final.xlsx,https://www.collegedata.fyi/schools/allegheny-college/2025-26
210669,2025,avg_need_met_percent,89.091,reported,H.209,https://sites.allegheny.edu/institutional-effectiveness/files/2026/04/CDS-2025-26_AlleghenyCollege_Final.xlsx,https://www.collegedata.fyi/schools/allegheny-college/2025-26
210669,2025,fafsa_required,true,reported,H.801,https://sites.allegheny.edu/institutional-effectiveness/files/2026/04/CDS-2025-26_AlleghenyCollege_Final.xlsx,https://www.collegedata.fyi/schools/allegheny-college/2025-26
210669,2025,need_fully_met_count,67,reported,H.208,https://sites.allegheny.edu/institutional-effectiveness/files/2026/04/CDS-2025-26_AlleghenyCollege_Final.xlsx,https://www.collegedata.fyi/schools/allegheny-college/2025-26
210739,2024,aid_awarded_freshmen_count,393,reported,H.204,https://www.desales.edu/_files/pdfs/ier/CDS_2024-2025_FINAL.pdf,https://www.collegedata.fyi/schools/desales-university/2024-25
210739,2024,avg_need_based_grant_usd,31432,reported,H.211,https://www.desales.edu/_files/pdfs/ier/CDS_2024-2025_FINAL.pdf,https://www.collegedata.fyi/schools/desales-university/2024-25
210739,2024,avg_need_met_percent,75,reported,H.209,https://www.desales.edu/_files/pdfs/ier/CDS_2024-2025_FINAL.pdf,https://www.collegedata.fyi/schools/desales-university/2024-25
210739,2024,fafsa_required,true,reported,H.801,https://www.desales.edu/_files/pdfs/ier/CDS_2024-2025_FINAL.pdf,https://www.collegedata.fyi/schools/desales-university/2024-25
210739,2024,need_fully_met_count,115,reported,H.208,https://www.desales.edu/_files/pdfs/ier/CDS_2024-2025_FINAL.pdf,https://www.collegedata.fyi/schools/desales-university/2024-25
211291,2024,aid_awarded_freshmen_count,404,reported,H.204,https://www.bucknell.edu/sites/default/files/institutional-research/common_data_set_2024-25.pdf,https://www.collegedata.fyi/schools/bucknell/2024-25
211291,2024,avg_need_based_grant_usd,53109,reported,H.211,https://www.bucknell.edu/sites/default/files/institutional-research/common_data_set_2024-25.pdf,https://www.collegedata.fyi/schools/bucknell/2024-25
211291,2024,avg_need_met_percent,92.4,reported,H.209,https://www.bucknell.edu/sites/default/files/institutional-research/common_data_set_2024-25.pdf,https://www.collegedata.fyi/schools/bucknell/2024-25
211291,2024,need_fully_met_count,113,reported,H.208,https://www.bucknell.edu/sites/default/files/institutional-research/common_data_set_2024-25.pdf,https://www.collegedata.fyi/schools/bucknell/2024-25
211440,2024,fafsa_required,true,reported,H.801,https://www.cmu.edu/ira/CDS/pdf/cds_2024-25/common-data-set-2024-2025-26jun2025.pdf,https://www.collegedata.fyi/schools/carnegie-mellon/2024-25
211440,2024,noncustodial_css_profile_required,true,reported,H.805,https://www.cmu.edu/ira/CDS/pdf/cds_2024-25/common-data-set-2024-2025-26jun2025.pdf,https://www.collegedata.fyi/schools/carnegie-mellon/2024-25
211556,2024,aid_awarded_freshmen_count,145,reported,H.204,https://www.chatham.edu/_documents/_about/cds-2024-2025.pdf,https://www.collegedata.fyi/schools/chatham-university/2024-25
211556,2024,avg_need_based_grant_usd,1942,reported,H.211,https://www.chatham.edu/_documents/_about/cds-2024-2025.pdf,https://www.collegedata.fyi/schools/chatham-university/2024-25
211556,2024,avg_need_met_percent,58,reported,H.209,https://www.chatham.edu/_documents/_about/cds-2024-2025.pdf,https://www.collegedata.fyi/schools/chatham-university/2024-25
211556,2024,fafsa_required,true,reported,H.801,https://www.chatham.edu/_documents/_about/cds-2024-2025.pdf,https://www.collegedata.fyi/schools/chatham-university/2024-25
211556,2024,need_fully_met_count,2,reported,H.208,https://www.chatham.edu/_documents/_about/cds-2024-2025.pdf,https://www.collegedata.fyi/schools/chatham-university/2024-25
212009,2024,aid_awarded_freshmen_count,424,reported,H.204,https://drive.usercontent.google.com/download?id=1EBQXWzp_k2jN1JV9edCVRVTziRIB5Zfp&export=download,https://www.collegedata.fyi/schools/dickinson-college/2024-25
212009,2024,avg_need_based_grant_usd,53444,reported,H.211,https://drive.usercontent.google.com/download?id=1EBQXWzp_k2jN1JV9edCVRVTziRIB5Zfp&export=download,https://www.collegedata.fyi/schools/dickinson-college/2024-25
212009,2024,avg_need_met_percent,99.8,reported,H.209,https://drive.usercontent.google.com/download?id=1EBQXWzp_k2jN1JV9edCVRVTziRIB5Zfp&export=download,https://www.collegedata.fyi/schools/dickinson-college/2024-25
212009,2024,css_profile_required,true,reported,H.803,https://drive.usercontent.google.com/download?id=1EBQXWzp_k2jN1JV9edCVRVTziRIB5Zfp&export=download,https://www.collegedata.fyi/schools/dickinson-college/2024-25
212009,2024,fafsa_required,true,reported,H.801,https://drive.usercontent.google.com/download?id=1EBQXWzp_k2jN1JV9edCVRVTziRIB5Zfp&export=download,https://www.collegedata.fyi/schools/dickinson-college/2024-25
212009,2024,need_fully_met_count,409,reported,H.208,https://drive.usercontent.google.com/download?id=1EBQXWzp_k2jN1JV9edCVRVTziRIB5Zfp&export=download,https://www.collegedata.fyi/schools/dickinson-college/2024-25
212009,2024,noncustodial_css_profile_required,true,reported,H.805,https://drive.usercontent.google.com/download?id=1EBQXWzp_k2jN1JV9edCVRVTziRIB5Zfp&export=download,https://www.collegedata.fyi/schools/dickinson-college/2024-25
212009,2024,state_aid_form_required,true,reported,H.804,https://drive.usercontent.google.com/download?id=1EBQXWzp_k2jN1JV9edCVRVTziRIB5Zfp&export=download,https://www.collegedata.fyi/schools/dickinson-college/2024-25
212054,2025,institutional_form_required,true,reported,H.802,https://drexel.edu/institutionalresearch/~/media/Drexel/Provost-Group/InstitutionalResearch/Documents/Factbook/CDS_2025-2026.pdf,https://www.collegedata.fyi/schools/drexel/2025-26
212054,2025,state_aid_form_required,true,reported,H.804,https://drexel.edu/institutionalresearch/~/media/Drexel/Provost-Group/InstitutionalResearch/Documents/Factbook/CDS_2025-2026.pdf,https://www.collegedata.fyi/schools/drexel/2025-26
212106,2025,aid_awarded_freshmen_count,916,reported,H.204,https://www.duq.edu/documents/institutionalresearch/cds-2025-2026.pdf,https://www.collegedata.fyi/schools/duquesne-university/2025-26
212106,2025,avg_need_based_grant_usd,33963,reported,H.211,https://www.duq.edu/documents/institutionalresearch/cds-2025-2026.pdf,https://www.collegedata.fyi/schools/duquesne-university/2025-26
212106,2025,avg_need_met_percent,73.1,reported,H.209,https://www.duq.edu/documents/institutionalresearch/cds-2025-2026.pdf,https://www.collegedata.fyi/schools/duquesne-university/2025-26
212106,2025,need_fully_met_count,178,reported,H.208,https://www.duq.edu/documents/institutionalresearch/cds-2025-2026.pdf,https://www.collegedata.fyi/schools/duquesne-university/2025-26
212577,2024,aid_awarded_freshmen_count,291,reported,H.204,https://www.fandm.edu/_resources/pdfs/IR_CDS%202024-25.pdf,https://www.collegedata.fyi/schools/franklin-and-marshall-college/2024-25
212577,2024,avg_need_based_grant_usd,53864,reported,H.211,https://www.fandm.edu/_resources/pdfs/IR_CDS%202024-25.pdf,https://www.collegedata.fyi/schools/franklin-and-marshall-college/2024-25
212577,2024,avg_need_met_percent,100,reported,H.209,https://www.fandm.edu/_resources/pdfs/IR_CDS%202024-25.pdf,https://www.collegedata.fyi/schools/franklin-and-marshall-college/2024-25
212577,2024,css_profile_required,true,reported,H.803,https://www.fandm.edu/_resources/pdfs/IR_CDS%202024-25.pdf,https://www.collegedata.fyi/schools/franklin-and-marshall-college/2024-25
212577,2024,fafsa_required,true,reported,H.801,https://www.fandm.edu/_resources/pdfs/IR_CDS%202024-25.pdf,https://www.collegedata.fyi/schools/franklin-and-marshall-college/2024-25
212577,2024,need_fully_met_count,291,reported,H.208,https://www.fandm.edu/_resources/pdfs/IR_CDS%202024-25.pdf,https://www.collegedata.fyi/schools/franklin-and-marshall-college/2024-25
212577,2024,noncustodial_css_profile_required,true,reported,H.805,https://www.fandm.edu/_resources/pdfs/IR_CDS%202024-25.pdf,https://www.collegedata.fyi/schools/franklin-and-marshall-college/2024-25
212674,2024,aid_awarded_freshmen_count,255,reported,H.204,https://www.gettysburg.edu/offices/institutional-research/pdfs/2025/cds_2024-2025_final.pdf,https://www.collegedata.fyi/schools/gettysburg-college/2024-25
212674,2024,avg_need_based_grant_usd,55859,reported,H.211,https://www.gettysburg.edu/offices/institutional-research/pdfs/2025/cds_2024-2025_final.pdf,https://www.collegedata.fyi/schools/gettysburg-college/2024-25
212674,2024,avg_need_met_percent,90,reported,H.209,https://www.gettysburg.edu/offices/institutional-research/pdfs/2025/cds_2024-2025_final.pdf,https://www.collegedata.fyi/schools/gettysburg-college/2024-25
212674,2024,css_profile_required,true,reported,H.803,https://www.gettysburg.edu/offices/institutional-research/pdfs/2025/cds_2024-2025_final.pdf,https://www.collegedata.fyi/schools/gettysburg-college/2024-25
212674,2024,fafsa_required,true,reported,H.801,https://www.gettysburg.edu/offices/institutional-research/pdfs/2025/cds_2024-2025_final.pdf,https://www.collegedata.fyi/schools/gettysburg-college/2024-25
212674,2024,need_fully_met_count,230,reported,H.208,https://www.gettysburg.edu/offices/institutional-research/pdfs/2025/cds_2024-2025_final.pdf,https://www.collegedata.fyi/schools/gettysburg-college/2024-25
212911,2025,aid_awarded_freshmen_count,194,reported,H.204,https://www.haverford.edu/sites/default/files/Office/President/CDS-2025-26.pdf,https://www.collegedata.fyi/schools/haverford-college/2025-26
212911,2025,avg_need_based_grant_usd,70214,reported,H.211,https://www.haverford.edu/sites/default/files/Office/President/CDS-2025-26.pdf,https://www.collegedata.fyi/schools/haverford-college/2025-26
212911,2025,avg_need_met_percent,100,reported,H.209,https://www.haverford.edu/sites/default/files/Office/President/CDS-2025-26.pdf,https://www.collegedata.fyi/schools/haverford-college/2025-26
212911,2025,css_profile_required,true,reported,H.803,https://www.haverford.edu/sites/default/files/Office/President/CDS-2025-26.pdf,https://www.collegedata.fyi/schools/haverford-college/2025-26
212911,2025,fafsa_required,true,reported,H.801,https://www.haverford.edu/sites/default/files/Office/President/CDS-2025-26.pdf,https://www.collegedata.fyi/schools/haverford-college/2025-26
212911,2025,need_fully_met_count,194,reported,H.208,https://www.haverford.edu/sites/default/files/Office/President/CDS-2025-26.pdf,https://www.collegedata.fyi/schools/haverford-college/2025-26
212911,2025,noncustodial_css_profile_required,true,reported,H.805,https://www.haverford.edu/sites/default/files/Office/President/CDS-2025-26.pdf,https://www.collegedata.fyi/schools/haverford-college/2025-26
213020,2024,aid_awarded_freshmen_count,1120,reported,H.204,https://www.iup.edu/planningandassessment/files/university_data/common_data_set/cds-2025-26-iup-for-web-2.pdf,https://www.collegedata.fyi/schools/indiana-university-of-pennsylvania-main-campus/2024-25
213020,2024,avg_need_based_grant_usd,9437,reported,H.211,https://www.iup.edu/planningandassessment/files/university_data/common_data_set/cds-2025-26-iup-for-web-2.pdf,https://www.collegedata.fyi/schools/indiana-university-of-pennsylvania-main-campus/2024-25
213020,2024,avg_need_met_percent,78,reported,H.209,https://www.iup.edu/planningandassessment/files/university_data/common_data_set/cds-2025-26-iup-for-web-2.pdf,https://www.collegedata.fyi/schools/indiana-university-of-pennsylvania-main-campus/2024-25
213020,2024,fafsa_required,true,reported,H.801,https://www.iup.edu/planningandassessment/files/university_data/common_data_set/cds-2025-26-iup-for-web-2.pdf,https://www.collegedata.fyi/schools/indiana-university-of-pennsylvania-main-campus/2024-25
213020,2024,need_fully_met_count,207,reported,H.208,https://www.iup.edu/planningandassessment/files/university_data/common_data_set/cds-2025-26-iup-for-web-2.pdf,https://www.collegedata.fyi/schools/indiana-university-of-pennsylvania-main-campus/2024-25
213020,2024,state_aid_form_required,true,reported,H.804,https://www.iup.edu/planningandassessment/files/university_data/common_data_set/cds-2025-26-iup-for-web-2.pdf,https://www.collegedata.fyi/schools/indiana-university-of-pennsylvania-main-campus/2024-25
213251,2024,aid_awarded_freshmen_count,303,reported,H.204,https://doc-0o-60-sheets.googleusercontent.com/export/54bogvaave6cua4cdnls17ksc4/16davqpundd7ihag6ehs96ml10/1776619730000/105250506097979753968/*/1c4clQ5t8nSgPFv1Wk2pihiGlehC70LuA?format=xlsx,https://www.collegedata.fyi/schools/juniata-college/2024-25
213251,2024,avg_need_based_grant_usd,37895,reported,H.211,https://doc-0o-60-sheets.googleusercontent.com/export/54bogvaave6cua4cdnls17ksc4/16davqpundd7ihag6ehs96ml10/1776619730000/105250506097979753968/*/1c4clQ5t8nSgPFv1Wk2pihiGlehC70LuA?format=xlsx,https://www.collegedata.fyi/schools/juniata-college/2024-25
213251,2024,avg_need_met_percent,75.8,reported,H.209,https://doc-0o-60-sheets.googleusercontent.com/export/54bogvaave6cua4cdnls17ksc4/16davqpundd7ihag6ehs96ml10/1776619730000/105250506097979753968/*/1c4clQ5t8nSgPFv1Wk2pihiGlehC70LuA?format=xlsx,https://www.collegedata.fyi/schools/juniata-college/2024-25
213251,2024,fafsa_required,true,reported,H.801,https://doc-0o-60-sheets.googleusercontent.com/export/54bogvaave6cua4cdnls17ksc4/16davqpundd7ihag6ehs96ml10/1776619730000/105250506097979753968/*/1c4clQ5t8nSgPFv1Wk2pihiGlehC70LuA?format=xlsx,https://www.collegedata.fyi/schools/juniata-college/2024-25
213251,2024,need_fully_met_count,164,reported,H.208,https://doc-0o-60-sheets.googleusercontent.com/export/54bogvaave6cua4cdnls17ksc4/16davqpundd7ihag6ehs96ml10/1776619730000/105250506097979753968/*/1c4clQ5t8nSgPFv1Wk2pihiGlehC70LuA?format=xlsx,https://www.collegedata.fyi/schools/juniata-college/2024-25
213349,2025,aid_awarded_freshmen_count,834,reported,H.204,https://www.kutztown.edu/Departments-Offices/G-L/InstitutionalResearch/Documents/CDS_KU_2025%20COMMON%20DATA%20SET.pdf,https://www.collegedata.fyi/schools/kutztown-university-of-pennsylvania/2025-26
213349,2025,avg_need_based_grant_usd,9048,reported,H.211,https://www.kutztown.edu/Departments-Offices/G-L/InstitutionalResearch/Documents/CDS_KU_2025%20COMMON%20DATA%20SET.pdf,https://www.collegedata.fyi/schools/kutztown-university-of-pennsylvania/2025-26
213349,2025,avg_need_met_percent,39.8,reported,H.209,https://www.kutztown.edu/Departments-Offices/G-L/InstitutionalResearch/Documents/CDS_KU_2025%20COMMON%20DATA%20SET.pdf,https://www.collegedata.fyi/schools/kutztown-university-of-pennsylvania/2025-26
213349,2025,fafsa_required,true,reported,H.801,https://www.kutztown.edu/Departments-Offices/G-L/InstitutionalResearch/Documents/CDS_KU_2025%20COMMON%20DATA%20SET.pdf,https://www.collegedata.fyi/schools/kutztown-university-of-pennsylvania/2025-26
213349,2025,need_fully_met_count,65,reported,H.208,https://www.kutztown.edu/Departments-Offices/G-L/InstitutionalResearch/Documents/CDS_KU_2025%20COMMON%20DATA%20SET.pdf,https://www.collegedata.fyi/schools/kutztown-university-of-pennsylvania/2025-26
213385,2025,aid_awarded_freshmen_count,314,reported,H.204,https://oir.lafayette.edu/wp-content/uploads/sites/196/2026/01/CDS2025-2026.pdf,https://www.collegedata.fyi/schools/lafayette-college/2025-26
213385,2025,avg_need_based_grant_usd,54031,reported,H.211,https://oir.lafayette.edu/wp-content/uploads/sites/196/2026/01/CDS2025-2026.pdf,https://www.collegedata.fyi/schools/lafayette-college/2025-26
213385,2025,avg_need_met_percent,100,reported,H.209,https://oir.lafayette.edu/wp-content/uploads/sites/196/2026/01/CDS2025-2026.pdf,https://www.collegedata.fyi/schools/lafayette-college/2025-26
213385,2025,css_profile_required,true,reported,H.803,https://oir.lafayette.edu/wp-content/uploads/sites/196/2026/01/CDS2025-2026.pdf,https://www.collegedata.fyi/schools/lafayette-college/2025-26
213385,2025,fafsa_required,true,reported,H.801,https://oir.lafayette.edu/wp-content/uploads/sites/196/2026/01/CDS2025-2026.pdf,https://www.collegedata.fyi/schools/lafayette-college/2025-26
213385,2025,need_fully_met_count,314,reported,H.208,https://oir.lafayette.edu/wp-content/uploads/sites/196/2026/01/CDS2025-2026.pdf,https://www.collegedata.fyi/schools/lafayette-college/2025-26
213385,2025,other_institutional_form_required,true,reported,H.807,https://oir.lafayette.edu/wp-content/uploads/sites/196/2026/01/CDS2025-2026.pdf,https://www.collegedata.fyi/schools/lafayette-college/2025-26
213543,2025,aid_awarded_freshmen_count,687,reported,H.204,https://data.lehigh.edu/sites/data.lehigh.edu/files/682026_CDS-2025-26_Revised_Published.pdf,https://www.collegedata.fyi/schools/lehigh/2025-26
213543,2025,avg_need_based_grant_usd,57846,reported,H.211,https://data.lehigh.edu/sites/data.lehigh.edu/files/682026_CDS-2025-26_Revised_Published.pdf,https://www.collegedata.fyi/schools/lehigh/2025-26
213543,2025,avg_need_met_percent,97,reported,H.209,https://data.lehigh.edu/sites/data.lehigh.edu/files/682026_CDS-2025-26_Revised_Published.pdf,https://www.collegedata.fyi/schools/lehigh/2025-26
213543,2025,business_farm_supplement_required,true,reported,H.806,https://data.lehigh.edu/sites/data.lehigh.edu/files/682026_CDS-2025-26_Revised_Published.pdf,https://www.collegedata.fyi/schools/lehigh/2025-26
213543,2025,css_profile_required,true,reported,H.803,https://data.lehigh.edu/sites/data.lehigh.edu/files/682026_CDS-2025-26_Revised_Published.pdf,https://www.collegedata.fyi/schools/lehigh/2025-26
213543,2025,fafsa_required,true,reported,H.801,https://data.lehigh.edu/sites/data.lehigh.edu/files/682026_CDS-2025-26_Revised_Published.pdf,https://www.collegedata.fyi/schools/lehigh/2025-26
213543,2025,need_fully_met_count,431,reported,H.208,https://data.lehigh.edu/sites/data.lehigh.edu/files/682026_CDS-2025-26_Revised_Published.pdf,https://www.collegedata.fyi/schools/lehigh/2025-26
213543,2025,noncustodial_css_profile_required,true,reported,H.805,https://data.lehigh.edu/sites/data.lehigh.edu/files/682026_CDS-2025-26_Revised_Published.pdf,https://www.collegedata.fyi/schools/lehigh/2025-26
213668,2024,aid_awarded_freshmen_count,231,reported,H.204,https://www.lycoming.edu/institutional-research/pdfs/cds-2024-2025.pdf,https://www.collegedata.fyi/schools/lycoming-college/2024-25
213668,2024,avg_need_based_grant_usd,42683,reported,H.211,https://www.lycoming.edu/institutional-research/pdfs/cds-2024-2025.pdf,https://www.collegedata.fyi/schools/lycoming-college/2024-25
213668,2024,avg_need_met_percent,88.7,reported,H.209,https://www.lycoming.edu/institutional-research/pdfs/cds-2024-2025.pdf,https://www.collegedata.fyi/schools/lycoming-college/2024-25
213668,2024,fafsa_required,true,reported,H.801,https://www.lycoming.edu/institutional-research/pdfs/cds-2024-2025.pdf,https://www.collegedata.fyi/schools/lycoming-college/2024-25
213668,2024,need_fully_met_count,56,reported,H.208,https://www.lycoming.edu/institutional-research/pdfs/cds-2024-2025.pdf,https://www.collegedata.fyi/schools/lycoming-college/2024-25
213668,2024,state_aid_form_required,true,reported,H.804,https://www.lycoming.edu/institutional-research/pdfs/cds-2024-2025.pdf,https://www.collegedata.fyi/schools/lycoming-college/2024-25
213996,2025,aid_awarded_freshmen_count,479,reported,H.204,https://www.messiah.edu/institutional-research/_files/messiah-university-cds-current-year.pdf,https://www.collegedata.fyi/schools/messiah-university/2025-26
213996,2025,avg_need_based_grant_usd,31761,reported,H.211,https://www.messiah.edu/institutional-research/_files/messiah-university-cds-current-year.pdf,https://www.collegedata.fyi/schools/messiah-university/2025-26
213996,2025,avg_need_met_percent,82,reported,H.209,https://www.messiah.edu/institutional-research/_files/messiah-university-cds-current-year.pdf,https://www.collegedata.fyi/schools/messiah-university/2025-26
213996,2025,fafsa_required,true,reported,H.801,https://www.messiah.edu/institutional-research/_files/messiah-university-cds-current-year.pdf,https://www.collegedata.fyi/schools/messiah-university/2025-26
213996,2025,need_fully_met_count,137,reported,H.208,https://www.messiah.edu/institutional-research/_files/messiah-university-cds-current-year.pdf,https://www.collegedata.fyi/schools/messiah-university/2025-26
214041,2024,aid_awarded_freshmen_count,678,reported,H.204,https://www.millersville.edu/iea/ir/cds_2024-25_final.pdf,https://www.collegedata.fyi/schools/millersville-university-of-pennsylvania/2024-25
214041,2024,avg_need_based_grant_usd,7380,reported,H.211,https://www.millersville.edu/iea/ir/cds_2024-25_final.pdf,https://www.collegedata.fyi/schools/millersville-university-of-pennsylvania/2024-25
214041,2024,avg_need_met_percent,55,reported,H.209,https://www.millersville.edu/iea/ir/cds_2024-25_final.pdf,https://www.collegedata.fyi/schools/millersville-university-of-pennsylvania/2024-25
214041,2024,fafsa_required,true,reported,H.801,https://www.millersville.edu/iea/ir/cds_2024-25_final.pdf,https://www.collegedata.fyi/schools/millersville-university-of-pennsylvania/2024-25
214041,2024,need_fully_met_count,85,reported,H.208,https://www.millersville.edu/iea/ir/cds_2024-25_final.pdf,https://www.collegedata.fyi/schools/millersville-university-of-pennsylvania/2024-25
214272,2024,aid_awarded_freshmen_count,302,reported,H.204,https://www.neumann.edu/hubfs/CDS%202025-26%20Neumann%20University%20(3).pdf?hsLang=en,https://www.collegedata.fyi/schools/neumann-university/2024-25
214272,2024,avg_need_based_grant_usd,5113,reported,H.211,https://www.neumann.edu/hubfs/CDS%202025-26%20Neumann%20University%20(3).pdf?hsLang=en,https://www.collegedata.fyi/schools/neumann-university/2024-25
214272,2024,avg_need_met_percent,89.3,reported,H.209,https://www.neumann.edu/hubfs/CDS%202025-26%20Neumann%20University%20(3).pdf?hsLang=en,https://www.collegedata.fyi/schools/neumann-university/2024-25
214272,2024,fafsa_required,true,reported,H.801,https://www.neumann.edu/hubfs/CDS%202025-26%20Neumann%20University%20(3).pdf?hsLang=en,https://www.collegedata.fyi/schools/neumann-university/2024-25
214272,2024,need_fully_met_count,89,reported,H.208,https://www.neumann.edu/hubfs/CDS%202025-26%20Neumann%20University%20(3).pdf?hsLang=en,https://www.collegedata.fyi/schools/neumann-university/2024-25
214272,2024,state_aid_form_required,true,reported,H.804,https://www.neumann.edu/hubfs/CDS%202025-26%20Neumann%20University%20(3).pdf?hsLang=en,https://www.collegedata.fyi/schools/neumann-university/2024-25
214777,2025,aid_awarded_freshmen_count,3407,reported,H.204,https://bpb-us-e1.wpmucdn.com/sites.psu.edu/dist/d/114442/files/2026/07/UniversityParkCDS_2025_2026_UniversityPark_v2.pdf,https://www.collegedata.fyi/schools/penn-state/2025-26
214777,2025,avg_need_based_grant_usd,8430,reported,H.211,https://bpb-us-e1.wpmucdn.com/sites.psu.edu/dist/d/114442/files/2026/07/UniversityParkCDS_2025_2026_UniversityPark_v2.pdf,https://www.collegedata.fyi/schools/penn-state/2025-26
214777,2025,avg_need_met_percent,68.6,reported,H.209,https://bpb-us-e1.wpmucdn.com/sites.psu.edu/dist/d/114442/files/2026/07/UniversityParkCDS_2025_2026_UniversityPark_v2.pdf,https://www.collegedata.fyi/schools/penn-state/2025-26
214777,2025,fafsa_required,true,reported,H.801,https://bpb-us-e1.wpmucdn.com/sites.psu.edu/dist/d/114442/files/2026/07/UniversityParkCDS_2025_2026_UniversityPark_v2.pdf,https://www.collegedata.fyi/schools/penn-state/2025-26
214777,2025,need_fully_met_count,1484,reported,H.208,https://bpb-us-e1.wpmucdn.com/sites.psu.edu/dist/d/114442/files/2026/07/UniversityParkCDS_2025_2026_UniversityPark_v2.pdf,https://www.collegedata.fyi/schools/penn-state/2025-26
215293,2025,aid_awarded_freshmen_count,2125,reported,H.204,https://www.ir.pitt.edu/sites/default/files/2026-08/2025-2026%20Pittsburgh%20Common%20Data%20Set.pdf,https://www.collegedata.fyi/schools/upitt/2025-26
215293,2025,avg_need_based_grant_usd,19110,reported,H.211,https://www.ir.pitt.edu/sites/default/files/2026-08/2025-2026%20Pittsburgh%20Common%20Data%20Set.pdf,https://www.collegedata.fyi/schools/upitt/2025-26
215293,2025,avg_need_met_percent,58.2,reported,H.209,https://www.ir.pitt.edu/sites/default/files/2026-08/2025-2026%20Pittsburgh%20Common%20Data%20Set.pdf,https://www.collegedata.fyi/schools/upitt/2025-26
215293,2025,need_fully_met_count,228,reported,H.208,https://www.ir.pitt.edu/sites/default/files/2026-08/2025-2026%20Pittsburgh%20Common%20Data%20Set.pdf,https://www.collegedata.fyi/schools/upitt/2025-26
215442,2024,aid_awarded_freshmen_count,418,reported,H.204,https://www.pointpark.edu/about/admindepts/institutionalresearch/media/files_cds/cds_2024_2025_final_updated_03242025.pdf,https://www.collegedata.fyi/schools/point-park-university/2024-25
215442,2024,avg_need_based_grant_usd,29703,reported,H.211,https://www.pointpark.edu/about/admindepts/institutionalresearch/media/files_cds/cds_2024_2025_final_updated_03242025.pdf,https://www.collegedata.fyi/schools/point-park-university/2024-25
215442,2024,avg_need_met_percent,76.2,reported,H.209,https://www.pointpark.edu/about/admindepts/institutionalresearch/media/files_cds/cds_2024_2025_final_updated_03242025.pdf,https://www.collegedata.fyi/schools/point-park-university/2024-25
215442,2024,fafsa_required,true,reported,H.801,https://www.pointpark.edu/about/admindepts/institutionalresearch/media/files_cds/cds_2024_2025_final_updated_03242025.pdf,https://www.collegedata.fyi/schools/point-park-university/2024-25
215442,2024,need_fully_met_count,72,reported,H.208,https://www.pointpark.edu/about/admindepts/institutionalresearch/media/files_cds/cds_2024_2025_final_updated_03242025.pdf,https://www.collegedata.fyi/schools/point-park-university/2024-25
215929,2025,aid_awarded_freshmen_count,605,reported,H.204,https://www.scranton.edu/pir/institutional-research/institutional-research-reports/2025-2026-cds.pdf,https://www.collegedata.fyi/schools/university-of-scranton/2025-26
215929,2025,avg_need_based_grant_usd,16119,reported,H.211,https://www.scranton.edu/pir/institutional-research/institutional-research-reports/2025-2026-cds.pdf,https://www.collegedata.fyi/schools/university-of-scranton/2025-26
215929,2025,avg_need_met_percent,70.2,reported,H.209,https://www.scranton.edu/pir/institutional-research/institutional-research-reports/2025-2026-cds.pdf,https://www.collegedata.fyi/schools/university-of-scranton/2025-26
215929,2025,fafsa_required,true,reported,H.801,https://www.scranton.edu/pir/institutional-research/institutional-research-reports/2025-2026-cds.pdf,https://www.collegedata.fyi/schools/university-of-scranton/2025-26
215929,2025,need_fully_met_count,165,reported,H.208,https://www.scranton.edu/pir/institutional-research/institutional-research-reports/2025-2026-cds.pdf,https://www.collegedata.fyi/schools/university-of-scranton/2025-26
215929,2025,state_aid_form_required,true,reported,H.804,https://www.scranton.edu/pir/institutional-research/institutional-research-reports/2025-2026-cds.pdf,https://www.collegedata.fyi/schools/university-of-scranton/2025-26
216287,2025,aid_awarded_freshmen_count,240,reported,H.204,https://www.swarthmore.edu/sites/default/files/assets/documents/institutional-effectiveness-research-assessment/Swarthmore-CDS-2025-26.pdf,https://www.collegedata.fyi/schools/swarthmore/2025-26
216287,2025,avg_need_based_grant_usd,74043.46,reported,H.211,https://www.swarthmore.edu/sites/default/files/assets/documents/institutional-effectiveness-research-assessment/Swarthmore-CDS-2025-26.pdf,https://www.collegedata.fyi/schools/swarthmore/2025-26
216287,2025,avg_need_met_percent,100,reported,H.209,https://www.swarthmore.edu/sites/default/files/assets/documents/institutional-effectiveness-research-assessment/Swarthmore-CDS-2025-26.pdf,https://www.collegedata.fyi/schools/swarthmore/2025-26
216287,2025,css_profile_required,true,reported,H.803,https://www.swarthmore.edu/sites/default/files/assets/documents/institutional-effectiveness-research-assessment/Swarthmore-CDS-2025-26.pdf,https://www.collegedata.fyi/schools/swarthmore/2025-26
216287,2025,fafsa_required,true,reported,H.801,https://www.swarthmore.edu/sites/default/files/assets/documents/institutional-effectiveness-research-assessment/Swarthmore-CDS-2025-26.pdf,https://www.collegedata.fyi/schools/swarthmore/2025-26
216287,2025,institutional_form_required,true,reported,H.802,https://www.swarthmore.edu/sites/default/files/assets/documents/institutional-effectiveness-research-assessment/Swarthmore-CDS-2025-26.pdf,https://www.collegedata.fyi/schools/swarthmore/2025-26
216287,2025,need_fully_met_count,240,reported,H.208,https://www.swarthmore.edu/sites/default/files/assets/documents/institutional-effectiveness-research-assessment/Swarthmore-CDS-2025-26.pdf,https://www.collegedata.fyi/schools/swarthmore/2025-26
216287,2025,noncustodial_css_profile_required,true,reported,H.805,https://www.swarthmore.edu/sites/default/files/assets/documents/institutional-effectiveness-research-assessment/Swarthmore-CDS-2025-26.pdf,https://www.collegedata.fyi/schools/swarthmore/2025-26
216287,2025,other_institutional_form_required,true,reported,H.807,https://www.swarthmore.edu/sites/default/files/assets/documents/institutional-effectiveness-research-assessment/Swarthmore-CDS-2025-26.pdf,https://www.collegedata.fyi/schools/swarthmore/2025-26
216597,2024,aid_awarded_freshmen_count,748,reported,H.204,https://drive.usercontent.google.com/download?id=1TJi4oOjU6bQQIdhnpeaPWgfwHb_tq_60&export=download,https://www.collegedata.fyi/schools/villanova-university/2024-25
216597,2024,avg_need_based_grant_usd,52017,reported,H.211,https://drive.usercontent.google.com/download?id=1TJi4oOjU6bQQIdhnpeaPWgfwHb_tq_60&export=download,https://www.collegedata.fyi/schools/villanova-university/2024-25
216597,2024,avg_need_met_percent,,not_collected_by_us,H.209,https://drive.usercontent.google.com/download?id=1TJi4oOjU6bQQIdhnpeaPWgfwHb_tq_60&export=download,https://www.collegedata.fyi/schools/villanova-university/2024-25
216597,2024,business_farm_supplement_required,,not_collected_by_us,H.806,https://drive.usercontent.google.com/download?id=1TJi4oOjU6bQQIdhnpeaPWgfwHb_tq_60&export=download,https://www.collegedata.fyi/schools/villanova-university/2024-25
216597,2024,css_profile_required,true,reported,H.803,https://drive.usercontent.google.com/download?id=1TJi4oOjU6bQQIdhnpeaPWgfwHb_tq_60&export=download,https://www.collegedata.fyi/schools/villanova-university/2024-25
216597,2024,fafsa_required,true,reported,H.801,https://drive.usercontent.google.com/download?id=1TJi4oOjU6bQQIdhnpeaPWgfwHb_tq_60&export=download,https://www.collegedata.fyi/schools/villanova-university/2024-25
216597,2024,need_fully_met_count,201,reported,H.208,https://drive.usercontent.google.com/download?id=1TJi4oOjU6bQQIdhnpeaPWgfwHb_tq_60&export=download,https://www.collegedata.fyi/schools/villanova-university/2024-25
216764,2025,aid_awarded_freshmen_count,1509,reported,H.204,https://www.wcupa.edu/deputy-provost/institutionalResearch/documents/CDS_2025-2026%20Final.pdf,https://www.collegedata.fyi/schools/west-chester-university-of-pennsylvania/2025-26
216764,2025,avg_need_based_grant_usd,7267,reported,H.211,https://www.wcupa.edu/deputy-provost/institutionalResearch/documents/CDS_2025-2026%20Final.pdf,https://www.collegedata.fyi/schools/west-chester-university-of-pennsylvania/2025-26
216764,2025,avg_need_met_percent,52.3,reported,H.209,https://www.wcupa.edu/deputy-provost/institutionalResearch/documents/CDS_2025-2026%20Final.pdf,https://www.collegedata.fyi/schools/west-chester-university-of-pennsylvania/2025-26
216764,2025,need_fully_met_count,141,reported,H.208,https://www.wcupa.edu/deputy-provost/institutionalResearch/documents/CDS_2025-2026%20Final.pdf,https://www.collegedata.fyi/schools/west-chester-university-of-pennsylvania/2025-26
216931,2025,aid_awarded_freshmen_count,441,reported,H.204,https://www.wilkes.edu/about-wilkes/offices-and-administration/institutional-research/_assets/Wilkes%20University%20CDS_2025-26.pdf,https://www.collegedata.fyi/schools/wilkes-university/2025-26
216931,2025,avg_need_based_grant_usd,32172,reported,H.211,https://www.wilkes.edu/about-wilkes/offices-and-administration/institutional-research/_assets/Wilkes%20University%20CDS_2025-26.pdf,https://www.collegedata.fyi/schools/wilkes-university/2025-26
216931,2025,avg_need_met_percent,81.7,reported,H.209,https://www.wilkes.edu/about-wilkes/offices-and-administration/institutional-research/_assets/Wilkes%20University%20CDS_2025-26.pdf,https://www.collegedata.fyi/schools/wilkes-university/2025-26
216931,2025,fafsa_required,true,reported,H.801,https://www.wilkes.edu/about-wilkes/offices-and-administration/institutional-research/_assets/Wilkes%20University%20CDS_2025-26.pdf,https://www.collegedata.fyi/schools/wilkes-university/2025-26
216931,2025,need_fully_met_count,97,reported,H.208,https://www.wilkes.edu/about-wilkes/offices-and-administration/institutional-research/_assets/Wilkes%20University%20CDS_2025-26.pdf,https://www.collegedata.fyi/schools/wilkes-university/2025-26
217156,2024,aid_awarded_freshmen_count,829,reported,H.204,https://oir.brown.edu/sites/default/files/2020-04/CDS_2024_2025.pdf,https://www.collegedata.fyi/schools/brown/2024-25
217156,2024,avg_need_based_grant_usd,65370,reported,H.211,https://oir.brown.edu/sites/default/files/2020-04/CDS_2024_2025.pdf,https://www.collegedata.fyi/schools/brown/2024-25
217156,2024,avg_need_met_percent,100,reported,H.209,https://oir.brown.edu/sites/default/files/2020-04/CDS_2024_2025.pdf,https://www.collegedata.fyi/schools/brown/2024-25
217156,2024,need_fully_met_count,829,reported,H.208,https://oir.brown.edu/sites/default/files/2020-04/CDS_2024_2025.pdf,https://www.collegedata.fyi/schools/brown/2024-25
217402,2024,aid_awarded_freshmen_count,579,reported,H.204,https://drive.usercontent.google.com/download?id=1eoVemsrMuPO0W0u6_xOsnSBa0y9ITAbp&export=download,https://www.collegedata.fyi/schools/providence-college/2024-25
217402,2024,avg_need_based_grant_usd,42855,reported,H.211,https://drive.usercontent.google.com/download?id=1eoVemsrMuPO0W0u6_xOsnSBa0y9ITAbp&export=download,https://www.collegedata.fyi/schools/providence-college/2024-25
217402,2024,avg_need_met_percent,92.92,reported,H.209,https://drive.usercontent.google.com/download?id=1eoVemsrMuPO0W0u6_xOsnSBa0y9ITAbp&export=download,https://www.collegedata.fyi/schools/providence-college/2024-25
217402,2024,css_profile_required,true,reported,H.803,https://drive.usercontent.google.com/download?id=1eoVemsrMuPO0W0u6_xOsnSBa0y9ITAbp&export=download,https://www.collegedata.fyi/schools/providence-college/2024-25
217402,2024,fafsa_required,true,reported,H.801,https://drive.usercontent.google.com/download?id=1eoVemsrMuPO0W0u6_xOsnSBa0y9ITAbp&export=download,https://www.collegedata.fyi/schools/providence-college/2024-25
217402,2024,need_fully_met_count,243,reported,H.208,https://drive.usercontent.google.com/download?id=1eoVemsrMuPO0W0u6_xOsnSBa0y9ITAbp&export=download,https://www.collegedata.fyi/schools/providence-college/2024-25
217402,2024,other_institutional_form_required,true,reported,H.807,https://drive.usercontent.google.com/download?id=1eoVemsrMuPO0W0u6_xOsnSBa0y9ITAbp&export=download,https://www.collegedata.fyi/schools/providence-college/2024-25
217420,2024,aid_awarded_freshmen_count,814,reported,H.204,https://www.ric.edu/documents/common-data-set,https://www.collegedata.fyi/schools/rhode-island-college/2024-25
217420,2024,avg_need_based_grant_usd,9215.09,reported,H.211,https://www.ric.edu/documents/common-data-set,https://www.collegedata.fyi/schools/rhode-island-college/2024-25
217420,2024,avg_need_met_percent,73,reported,H.209,https://www.ric.edu/documents/common-data-set,https://www.collegedata.fyi/schools/rhode-island-college/2024-25
217420,2024,fafsa_required,true,reported,H.801,https://www.ric.edu/documents/common-data-set,https://www.collegedata.fyi/schools/rhode-island-college/2024-25
217420,2024,need_fully_met_count,196,reported,H.208,https://www.ric.edu/documents/common-data-set,https://www.collegedata.fyi/schools/rhode-island-college/2024-25
217484,2025,aid_awarded_freshmen_count,2277,reported,H.204,https://web.uri.edu/ir/wp-content/uploads/sites/276/CDS-PDF-2025-2026_fillablePDF.pdf,https://www.collegedata.fyi/schools/university-of-rhode-island/2025-26
217484,2025,avg_need_based_grant_usd,14829,reported,H.211,https://web.uri.edu/ir/wp-content/uploads/sites/276/CDS-PDF-2025-2026_fillablePDF.pdf,https://www.collegedata.fyi/schools/university-of-rhode-island/2025-26
217484,2025,avg_need_met_percent,64,reported,H.209,https://web.uri.edu/ir/wp-content/uploads/sites/276/CDS-PDF-2025-2026_fillablePDF.pdf,https://www.collegedata.fyi/schools/university-of-rhode-island/2025-26
217484,2025,fafsa_required,true,reported,H.801,https://web.uri.edu/ir/wp-content/uploads/sites/276/CDS-PDF-2025-2026_fillablePDF.pdf,https://www.collegedata.fyi/schools/university-of-rhode-island/2025-26
217484,2025,need_fully_met_count,869,reported,H.208,https://web.uri.edu/ir/wp-content/uploads/sites/276/CDS-PDF-2025-2026_fillablePDF.pdf,https://www.collegedata.fyi/schools/university-of-rhode-island/2025-26
217864,2025,aid_awarded_freshmen_count,340,reported,H.204,https://www.citadel.edu/institutional-research/wp-content/uploads/sites/75/CDS-2025-26-Excel_For-Website.xlsx,https://www.collegedata.fyi/schools/citadel-military-college-of-south-carolina/2025-26
217864,2025,avg_need_based_grant_usd,18006.5357,reported,H.211,https://www.citadel.edu/institutional-research/wp-content/uploads/sites/75/CDS-2025-26-Excel_For-Website.xlsx,https://www.collegedata.fyi/schools/citadel-military-college-of-south-carolina/2025-26
217864,2025,avg_need_met_percent,56.91,reported,H.209,https://www.citadel.edu/institutional-research/wp-content/uploads/sites/75/CDS-2025-26-Excel_For-Website.xlsx,https://www.collegedata.fyi/schools/citadel-military-college-of-south-carolina/2025-26
217864,2025,fafsa_required,true,reported,H.801,https://www.citadel.edu/institutional-research/wp-content/uploads/sites/75/CDS-2025-26-Excel_For-Website.xlsx,https://www.collegedata.fyi/schools/citadel-military-college-of-south-carolina/2025-26
217864,2025,need_fully_met_count,60,reported,H.208,https://www.citadel.edu/institutional-research/wp-content/uploads/sites/75/CDS-2025-26-Excel_For-Website.xlsx,https://www.collegedata.fyi/schools/citadel-military-college-of-south-carolina/2025-26
217882,2024,aid_awarded_freshmen_count,2008,reported,H.204,https://drive.usercontent.google.com/download?id=1lgFGWD7h6i7J0ZzYy1p-6c4d26Is1Kgj&export=download,https://www.collegedata.fyi/schools/clemson/2024-25
217882,2024,avg_need_based_grant_usd,13154,reported,H.211,https://drive.usercontent.google.com/download?id=1lgFGWD7h6i7J0ZzYy1p-6c4d26Is1Kgj&export=download,https://www.collegedata.fyi/schools/clemson/2024-25
217882,2024,avg_need_met_percent,49,reported,H.209,https://drive.usercontent.google.com/download?id=1lgFGWD7h6i7J0ZzYy1p-6c4d26Is1Kgj&export=download,https://www.collegedata.fyi/schools/clemson/2024-25
217882,2024,fafsa_required,true,reported,H.801,https://drive.usercontent.google.com/download?id=1lgFGWD7h6i7J0ZzYy1p-6c4d26Is1Kgj&export=download,https://www.collegedata.fyi/schools/clemson/2024-25
217882,2024,need_fully_met_count,237,reported,H.208,https://drive.usercontent.google.com/download?id=1lgFGWD7h6i7J0ZzYy1p-6c4d26Is1Kgj&export=download,https://www.collegedata.fyi/schools/clemson/2024-25
218645,2024,fafsa_required,true,reported,H.801,https://drive.usercontent.google.com/download?id=1NL9FMDkvcWRsIrwu26wWK1w2cLsdr-C1&export=download,https://www.collegedata.fyi/schools/university-of-south-carolina-aiken/2024-25
218663,2024,fafsa_required,true,reported,H.801,http://oiraa.dw.sc.edu/cds/cds2024/CDS_2024-2025.pdf,https://www.collegedata.fyi/schools/university-of-south-carolina-columbia/2024-25
218724,2024,aid_awarded_freshmen_count,1806,reported,H.204,https://drive.usercontent.google.com/download?id=1hyAZ9FlsdI_z6JAY8ZiuulcTtLEwEWbe&export=download,https://www.collegedata.fyi/schools/coastal-carolina-university/2024-25
218724,2024,avg_need_based_grant_usd,12949.76,reported,H.211,https://drive.usercontent.google.com/download?id=1hyAZ9FlsdI_z6JAY8ZiuulcTtLEwEWbe&export=download,https://www.collegedata.fyi/schools/coastal-carolina-university/2024-25
218724,2024,avg_need_met_percent,58.1,reported,H.209,https://drive.usercontent.google.com/download?id=1hyAZ9FlsdI_z6JAY8ZiuulcTtLEwEWbe&export=download,https://www.collegedata.fyi/schools/coastal-carolina-university/2024-25
218724,2024,fafsa_required,true,reported,H.801,https://drive.usercontent.google.com/download?id=1hyAZ9FlsdI_z6JAY8ZiuulcTtLEwEWbe&export=download,https://www.collegedata.fyi/schools/coastal-carolina-university/2024-25
218724,2024,need_fully_met_count,246,reported,H.208,https://drive.usercontent.google.com/download?id=1hyAZ9FlsdI_z6JAY8ZiuulcTtLEwEWbe&export=download,https://www.collegedata.fyi/schools/coastal-carolina-university/2024-25
218964,2024,aid_awarded_freshmen_count,676,reported,H.204,https://www.winthrop.edu/uploadedFiles/institutional-effectiveness/cds202425.pdf,https://www.collegedata.fyi/schools/winthrop-university/2024-25
218964,2024,avg_need_based_grant_usd,14528,reported,H.211,https://www.winthrop.edu/uploadedFiles/institutional-effectiveness/cds202425.pdf,https://www.collegedata.fyi/schools/winthrop-university/2024-25
218964,2024,avg_need_met_percent,59,reported,H.209,https://www.winthrop.edu/uploadedFiles/institutional-effectiveness/cds202425.pdf,https://www.collegedata.fyi/schools/winthrop-university/2024-25
218964,2024,need_fully_met_count,62,reported,H.208,https://www.winthrop.edu/uploadedFiles/institutional-effectiveness/cds202425.pdf,https://www.collegedata.fyi/schools/winthrop-university/2024-25
219000,2025,aid_awarded_freshmen_count,375,reported,H.204,https://www.augie.edu/sites/default/files/documents/2026-06/2025-2026-CDS.xlsx,https://www.collegedata.fyi/schools/augustana-university/2025-26
219000,2025,avg_need_based_grant_usd,33503,reported,H.211,https://www.augie.edu/sites/default/files/documents/2026-06/2025-2026-CDS.xlsx,https://www.collegedata.fyi/schools/augustana-university/2025-26
219000,2025,avg_need_met_percent,87.13,reported,H.209,https://www.augie.edu/sites/default/files/documents/2026-06/2025-2026-CDS.xlsx,https://www.collegedata.fyi/schools/augustana-university/2025-26
219000,2025,need_fully_met_count,136,reported,H.208,https://www.augie.edu/sites/default/files/documents/2026-06/2025-2026-CDS.xlsx,https://www.collegedata.fyi/schools/augustana-university/2025-26
219082,2025,aid_awarded_freshmen_count,181,reported,H.204,https://blogs.dsu.edu/wp-content/uploads/sites/19/2026/04/CDS_2025-2026-Dakota-State-University_for-Publication.pdf,https://www.collegedata.fyi/schools/dakota-state-university/2025-26
219082,2025,avg_need_based_grant_usd,6011,reported,H.211,https://blogs.dsu.edu/wp-content/uploads/sites/19/2026/04/CDS_2025-2026-Dakota-State-University_for-Publication.pdf,https://www.collegedata.fyi/schools/dakota-state-university/2025-26
219082,2025,avg_need_met_percent,64.4,reported,H.209,https://blogs.dsu.edu/wp-content/uploads/sites/19/2026/04/CDS_2025-2026-Dakota-State-University_for-Publication.pdf,https://www.collegedata.fyi/schools/dakota-state-university/2025-26
219082,2025,need_fully_met_count,39,reported,H.208,https://blogs.dsu.edu/wp-content/uploads/sites/19/2026/04/CDS_2025-2026-Dakota-State-University_for-Publication.pdf,https://www.collegedata.fyi/schools/dakota-state-university/2025-26
219471,2024,aid_awarded_freshmen_count,650,reported,H.204,https://www.usd.edu/-/media/Project/USD/DotEdu/About/Departments-Offices-and-Resources/Institutional-Research-Planning-and-Assessment/USD-Common-Data-Set.pdf?rev=1ddcb14196e140a9bec776ebd5bc7b88&hash=F12AD65AC125F221B48CB947AD4702C0,https://www.collegedata.fyi/schools/university-of-south-dakota/2024-25
219471,2024,avg_need_based_grant_usd,6597,reported,H.211,https://www.usd.edu/-/media/Project/USD/DotEdu/About/Departments-Offices-and-Resources/Institutional-Research-Planning-and-Assessment/USD-Common-Data-Set.pdf?rev=1ddcb14196e140a9bec776ebd5bc7b88&hash=F12AD65AC125F221B48CB947AD4702C0,https://www.collegedata.fyi/schools/university-of-south-dakota/2024-25
219471,2024,avg_need_met_percent,60.5,reported,H.209,https://www.usd.edu/-/media/Project/USD/DotEdu/About/Departments-Offices-and-Resources/Institutional-Research-Planning-and-Assessment/USD-Common-Data-Set.pdf?rev=1ddcb14196e140a9bec776ebd5bc7b88&hash=F12AD65AC125F221B48CB947AD4702C0,https://www.collegedata.fyi/schools/university-of-south-dakota/2024-25
219471,2024,need_fully_met_count,115,reported,H.208,https://www.usd.edu/-/media/Project/USD/DotEdu/About/Departments-Offices-and-Resources/Institutional-Research-Planning-and-Assessment/USD-Common-Data-Set.pdf?rev=1ddcb14196e140a9bec776ebd5bc7b88&hash=F12AD65AC125F221B48CB947AD4702C0,https://www.collegedata.fyi/schools/university-of-south-dakota/2024-25
219602,2024,aid_awarded_freshmen_count,1186,reported,H.204,https://www.apsu.edu/institutional-research/common_data_set/CDS-2024-2025.pdf,https://www.collegedata.fyi/schools/austin-peay-state-university/2024-25
219602,2024,avg_need_based_grant_usd,4211,reported,H.211,https://www.apsu.edu/institutional-research/common_data_set/CDS-2024-2025.pdf,https://www.collegedata.fyi/schools/austin-peay-state-university/2024-25
219602,2024,avg_need_met_percent,,not_collected_by_us,H.209,https://www.apsu.edu/institutional-research/common_data_set/CDS-2024-2025.pdf,https://www.collegedata.fyi/schools/austin-peay-state-university/2024-25
219602,2024,fafsa_required,true,reported,H.801,https://www.apsu.edu/institutional-research/common_data_set/CDS-2024-2025.pdf,https://www.collegedata.fyi/schools/austin-peay-state-university/2024-25
219976,2024,aid_awarded_freshmen_count,467,reported,H.204,https://lipscomb.edu/sites/default/files/2025-10/CDS%202024%202025%20Lipscomb%20University%20Complete.pdf,https://www.collegedata.fyi/schools/lipscomb-university/2024-25
219976,2024,avg_need_based_grant_usd,34281,reported,H.211,https://lipscomb.edu/sites/default/files/2025-10/CDS%202024%202025%20Lipscomb%20University%20Complete.pdf,https://www.collegedata.fyi/schools/lipscomb-university/2024-25
219976,2024,avg_need_met_percent,73.9,reported,H.209,https://lipscomb.edu/sites/default/files/2025-10/CDS%202024%202025%20Lipscomb%20University%20Complete.pdf,https://www.collegedata.fyi/schools/lipscomb-university/2024-25
219976,2024,fafsa_required,true,reported,H.801,https://lipscomb.edu/sites/default/files/2025-10/CDS%202024%202025%20Lipscomb%20University%20Complete.pdf,https://www.collegedata.fyi/schools/lipscomb-university/2024-25
219976,2024,need_fully_met_count,100,reported,H.208,https://lipscomb.edu/sites/default/files/2025-10/CDS%202024%202025%20Lipscomb%20University%20Complete.pdf,https://www.collegedata.fyi/schools/lipscomb-university/2024-25
220613,2025,aid_awarded_freshmen_count,363,reported,H.204,https://www.leeuniversity.edu/wp-content/uploads/2025-2026-CDS-1-1.pdf,https://www.collegedata.fyi/schools/lee-university/2025-26
220613,2025,avg_need_based_grant_usd,19155,reported,H.211,https://www.leeuniversity.edu/wp-content/uploads/2025-2026-CDS-1-1.pdf,https://www.collegedata.fyi/schools/lee-university/2025-26
220613,2025,avg_need_met_percent,68.14,reported,H.209,https://www.leeuniversity.edu/wp-content/uploads/2025-2026-CDS-1-1.pdf,https://www.collegedata.fyi/schools/lee-university/2025-26
220613,2025,need_fully_met_count,71,reported,H.208,https://www.leeuniversity.edu/wp-content/uploads/2025-2026-CDS-1-1.pdf,https://www.collegedata.fyi/schools/lee-university/2025-26
220978,2024,aid_awarded_freshmen_count,1829,reported,H.204,https://iepr.mtsu.edu/wp-content/uploads/sites/23/2025/02/CDS_2024_2025.pdf,https://www.collegedata.fyi/schools/middle-tennessee-state-university/2024-25
220978,2024,avg_need_based_grant_usd,7862,reported,H.211,https://iepr.mtsu.edu/wp-content/uploads/sites/23/2025/02/CDS_2024_2025.pdf,https://www.collegedata.fyi/schools/middle-tennessee-state-university/2024-25
220978,2024,avg_need_met_percent,66,reported,H.209,https://iepr.mtsu.edu/wp-content/uploads/sites/23/2025/02/CDS_2024_2025.pdf,https://www.collegedata.fyi/schools/middle-tennessee-state-university/2024-25
220978,2024,need_fully_met_count,282,reported,H.208,https://iepr.mtsu.edu/wp-content/uploads/sites/23/2025/02/CDS_2024_2025.pdf,https://www.collegedata.fyi/schools/middle-tennessee-state-university/2024-25
221351,2025,aid_awarded_freshmen_count,269,reported,H.204,https://www.rhodes.edu/sites/default/files/2026-05/CDS_2025-26_(New_Update).xlsx,https://www.collegedata.fyi/schools/rhodes-college/2025-26
221351,2025,avg_need_based_grant_usd,47387,reported,H.211,https://www.rhodes.edu/sites/default/files/2026-05/CDS_2025-26_(New_Update).xlsx,https://www.collegedata.fyi/schools/rhodes-college/2025-26
221351,2025,avg_need_met_percent,88.85,reported,H.209,https://www.rhodes.edu/sites/default/files/2026-05/CDS_2025-26_(New_Update).xlsx,https://www.collegedata.fyi/schools/rhodes-college/2025-26
221351,2025,css_profile_required,true,reported,H.803,https://www.rhodes.edu/sites/default/files/2026-05/CDS_2025-26_(New_Update).xlsx,https://www.collegedata.fyi/schools/rhodes-college/2025-26
221351,2025,fafsa_required,true,reported,H.801,https://www.rhodes.edu/sites/default/files/2026-05/CDS_2025-26_(New_Update).xlsx,https://www.collegedata.fyi/schools/rhodes-college/2025-26
221351,2025,need_fully_met_count,106,reported,H.208,https://www.rhodes.edu/sites/default/files/2026-05/CDS_2025-26_(New_Update).xlsx,https://www.collegedata.fyi/schools/rhodes-college/2025-26
221740,2025,aid_awarded_freshmen_count,1503,reported,H.204,https://www.utc.edu/sites/default/files/2026-06/cds-2025-2026.pdf,https://www.collegedata.fyi/schools/the-university-of-tennessee-chattanooga/2025-26
221740,2025,avg_need_based_grant_usd,12398,reported,H.211,https://www.utc.edu/sites/default/files/2026-06/cds-2025-2026.pdf,https://www.collegedata.fyi/schools/the-university-of-tennessee-chattanooga/2025-26
221740,2025,avg_need_met_percent,66,reported,H.209,https://www.utc.edu/sites/default/files/2026-06/cds-2025-2026.pdf,https://www.collegedata.fyi/schools/the-university-of-tennessee-chattanooga/2025-26
221740,2025,fafsa_required,true,reported,H.801,https://www.utc.edu/sites/default/files/2026-06/cds-2025-2026.pdf,https://www.collegedata.fyi/schools/the-university-of-tennessee-chattanooga/2025-26
221740,2025,need_fully_met_count,30,reported,H.208,https://www.utc.edu/sites/default/files/2026-06/cds-2025-2026.pdf,https://www.collegedata.fyi/schools/the-university-of-tennessee-chattanooga/2025-26
221740,2025,other_institutional_form_required,true,reported,H.807,https://www.utc.edu/sites/default/files/2026-06/cds-2025-2026.pdf,https://www.collegedata.fyi/schools/the-university-of-tennessee-chattanooga/2025-26
221759,2025,aid_awarded_freshmen_count,2659,reported,H.204,https://irsa.utk.edu/wp-content/uploads/sites/5/2026/07/CDS_2025-26_All__-1.pdf,https://www.collegedata.fyi/schools/the-university-of-tennessee-knoxville/2025-26
221759,2025,avg_need_based_grant_usd,15874,reported,H.211,https://irsa.utk.edu/wp-content/uploads/sites/5/2026/07/CDS_2025-26_All__-1.pdf,https://www.collegedata.fyi/schools/the-university-of-tennessee-knoxville/2025-26
221759,2025,avg_need_met_percent,58.8,reported,H.209,https://irsa.utk.edu/wp-content/uploads/sites/5/2026/07/CDS_2025-26_All__-1.pdf,https://www.collegedata.fyi/schools/the-university-of-tennessee-knoxville/2025-26
221759,2025,fafsa_required,true,reported,H.801,https://irsa.utk.edu/wp-content/uploads/sites/5/2026/07/CDS_2025-26_All__-1.pdf,https://www.collegedata.fyi/schools/the-university-of-tennessee-knoxville/2025-26
221759,2025,need_fully_met_count,482,reported,H.208,https://irsa.utk.edu/wp-content/uploads/sites/5/2026/07/CDS_2025-26_All__-1.pdf,https://www.collegedata.fyi/schools/the-university-of-tennessee-knoxville/2025-26
221847,2025,avg_need_based_grant_usd,8320,reported,H.211,https://www.tntech.edu/iare/pdf/institutional_research/CDS-PDF-2025-2026_ADA.pdf,https://www.collegedata.fyi/schools/tennessee-technological-university/2025-26
221847,2025,avg_need_met_percent,57,reported,H.209,https://www.tntech.edu/iare/pdf/institutional_research/CDS-PDF-2025-2026_ADA.pdf,https://www.collegedata.fyi/schools/tennessee-technological-university/2025-26
221847,2025,fafsa_required,true,reported,H.801,https://www.tntech.edu/iare/pdf/institutional_research/CDS-PDF-2025-2026_ADA.pdf,https://www.collegedata.fyi/schools/tennessee-technological-university/2025-26
221999,2025,aid_awarded_freshmen_count,808,reported,H.204,https://cdn.vanderbilt.edu/vu-wpfsx/wp-content/uploads/sites/70/2026/07/CDS_2025-2026.xlsx,https://www.collegedata.fyi/schools/vanderbilt/2025-26
221999,2025,avg_need_based_grant_usd,77563,reported,H.211,https://cdn.vanderbilt.edu/vu-wpfsx/wp-content/uploads/sites/70/2026/07/CDS_2025-2026.xlsx,https://www.collegedata.fyi/schools/vanderbilt/2025-26
221999,2025,avg_need_met_percent,100,reported,H.209,https://cdn.vanderbilt.edu/vu-wpfsx/wp-content/uploads/sites/70/2026/07/CDS_2025-2026.xlsx,https://www.collegedata.fyi/schools/vanderbilt/2025-26
221999,2025,css_profile_required,true,reported,H.803,https://cdn.vanderbilt.edu/vu-wpfsx/wp-content/uploads/sites/70/2026/07/CDS_2025-2026.xlsx,https://www.collegedata.fyi/schools/vanderbilt/2025-26
221999,2025,fafsa_required,true,reported,H.801,https://cdn.vanderbilt.edu/vu-wpfsx/wp-content/uploads/sites/70/2026/07/CDS_2025-2026.xlsx,https://www.collegedata.fyi/schools/vanderbilt/2025-26
221999,2025,need_fully_met_count,808,reported,H.208,https://cdn.vanderbilt.edu/vu-wpfsx/wp-content/uploads/sites/70/2026/07/CDS_2025-2026.xlsx,https://www.collegedata.fyi/schools/vanderbilt/2025-26
222983,2025,fafsa_required,true,reported,H.801,https://resources.finalsite.net/images/v1787333926/austincollegeedu/austincollegeedu/qfseyvgfiugcabtgawum/CDS_2025-2026.pdf,https://www.collegedata.fyi/schools/austin-college/2025-26
223232,2024,aid_awarded_freshmen_count,1881,reported,H.204,https://ir.web.baylor.edu/sites/g/files/ecbvkj1621/files/2025-04/CDS-2024-2025-Baylor%20University.pdf,https://www.collegedata.fyi/schools/baylor-university/2024-25
223232,2024,avg_need_based_grant_usd,35203,reported,H.211,https://ir.web.baylor.edu/sites/g/files/ecbvkj1621/files/2025-04/CDS-2024-2025-Baylor%20University.pdf,https://www.collegedata.fyi/schools/baylor-university/2024-25
223232,2024,avg_need_met_percent,69.8,reported,H.209,https://ir.web.baylor.edu/sites/g/files/ecbvkj1621/files/2025-04/CDS-2024-2025-Baylor%20University.pdf,https://www.collegedata.fyi/schools/baylor-university/2024-25
223232,2024,css_profile_required,true,reported,H.803,https://ir.web.baylor.edu/sites/g/files/ecbvkj1621/files/2025-04/CDS-2024-2025-Baylor%20University.pdf,https://www.collegedata.fyi/schools/baylor-university/2024-25
223232,2024,need_fully_met_count,301,reported,H.208,https://ir.web.baylor.edu/sites/g/files/ecbvkj1621/files/2025-04/CDS-2024-2025-Baylor%20University.pdf,https://www.collegedata.fyi/schools/baylor-university/2024-25
224147,2025,aid_awarded_freshmen_count,1358,reported,H.204,https://www.tamucc.edu/president/pir/cds_files/cds_2025-2026-final3.pdf,https://www.collegedata.fyi/schools/texas-a-and-m-university-corpus-christi/2025-26
224147,2025,avg_need_based_grant_usd,10401,reported,H.211,https://www.tamucc.edu/president/pir/cds_files/cds_2025-2026-final3.pdf,https://www.collegedata.fyi/schools/texas-a-and-m-university-corpus-christi/2025-26
224147,2025,avg_need_met_percent,53,reported,H.209,https://www.tamucc.edu/president/pir/cds_files/cds_2025-2026-final3.pdf,https://www.collegedata.fyi/schools/texas-a-and-m-university-corpus-christi/2025-26
224147,2025,need_fully_met_count,37,reported,H.208,https://www.tamucc.edu/president/pir/cds_files/cds_2025-2026-final3.pdf,https://www.collegedata.fyi/schools/texas-a-and-m-university-corpus-christi/2025-26
224554,2025,aid_awarded_freshmen_count,720,reported,H.204,https://www.etamu.edu/wp-content/uploads/2026/07/CDS_2025-2026-2.pdf,https://www.collegedata.fyi/schools/texas-a-and-m-university-commerce/2025-26
224554,2025,avg_need_based_grant_usd,12911,reported,H.211,https://www.etamu.edu/wp-content/uploads/2026/07/CDS_2025-2026-2.pdf,https://www.collegedata.fyi/schools/texas-a-and-m-university-commerce/2025-26
224554,2025,avg_need_met_percent,67,reported,H.209,https://www.etamu.edu/wp-content/uploads/2026/07/CDS_2025-2026-2.pdf,https://www.collegedata.fyi/schools/texas-a-and-m-university-commerce/2025-26
224554,2025,fafsa_required,true,reported,H.801,https://www.etamu.edu/wp-content/uploads/2026/07/CDS_2025-2026-2.pdf,https://www.collegedata.fyi/schools/texas-a-and-m-university-commerce/2025-26
224554,2025,need_fully_met_count,104,reported,H.208,https://www.etamu.edu/wp-content/uploads/2026/07/CDS_2025-2026-2.pdf,https://www.collegedata.fyi/schools/texas-a-and-m-university-commerce/2025-26
225432,2025,aid_awarded_freshmen_count,799,reported,H.204,https://www.uhd.edu/documents/provost/ie/institutional-research/common-data-set/cds-2025-2026.pdf,https://www.collegedata.fyi/schools/university-of-houston-downtown/2025-26
225432,2025,avg_need_based_grant_usd,8471,reported,H.211,https://www.uhd.edu/documents/provost/ie/institutional-research/common-data-set/cds-2025-2026.pdf,https://www.collegedata.fyi/schools/university-of-houston-downtown/2025-26
225432,2025,avg_need_met_percent,58.6,reported,H.209,https://www.uhd.edu/documents/provost/ie/institutional-research/common-data-set/cds-2025-2026.pdf,https://www.collegedata.fyi/schools/university-of-houston-downtown/2025-26
225432,2025,fafsa_required,true,reported,H.801,https://www.uhd.edu/documents/provost/ie/institutional-research/common-data-set/cds-2025-2026.pdf,https://www.collegedata.fyi/schools/university-of-houston-downtown/2025-26
225432,2025,need_fully_met_count,88,reported,H.208,https://www.uhd.edu/documents/provost/ie/institutional-research/common-data-set/cds-2025-2026.pdf,https://www.collegedata.fyi/schools/university-of-houston-downtown/2025-26
225511,2025,aid_awarded_freshmen_count,4174,reported,H.204,https://www.uh.edu/ir/reports/common-data-sets/cds-data/common_data_set_2025-2026_final.xlsx,https://www.collegedata.fyi/schools/university-of-houston/2025-26
225511,2025,avg_need_based_grant_usd,12066,reported,H.211,https://www.uh.edu/ir/reports/common-data-sets/cds-data/common_data_set_2025-2026_final.xlsx,https://www.collegedata.fyi/schools/university-of-houston/2025-26
225511,2025,avg_need_met_percent,56.9,reported,H.209,https://www.uh.edu/ir/reports/common-data-sets/cds-data/common_data_set_2025-2026_final.xlsx,https://www.collegedata.fyi/schools/university-of-houston/2025-26
225511,2025,fafsa_required,true,reported,H.801,https://www.uh.edu/ir/reports/common-data-sets/cds-data/common_data_set_2025-2026_final.xlsx,https://www.collegedata.fyi/schools/university-of-houston/2025-26
225511,2025,need_fully_met_count,418,reported,H.208,https://www.uh.edu/ir/reports/common-data-sets/cds-data/common_data_set_2025-2026_final.xlsx,https://www.collegedata.fyi/schools/university-of-houston/2025-26
225511,2025,state_aid_form_required,true,reported,H.804,https://www.uh.edu/ir/reports/common-data-sets/cds-data/common_data_set_2025-2026_final.xlsx,https://www.collegedata.fyi/schools/university-of-houston/2025-26
225627,2024,aid_awarded_freshmen_count,914,reported,H.204,https://my.uiw.edu/ir/_docs/cds-24-25.pdf,https://www.collegedata.fyi/schools/university-of-the-incarnate-word/2024-25
225627,2024,avg_need_based_grant_usd,25577,reported,H.211,https://my.uiw.edu/ir/_docs/cds-24-25.pdf,https://www.collegedata.fyi/schools/university-of-the-incarnate-word/2024-25
225627,2024,avg_need_met_percent,65,reported,H.209,https://my.uiw.edu/ir/_docs/cds-24-25.pdf,https://www.collegedata.fyi/schools/university-of-the-incarnate-word/2024-25
225627,2024,fafsa_required,true,reported,H.801,https://my.uiw.edu/ir/_docs/cds-24-25.pdf,https://www.collegedata.fyi/schools/university-of-the-incarnate-word/2024-25
225627,2024,need_fully_met_count,78,reported,H.208,https://my.uiw.edu/ir/_docs/cds-24-25.pdf,https://www.collegedata.fyi/schools/university-of-the-incarnate-word/2024-25
227757,2025,aid_awarded_freshmen_count,570,reported,H.204,https://ideas.rice.edu/wp-content/uploads/2026/08/CDS_2025-26_WEBSITE_Updated_8-3-2026.pdf,https://www.collegedata.fyi/schools/rice/2025-26
227757,2025,avg_need_based_grant_usd,73663,reported,H.211,https://ideas.rice.edu/wp-content/uploads/2026/08/CDS_2025-26_WEBSITE_Updated_8-3-2026.pdf,https://www.collegedata.fyi/schools/rice/2025-26
227757,2025,avg_need_met_percent,100,reported,H.209,https://ideas.rice.edu/wp-content/uploads/2026/08/CDS_2025-26_WEBSITE_Updated_8-3-2026.pdf,https://www.collegedata.fyi/schools/rice/2025-26
227757,2025,css_profile_required,true,reported,H.803,https://ideas.rice.edu/wp-content/uploads/2026/08/CDS_2025-26_WEBSITE_Updated_8-3-2026.pdf,https://www.collegedata.fyi/schools/rice/2025-26
227757,2025,fafsa_required,true,reported,H.801,https://ideas.rice.edu/wp-content/uploads/2026/08/CDS_2025-26_WEBSITE_Updated_8-3-2026.pdf,https://www.collegedata.fyi/schools/rice/2025-26
227757,2025,need_fully_met_count,568,reported,H.208,https://ideas.rice.edu/wp-content/uploads/2026/08/CDS_2025-26_WEBSITE_Updated_8-3-2026.pdf,https://www.collegedata.fyi/schools/rice/2025-26
227757,2025,noncustodial_css_profile_required,true,reported,H.805,https://ideas.rice.edu/wp-content/uploads/2026/08/CDS_2025-26_WEBSITE_Updated_8-3-2026.pdf,https://www.collegedata.fyi/schools/rice/2025-26
227757,2025,other_institutional_form_required,true,reported,H.807,https://ideas.rice.edu/wp-content/uploads/2026/08/CDS_2025-26_WEBSITE_Updated_8-3-2026.pdf,https://www.collegedata.fyi/schools/rice/2025-26
227757,2025,state_aid_form_required,true,reported,H.804,https://ideas.rice.edu/wp-content/uploads/2026/08/CDS_2025-26_WEBSITE_Updated_8-3-2026.pdf,https://www.collegedata.fyi/schools/rice/2025-26
228431,2024,aid_awarded_freshmen_count,1385,reported,H.204,https://www.sfasu.edu/docs/institutional-research/common-data-set-complete-24-25.pdf,https://www.collegedata.fyi/schools/stephen-f-austin-state-university/2024-25
228431,2024,avg_need_based_grant_usd,11023,reported,H.211,https://www.sfasu.edu/docs/institutional-research/common-data-set-complete-24-25.pdf,https://www.collegedata.fyi/schools/stephen-f-austin-state-university/2024-25
228431,2024,avg_need_met_percent,65.7,reported,H.209,https://www.sfasu.edu/docs/institutional-research/common-data-set-complete-24-25.pdf,https://www.collegedata.fyi/schools/stephen-f-austin-state-university/2024-25
228431,2024,fafsa_required,true,reported,H.801,https://www.sfasu.edu/docs/institutional-research/common-data-set-complete-24-25.pdf,https://www.collegedata.fyi/schools/stephen-f-austin-state-university/2024-25
228431,2024,need_fully_met_count,271,reported,H.208,https://www.sfasu.edu/docs/institutional-research/common-data-set-complete-24-25.pdf,https://www.collegedata.fyi/schools/stephen-f-austin-state-university/2024-25
228431,2024,state_aid_form_required,true,reported,H.804,https://www.sfasu.edu/docs/institutional-research/common-data-set-complete-24-25.pdf,https://www.collegedata.fyi/schools/stephen-f-austin-state-university/2024-25
228459,2024,aid_awarded_freshmen_count,4843,reported,H.204,https://docs.gato.txst.edu/743980/CDS-2024-2025%20from%20richard.pdf,https://www.collegedata.fyi/schools/texas-state-university/2024-25
228459,2024,avg_need_based_grant_usd,11020,reported,H.211,https://docs.gato.txst.edu/743980/CDS-2024-2025%20from%20richard.pdf,https://www.collegedata.fyi/schools/texas-state-university/2024-25
228459,2024,avg_need_met_percent,72,reported,H.209,https://docs.gato.txst.edu/743980/CDS-2024-2025%20from%20richard.pdf,https://www.collegedata.fyi/schools/texas-state-university/2024-25
228459,2024,need_fully_met_count,1499,reported,H.208,https://docs.gato.txst.edu/743980/CDS-2024-2025%20from%20richard.pdf,https://www.collegedata.fyi/schools/texas-state-university/2024-25
228705,2024,aid_awarded_freshmen_count,,not_collected_by_us,H.204,https://www.tamuk.edu/pes/_files_oir/CDS_reports/2024-2025_TAMUK_CDS.pdf,https://www.collegedata.fyi/schools/texas-a-and-m-university-kingsville/2024-25
228705,2024,avg_need_based_grant_usd,,not_collected_by_us,H.211,https://www.tamuk.edu/pes/_files_oir/CDS_reports/2024-2025_TAMUK_CDS.pdf,https://www.collegedata.fyi/schools/texas-a-and-m-university-kingsville/2024-25
228705,2024,avg_need_met_percent,,not_collected_by_us,H.209,https://www.tamuk.edu/pes/_files_oir/CDS_reports/2024-2025_TAMUK_CDS.pdf,https://www.collegedata.fyi/schools/texas-a-and-m-university-kingsville/2024-25
228723,2025,aid_awarded_freshmen_count,4513,reported,H.204,https://abpa.tamu.edu/getattachment/3ef3380e-0c01-4ac3-bad5-185eb51fa208/CDS-PDF-2025-2026_TAMU_FINAL.pdf,https://www.collegedata.fyi/schools/texas-am/2025-26
228723,2025,avg_need_based_grant_usd,14880,reported,H.211,https://abpa.tamu.edu/getattachment/3ef3380e-0c01-4ac3-bad5-185eb51fa208/CDS-PDF-2025-2026_TAMU_FINAL.pdf,https://www.collegedata.fyi/schools/texas-am/2025-26
228723,2025,avg_need_met_percent,71,reported,H.209,https://abpa.tamu.edu/getattachment/3ef3380e-0c01-4ac3-bad5-185eb51fa208/CDS-PDF-2025-2026_TAMU_FINAL.pdf,https://www.collegedata.fyi/schools/texas-am/2025-26
228723,2025,fafsa_required,true,reported,H.801,https://abpa.tamu.edu/getattachment/3ef3380e-0c01-4ac3-bad5-185eb51fa208/CDS-PDF-2025-2026_TAMU_FINAL.pdf,https://www.collegedata.fyi/schools/texas-am/2025-26
228723,2025,need_fully_met_count,1057,reported,H.208,https://abpa.tamu.edu/getattachment/3ef3380e-0c01-4ac3-bad5-185eb51fa208/CDS-PDF-2025-2026_TAMU_FINAL.pdf,https://www.collegedata.fyi/schools/texas-am/2025-26
228778,2024,aid_awarded_freshmen_count,4003,reported,H.204,https://drive.usercontent.google.com/download?id=1IfM-WLguczkEG1sfDhg4OhihHeQkchY9&export=download,https://www.collegedata.fyi/schools/ut-austin/2024-25
228778,2024,avg_need_based_grant_usd,16689,reported,H.211,https://drive.usercontent.google.com/download?id=1IfM-WLguczkEG1sfDhg4OhihHeQkchY9&export=download,https://www.collegedata.fyi/schools/ut-austin/2024-25
228778,2024,avg_need_met_percent,80.4,reported,H.209,https://drive.usercontent.google.com/download?id=1IfM-WLguczkEG1sfDhg4OhihHeQkchY9&export=download,https://www.collegedata.fyi/schools/ut-austin/2024-25
228778,2024,need_fully_met_count,763,reported,H.208,https://drive.usercontent.google.com/download?id=1IfM-WLguczkEG1sfDhg4OhihHeQkchY9&export=download,https://www.collegedata.fyi/schools/ut-austin/2024-25
228787,2024,aid_awarded_freshmen_count,2046,reported,H.204,https://drive.usercontent.google.com/download?id=1cigaguVyYb-5dDGoizNviBdvfunLmx4n&export=download,https://www.collegedata.fyi/schools/the-university-of-texas-at-dallas/2024-25
228787,2024,avg_need_based_grant_usd,13523,reported,H.211,https://drive.usercontent.google.com/download?id=1cigaguVyYb-5dDGoizNviBdvfunLmx4n&export=download,https://www.collegedata.fyi/schools/the-university-of-texas-at-dallas/2024-25
228787,2024,avg_need_met_percent,69,reported,H.209,https://drive.usercontent.google.com/download?id=1cigaguVyYb-5dDGoizNviBdvfunLmx4n&export=download,https://www.collegedata.fyi/schools/the-university-of-texas-at-dallas/2024-25
228787,2024,fafsa_required,true,reported,H.801,https://drive.usercontent.google.com/download?id=1cigaguVyYb-5dDGoizNviBdvfunLmx4n&export=download,https://www.collegedata.fyi/schools/the-university-of-texas-at-dallas/2024-25
228787,2024,need_fully_met_count,396,reported,H.208,https://drive.usercontent.google.com/download?id=1cigaguVyYb-5dDGoizNviBdvfunLmx4n&export=download,https://www.collegedata.fyi/schools/the-university-of-texas-at-dallas/2024-25
228802,2025,aid_awarded_freshmen_count,930,reported,H.204,https://www.uttyler.edu/offices/information-analysis/files/cds-2025-26-20260418.pdf,https://www.collegedata.fyi/schools/the-university-of-texas-at-tyler/2025-26
228802,2025,avg_need_based_grant_usd,12579,reported,H.211,https://www.uttyler.edu/offices/information-analysis/files/cds-2025-26-20260418.pdf,https://www.collegedata.fyi/schools/the-university-of-texas-at-tyler/2025-26
228802,2025,avg_need_met_percent,40.3,reported,H.209,https://www.uttyler.edu/offices/information-analysis/files/cds-2025-26-20260418.pdf,https://www.collegedata.fyi/schools/the-university-of-texas-at-tyler/2025-26
228802,2025,fafsa_required,true,reported,H.801,https://www.uttyler.edu/offices/information-analysis/files/cds-2025-26-20260418.pdf,https://www.collegedata.fyi/schools/the-university-of-texas-at-tyler/2025-26
228802,2025,need_fully_met_count,57,reported,H.208,https://www.uttyler.edu/offices/information-analysis/files/cds-2025-26-20260418.pdf,https://www.collegedata.fyi/schools/the-university-of-texas-at-tyler/2025-26
228802,2025,state_aid_form_required,true,reported,H.804,https://www.uttyler.edu/offices/information-analysis/files/cds-2025-26-20260418.pdf,https://www.collegedata.fyi/schools/the-university-of-texas-at-tyler/2025-26
228875,2025,aid_awarded_freshmen_count,1118,reported,H.204,https://ir.tcu.edu/wp-content/uploads/2026/03/CDS-2025-26-TCU.pdf,https://www.collegedata.fyi/schools/texas-christian-university/2025-26
228875,2025,avg_need_based_grant_usd,50804,reported,H.211,https://ir.tcu.edu/wp-content/uploads/2026/03/CDS-2025-26-TCU.pdf,https://www.collegedata.fyi/schools/texas-christian-university/2025-26
228875,2025,avg_need_met_percent,78.6,reported,H.209,https://ir.tcu.edu/wp-content/uploads/2026/03/CDS-2025-26-TCU.pdf,https://www.collegedata.fyi/schools/texas-christian-university/2025-26
228875,2025,css_profile_required,true,reported,H.803,https://ir.tcu.edu/wp-content/uploads/2026/03/CDS-2025-26-TCU.pdf,https://www.collegedata.fyi/schools/texas-christian-university/2025-26
228875,2025,fafsa_required,true,reported,H.801,https://ir.tcu.edu/wp-content/uploads/2026/03/CDS-2025-26-TCU.pdf,https://www.collegedata.fyi/schools/texas-christian-university/2025-26
228875,2025,need_fully_met_count,336,reported,H.208,https://ir.tcu.edu/wp-content/uploads/2026/03/CDS-2025-26-TCU.pdf,https://www.collegedata.fyi/schools/texas-christian-university/2025-26
228875,2025,noncustodial_css_profile_required,true,reported,H.805,https://ir.tcu.edu/wp-content/uploads/2026/03/CDS-2025-26-TCU.pdf,https://www.collegedata.fyi/schools/texas-christian-university/2025-26
229179,2024,aid_awarded_freshmen_count,1086,reported,H.204,https://twu.edu/media/documents/irdm/CDS_2024-2025_v2.pdf,https://www.collegedata.fyi/schools/texas-womans-university/2024-25
229179,2024,avg_need_based_grant_usd,11267,reported,H.211,https://twu.edu/media/documents/irdm/CDS_2024-2025_v2.pdf,https://www.collegedata.fyi/schools/texas-womans-university/2024-25
229179,2024,avg_need_met_percent,78,reported,H.209,https://twu.edu/media/documents/irdm/CDS_2024-2025_v2.pdf,https://www.collegedata.fyi/schools/texas-womans-university/2024-25
229179,2024,fafsa_required,true,reported,H.801,https://twu.edu/media/documents/irdm/CDS_2024-2025_v2.pdf,https://www.collegedata.fyi/schools/texas-womans-university/2024-25
229179,2024,need_fully_met_count,241,reported,H.208,https://twu.edu/media/documents/irdm/CDS_2024-2025_v2.pdf,https://www.collegedata.fyi/schools/texas-womans-university/2024-25
229407,2025,aid_awarded_freshmen_count,4174,reported,H.204,https://www.uh.edu/ir/reports/common-data-sets/cds-data/common_data_set_2025-2026_final.xlsx,https://www.collegedata.fyi/schools/university-of-houston-system-administration/2025-26
229407,2025,avg_need_based_grant_usd,12066,reported,H.211,https://www.uh.edu/ir/reports/common-data-sets/cds-data/common_data_set_2025-2026_final.xlsx,https://www.collegedata.fyi/schools/university-of-houston-system-administration/2025-26
229407,2025,avg_need_met_percent,56.9,reported,H.209,https://www.uh.edu/ir/reports/common-data-sets/cds-data/common_data_set_2025-2026_final.xlsx,https://www.collegedata.fyi/schools/university-of-houston-system-administration/2025-26
229407,2025,fafsa_required,true,reported,H.801,https://www.uh.edu/ir/reports/common-data-sets/cds-data/common_data_set_2025-2026_final.xlsx,https://www.collegedata.fyi/schools/university-of-houston-system-administration/2025-26
229407,2025,need_fully_met_count,418,reported,H.208,https://www.uh.edu/ir/reports/common-data-sets/cds-data/common_data_set_2025-2026_final.xlsx,https://www.collegedata.fyi/schools/university-of-houston-system-administration/2025-26
229407,2025,state_aid_form_required,true,reported,H.804,https://www.uh.edu/ir/reports/common-data-sets/cds-data/common_data_set_2025-2026_final.xlsx,https://www.collegedata.fyi/schools/university-of-houston-system-administration/2025-26
229814,2024,aid_awarded_freshmen_count,771,reported,H.204,https://www.wtamu.edu/_files/docs/academics/Institutional%20Research/CDS.pdf,https://www.collegedata.fyi/schools/west-texas-a-and-m-university/2024-25
229814,2024,avg_need_based_grant_usd,11056,reported,H.211,https://www.wtamu.edu/_files/docs/academics/Institutional%20Research/CDS.pdf,https://www.collegedata.fyi/schools/west-texas-a-and-m-university/2024-25
229814,2024,avg_need_met_percent,63.6,reported,H.209,https://www.wtamu.edu/_files/docs/academics/Institutional%20Research/CDS.pdf,https://www.collegedata.fyi/schools/west-texas-a-and-m-university/2024-25
229814,2024,fafsa_required,true,reported,H.801,https://www.wtamu.edu/_files/docs/academics/Institutional%20Research/CDS.pdf,https://www.collegedata.fyi/schools/west-texas-a-and-m-university/2024-25
229814,2024,need_fully_met_count,12,reported,H.208,https://www.wtamu.edu/_files/docs/academics/Institutional%20Research/CDS.pdf,https://www.collegedata.fyi/schools/west-texas-a-and-m-university/2024-25
230038,2025,aid_awarded_freshmen_count,1306,reported,H.204,https://data.byu.edu/0000019d-e4b4-df27-a1df-eef579b00001/cds-2025-2026-pdf,https://www.collegedata.fyi/schools/brigham-young-university/2025-26
230038,2025,avg_need_based_grant_usd,9138,reported,H.211,https://data.byu.edu/0000019d-e4b4-df27-a1df-eef579b00001/cds-2025-2026-pdf,https://www.collegedata.fyi/schools/brigham-young-university/2025-26
230038,2025,avg_need_met_percent,62.7,reported,H.209,https://data.byu.edu/0000019d-e4b4-df27-a1df-eef579b00001/cds-2025-2026-pdf,https://www.collegedata.fyi/schools/brigham-young-university/2025-26
230038,2025,fafsa_required,true,reported,H.801,https://data.byu.edu/0000019d-e4b4-df27-a1df-eef579b00001/cds-2025-2026-pdf,https://www.collegedata.fyi/schools/brigham-young-university/2025-26
230038,2025,need_fully_met_count,14,reported,H.208,https://data.byu.edu/0000019d-e4b4-df27-a1df-eef579b00001/cds-2025-2026-pdf,https://www.collegedata.fyi/schools/brigham-young-university/2025-26
230728,2025,aid_awarded_freshmen_count,1603,reported,H.204,https://www.usu.edu/oda/files/common-data-sets/CDS2025-26.pdf,https://www.collegedata.fyi/schools/utah-state-university/2025-26
230728,2025,avg_need_based_grant_usd,8299,reported,H.211,https://www.usu.edu/oda/files/common-data-sets/CDS2025-26.pdf,https://www.collegedata.fyi/schools/utah-state-university/2025-26
230728,2025,avg_need_met_percent,75,reported,H.209,https://www.usu.edu/oda/files/common-data-sets/CDS2025-26.pdf,https://www.collegedata.fyi/schools/utah-state-university/2025-26
230728,2025,fafsa_required,true,reported,H.801,https://www.usu.edu/oda/files/common-data-sets/CDS2025-26.pdf,https://www.collegedata.fyi/schools/utah-state-university/2025-26
230728,2025,need_fully_met_count,572,reported,H.208,https://www.usu.edu/oda/files/common-data-sets/CDS2025-26.pdf,https://www.collegedata.fyi/schools/utah-state-university/2025-26
230764,2025,aid_awarded_freshmen_count,2242,reported,H.204,https://data.utah.edu/wp-content/uploads/2026/08/CDS_2025-2026.pdf,https://www.collegedata.fyi/schools/university-of-utah/2025-26
230764,2025,avg_need_based_grant_usd,10870,reported,H.211,https://data.utah.edu/wp-content/uploads/2026/08/CDS_2025-2026.pdf,https://www.collegedata.fyi/schools/university-of-utah/2025-26
230764,2025,avg_need_met_percent,45,reported,H.209,https://data.utah.edu/wp-content/uploads/2026/08/CDS_2025-2026.pdf,https://www.collegedata.fyi/schools/university-of-utah/2025-26
230764,2025,business_farm_supplement_required,,not_collected_by_us,H.806,https://data.utah.edu/wp-content/uploads/2026/08/CDS_2025-2026.pdf,https://www.collegedata.fyi/schools/university-of-utah/2025-26
230764,2025,css_profile_required,,not_collected_by_us,H.803,https://data.utah.edu/wp-content/uploads/2026/08/CDS_2025-2026.pdf,https://www.collegedata.fyi/schools/university-of-utah/2025-26
230764,2025,fafsa_required,true,reported,H.801,https://data.utah.edu/wp-content/uploads/2026/08/CDS_2025-2026.pdf,https://www.collegedata.fyi/schools/university-of-utah/2025-26
230764,2025,institutional_form_required,,not_collected_by_us,H.802,https://data.utah.edu/wp-content/uploads/2026/08/CDS_2025-2026.pdf,https://www.collegedata.fyi/schools/university-of-utah/2025-26
230764,2025,need_fully_met_count,284,reported,H.208,https://data.utah.edu/wp-content/uploads/2026/08/CDS_2025-2026.pdf,https://www.collegedata.fyi/schools/university-of-utah/2025-26
230764,2025,noncustodial_css_profile_required,,not_collected_by_us,H.805,https://data.utah.edu/wp-content/uploads/2026/08/CDS_2025-2026.pdf,https://www.collegedata.fyi/schools/university-of-utah/2025-26
230764,2025,other_institutional_form_required,,not_collected_by_us,H.807,https://data.utah.edu/wp-content/uploads/2026/08/CDS_2025-2026.pdf,https://www.collegedata.fyi/schools/university-of-utah/2025-26
230764,2025,state_aid_form_required,,not_collected_by_us,H.804,https://data.utah.edu/wp-content/uploads/2026/08/CDS_2025-2026.pdf,https://www.collegedata.fyi/schools/university-of-utah/2025-26
230807,2025,aid_awarded_freshmen_count,112,reported,H.204,https://westminsteru.edu/_resources/files/default-source/common-data-set-2025-2026.xlsx,https://www.collegedata.fyi/schools/westminster-university/2025-26
230807,2025,avg_need_based_grant_usd,39913,reported,H.211,https://westminsteru.edu/_resources/files/default-source/common-data-set-2025-2026.xlsx,https://www.collegedata.fyi/schools/westminster-university/2025-26
230807,2025,avg_need_met_percent,90,reported,H.209,https://westminsteru.edu/_resources/files/default-source/common-data-set-2025-2026.xlsx,https://www.collegedata.fyi/schools/westminster-university/2025-26
230807,2025,fafsa_required,true,reported,H.801,https://westminsteru.edu/_resources/files/default-source/common-data-set-2025-2026.xlsx,https://www.collegedata.fyi/schools/westminster-university/2025-26
230807,2025,need_fully_met_count,48,reported,H.208,https://westminsteru.edu/_resources/files/default-source/common-data-set-2025-2026.xlsx,https://www.collegedata.fyi/schools/westminster-university/2025-26
230959,2024,aid_awarded_freshmen_count,282,reported,H.204,https://drive.usercontent.google.com/download?id=1h-ek-1m3tiN70uCse2JRNZMl5dJs6mQB&export=download,https://www.collegedata.fyi/schools/middlebury-college/2024-25
230959,2024,avg_need_based_grant_usd,59785,reported,H.211,https://drive.usercontent.google.com/download?id=1h-ek-1m3tiN70uCse2JRNZMl5dJs6mQB&export=download,https://www.collegedata.fyi/schools/middlebury-college/2024-25
230959,2024,avg_need_met_percent,100,reported,H.209,https://drive.usercontent.google.com/download?id=1h-ek-1m3tiN70uCse2JRNZMl5dJs6mQB&export=download,https://www.collegedata.fyi/schools/middlebury-college/2024-25
230959,2024,css_profile_required,true,reported,H.803,https://drive.usercontent.google.com/download?id=1h-ek-1m3tiN70uCse2JRNZMl5dJs6mQB&export=download,https://www.collegedata.fyi/schools/middlebury-college/2024-25
230959,2024,fafsa_required,true,reported,H.801,https://drive.usercontent.google.com/download?id=1h-ek-1m3tiN70uCse2JRNZMl5dJs6mQB&export=download,https://www.collegedata.fyi/schools/middlebury-college/2024-25
230959,2024,need_fully_met_count,276,reported,H.208,https://drive.usercontent.google.com/download?id=1h-ek-1m3tiN70uCse2JRNZMl5dJs6mQB&export=download,https://www.collegedata.fyi/schools/middlebury-college/2024-25
230959,2024,noncustodial_css_profile_required,true,reported,H.805,https://drive.usercontent.google.com/download?id=1h-ek-1m3tiN70uCse2JRNZMl5dJs6mQB&export=download,https://www.collegedata.fyi/schools/middlebury-college/2024-25
231059,2025,aid_awarded_freshmen_count,177,reported,H.204,https://www.smcvt.edu/wp-content/uploads/2026/06/CDS_2025-2026-Highlights-20260601-smcvtedu.pdf,https://www.collegedata.fyi/schools/saint-michaels-college/2025-26
231059,2025,avg_need_based_grant_usd,43619,reported,H.211,https://www.smcvt.edu/wp-content/uploads/2026/06/CDS_2025-2026-Highlights-20260601-smcvtedu.pdf,https://www.collegedata.fyi/schools/saint-michaels-college/2025-26
231059,2025,avg_need_met_percent,87,reported,H.209,https://www.smcvt.edu/wp-content/uploads/2026/06/CDS_2025-2026-Highlights-20260601-smcvtedu.pdf,https://www.collegedata.fyi/schools/saint-michaels-college/2025-26
231059,2025,need_fully_met_count,58,reported,H.208,https://www.smcvt.edu/wp-content/uploads/2026/06/CDS_2025-2026-Highlights-20260601-smcvtedu.pdf,https://www.collegedata.fyi/schools/saint-michaels-college/2025-26
231174,2025,aid_awarded_freshmen_count,1252,reported,H.204,https://www.uvm.edu/d10-files/documents/2026-06/CDS_2025-2026_C.pdf,https://www.collegedata.fyi/schools/university-of-vermont/2025-26
231174,2025,avg_need_based_grant_usd,24421,reported,H.211,https://www.uvm.edu/d10-files/documents/2026-06/CDS_2025-2026_C.pdf,https://www.collegedata.fyi/schools/university-of-vermont/2025-26
231174,2025,avg_need_met_percent,82.7,reported,H.209,https://www.uvm.edu/d10-files/documents/2026-06/CDS_2025-2026_C.pdf,https://www.collegedata.fyi/schools/university-of-vermont/2025-26
231174,2025,fafsa_required,true,reported,H.801,https://www.uvm.edu/d10-files/documents/2026-06/CDS_2025-2026_C.pdf,https://www.collegedata.fyi/schools/university-of-vermont/2025-26
231174,2025,need_fully_met_count,452,reported,H.208,https://www.uvm.edu/d10-files/documents/2026-06/CDS_2025-2026_C.pdf,https://www.collegedata.fyi/schools/university-of-vermont/2025-26
231624,2025,aid_awarded_freshmen_count,528,reported,H.204,https://www.wm.edu/offices/ir/university_data/cds/cds_2025-26_a1.pdf,https://www.collegedata.fyi/schools/william-and-mary/2025-26
231624,2025,avg_need_based_grant_usd,22933,reported,H.211,https://www.wm.edu/offices/ir/university_data/cds/cds_2025-26_a1.pdf,https://www.collegedata.fyi/schools/william-and-mary/2025-26
231624,2025,avg_need_met_percent,82,reported,H.209,https://www.wm.edu/offices/ir/university_data/cds/cds_2025-26_a1.pdf,https://www.collegedata.fyi/schools/william-and-mary/2025-26
231624,2025,css_profile_required,true,reported,H.803,https://www.wm.edu/offices/ir/university_data/cds/cds_2025-26_a1.pdf,https://www.collegedata.fyi/schools/william-and-mary/2025-26
231624,2025,fafsa_required,true,reported,H.801,https://www.wm.edu/offices/ir/university_data/cds/cds_2025-26_a1.pdf,https://www.collegedata.fyi/schools/william-and-mary/2025-26
231624,2025,need_fully_met_count,169,reported,H.208,https://www.wm.edu/offices/ir/university_data/cds/cds_2025-26_a1.pdf,https://www.collegedata.fyi/schools/william-and-mary/2025-26
231970,2025,aid_awarded_freshmen_count,1873,reported,H.204,https://www.odu.edu/sites/default/files/2026/documents/cds-2025-2026.pdf,https://www.collegedata.fyi/schools/eastern-virginia-medical-school/2025-26
231970,2025,avg_need_based_grant_usd,13692,reported,H.211,https://www.odu.edu/sites/default/files/2026/documents/cds-2025-2026.pdf,https://www.collegedata.fyi/schools/eastern-virginia-medical-school/2025-26
231970,2025,avg_need_met_percent,53,reported,H.209,https://www.odu.edu/sites/default/files/2026/documents/cds-2025-2026.pdf,https://www.collegedata.fyi/schools/eastern-virginia-medical-school/2025-26
231970,2025,fafsa_required,true,reported,H.801,https://www.odu.edu/sites/default/files/2026/documents/cds-2025-2026.pdf,https://www.collegedata.fyi/schools/eastern-virginia-medical-school/2025-26
231970,2025,need_fully_met_count,389,reported,H.208,https://www.odu.edu/sites/default/files/2026/documents/cds-2025-2026.pdf,https://www.collegedata.fyi/schools/eastern-virginia-medical-school/2025-26
232308,2025,aid_awarded_freshmen_count,199,reported,H.204,https://www.hollins.edu/wp-content/uploads/2026/07/CDS-2025-2026-Hollins-University.pdf,https://www.collegedata.fyi/schools/hollins-university/2025-26
232308,2025,avg_need_based_grant_usd,45346,reported,H.211,https://www.hollins.edu/wp-content/uploads/2026/07/CDS-2025-2026-Hollins-University.pdf,https://www.collegedata.fyi/schools/hollins-university/2025-26
232308,2025,avg_need_met_percent,85,reported,H.209,https://www.hollins.edu/wp-content/uploads/2026/07/CDS-2025-2026-Hollins-University.pdf,https://www.collegedata.fyi/schools/hollins-university/2025-26
232308,2025,fafsa_required,true,reported,H.801,https://www.hollins.edu/wp-content/uploads/2026/07/CDS-2025-2026-Hollins-University.pdf,https://www.collegedata.fyi/schools/hollins-university/2025-26
232308,2025,need_fully_met_count,51,reported,H.208,https://www.hollins.edu/wp-content/uploads/2026/07/CDS-2025-2026-Hollins-University.pdf,https://www.collegedata.fyi/schools/hollins-university/2025-26
232308,2025,state_aid_form_required,true,reported,H.804,https://www.hollins.edu/wp-content/uploads/2026/07/CDS-2025-2026-Hollins-University.pdf,https://www.collegedata.fyi/schools/hollins-university/2025-26
232681,2024,aid_awarded_freshmen_count,346,reported,H.204,https://drive.usercontent.google.com/download?id=13VDoiHo8fuSDOt0iVvncycamqQ4dJ7CC&export=download,https://www.collegedata.fyi/schools/university-of-mary-washington/2024-25
232681,2024,avg_need_based_grant_usd,5722,reported,H.211,https://drive.usercontent.google.com/download?id=13VDoiHo8fuSDOt0iVvncycamqQ4dJ7CC&export=download,https://www.collegedata.fyi/schools/university-of-mary-washington/2024-25
232681,2024,avg_need_met_percent,54.5,reported,H.209,https://drive.usercontent.google.com/download?id=13VDoiHo8fuSDOt0iVvncycamqQ4dJ7CC&export=download,https://www.collegedata.fyi/schools/university-of-mary-washington/2024-25
232681,2024,fafsa_required,true,reported,H.801,https://drive.usercontent.google.com/download?id=13VDoiHo8fuSDOt0iVvncycamqQ4dJ7CC&export=download,https://www.collegedata.fyi/schools/university-of-mary-washington/2024-25
232681,2024,need_fully_met_count,54,reported,H.208,https://drive.usercontent.google.com/download?id=13VDoiHo8fuSDOt0iVvncycamqQ4dJ7CC&export=download,https://www.collegedata.fyi/schools/university-of-mary-washington/2024-25
232982,2025,aid_awarded_freshmen_count,1873,reported,H.204,https://www.odu.edu/sites/default/files/2026/documents/cds-2025-2026.pdf,https://www.collegedata.fyi/schools/old-dominion-university/2025-26
232982,2025,avg_need_based_grant_usd,13692,reported,H.211,https://www.odu.edu/sites/default/files/2026/documents/cds-2025-2026.pdf,https://www.collegedata.fyi/schools/old-dominion-university/2025-26
232982,2025,avg_need_met_percent,53,reported,H.209,https://www.odu.edu/sites/default/files/2026/documents/cds-2025-2026.pdf,https://www.collegedata.fyi/schools/old-dominion-university/2025-26
232982,2025,fafsa_required,true,reported,H.801,https://www.odu.edu/sites/default/files/2026/documents/cds-2025-2026.pdf,https://www.collegedata.fyi/schools/old-dominion-university/2025-26
232982,2025,need_fully_met_count,389,reported,H.208,https://www.odu.edu/sites/default/files/2026/documents/cds-2025-2026.pdf,https://www.collegedata.fyi/schools/old-dominion-university/2025-26
233277,2025,aid_awarded_freshmen_count,1013,reported,H.204,https://www.radford.edu/institutional-research/_documents/cds-2025.pdf,https://www.collegedata.fyi/schools/radford-university/2025-26
233277,2025,avg_need_based_grant_usd,16586,reported,H.211,https://www.radford.edu/institutional-research/_documents/cds-2025.pdf,https://www.collegedata.fyi/schools/radford-university/2025-26
233277,2025,avg_need_met_percent,82,reported,H.209,https://www.radford.edu/institutional-research/_documents/cds-2025.pdf,https://www.collegedata.fyi/schools/radford-university/2025-26
233277,2025,need_fully_met_count,106,reported,H.208,https://www.radford.edu/institutional-research/_documents/cds-2025.pdf,https://www.collegedata.fyi/schools/radford-university/2025-26
233374,2024,aid_awarded_freshmen_count,304,reported,H.204,https://drive.usercontent.google.com/download?id=1H7OYRSCi-ZdQoFbAGqs-mG5_SORO5DRH&export=download,https://www.collegedata.fyi/schools/university-of-richmond/2024-25
233374,2024,avg_need_based_grant_usd,56896,reported,H.211,https://drive.usercontent.google.com/download?id=1H7OYRSCi-ZdQoFbAGqs-mG5_SORO5DRH&export=download,https://www.collegedata.fyi/schools/university-of-richmond/2024-25
233374,2024,avg_need_met_percent,99.7,reported,H.209,https://drive.usercontent.google.com/download?id=1H7OYRSCi-ZdQoFbAGqs-mG5_SORO5DRH&export=download,https://www.collegedata.fyi/schools/university-of-richmond/2024-25
233374,2024,css_profile_required,true,reported,H.803,https://drive.usercontent.google.com/download?id=1H7OYRSCi-ZdQoFbAGqs-mG5_SORO5DRH&export=download,https://www.collegedata.fyi/schools/university-of-richmond/2024-25
233374,2024,fafsa_required,true,reported,H.801,https://drive.usercontent.google.com/download?id=1H7OYRSCi-ZdQoFbAGqs-mG5_SORO5DRH&export=download,https://www.collegedata.fyi/schools/university-of-richmond/2024-25
233374,2024,need_fully_met_count,288,reported,H.208,https://drive.usercontent.google.com/download?id=1H7OYRSCi-ZdQoFbAGqs-mG5_SORO5DRH&export=download,https://www.collegedata.fyi/schools/university-of-richmond/2024-25
233374,2024,noncustodial_css_profile_required,true,reported,H.805,https://drive.usercontent.google.com/download?id=1H7OYRSCi-ZdQoFbAGqs-mG5_SORO5DRH&export=download,https://www.collegedata.fyi/schools/university-of-richmond/2024-25
233374,2024,other_institutional_form_required,true,reported,H.807,https://drive.usercontent.google.com/download?id=1H7OYRSCi-ZdQoFbAGqs-mG5_SORO5DRH&export=download,https://www.collegedata.fyi/schools/university-of-richmond/2024-25
233541,2024,aid_awarded_freshmen_count,361,reported,H.204,https://www.su.edu/wp-content/uploads/2014/11/CDS-2425-Final.pdf,https://www.collegedata.fyi/schools/shenandoah-university/2024-25
233541,2024,avg_need_based_grant_usd,7808,reported,H.211,https://www.su.edu/wp-content/uploads/2014/11/CDS-2425-Final.pdf,https://www.collegedata.fyi/schools/shenandoah-university/2024-25
233541,2024,avg_need_met_percent,74,reported,H.209,https://www.su.edu/wp-content/uploads/2014/11/CDS-2425-Final.pdf,https://www.collegedata.fyi/schools/shenandoah-university/2024-25
233541,2024,fafsa_required,true,reported,H.801,https://www.su.edu/wp-content/uploads/2014/11/CDS-2425-Final.pdf,https://www.collegedata.fyi/schools/shenandoah-university/2024-25
233541,2024,need_fully_met_count,127,reported,H.208,https://www.su.edu/wp-content/uploads/2014/11/CDS-2425-Final.pdf,https://www.collegedata.fyi/schools/shenandoah-university/2024-25
233541,2024,state_aid_form_required,true,reported,H.804,https://www.su.edu/wp-content/uploads/2014/11/CDS-2425-Final.pdf,https://www.collegedata.fyi/schools/shenandoah-university/2024-25
233921,2024,aid_awarded_freshmen_count,3117,reported,H.204,https://doc-0g-60-sheets.googleusercontent.com/export/54bogvaave6cua4cdnls17ksc4/6lnn7pchv8k3mg4q0h9rudfoa4/1776620200000/105250506097979753968/*/1KnGBhS5hVKwDzlbRnoZt0YlAKfBVHX6x?format=xlsx,https://www.collegedata.fyi/schools/virginia-polytechnic-institute-and-state-university/2024-25
233921,2024,avg_need_based_grant_usd,9044,reported,H.211,https://doc-0g-60-sheets.googleusercontent.com/export/54bogvaave6cua4cdnls17ksc4/6lnn7pchv8k3mg4q0h9rudfoa4/1776620200000/105250506097979753968/*/1KnGBhS5hVKwDzlbRnoZt0YlAKfBVHX6x?format=xlsx,https://www.collegedata.fyi/schools/virginia-polytechnic-institute-and-state-university/2024-25
233921,2024,avg_need_met_percent,54.5179,reported,H.209,https://doc-0g-60-sheets.googleusercontent.com/export/54bogvaave6cua4cdnls17ksc4/6lnn7pchv8k3mg4q0h9rudfoa4/1776620200000/105250506097979753968/*/1KnGBhS5hVKwDzlbRnoZt0YlAKfBVHX6x?format=xlsx,https://www.collegedata.fyi/schools/virginia-polytechnic-institute-and-state-university/2024-25
233921,2024,fafsa_required,true,reported,H.801,https://doc-0g-60-sheets.googleusercontent.com/export/54bogvaave6cua4cdnls17ksc4/6lnn7pchv8k3mg4q0h9rudfoa4/1776620200000/105250506097979753968/*/1KnGBhS5hVKwDzlbRnoZt0YlAKfBVHX6x?format=xlsx,https://www.collegedata.fyi/schools/virginia-polytechnic-institute-and-state-university/2024-25
233921,2024,need_fully_met_count,457,reported,H.208,https://doc-0g-60-sheets.googleusercontent.com/export/54bogvaave6cua4cdnls17ksc4/6lnn7pchv8k3mg4q0h9rudfoa4/1776620200000/105250506097979753968/*/1KnGBhS5hVKwDzlbRnoZt0YlAKfBVHX6x?format=xlsx,https://www.collegedata.fyi/schools/virginia-polytechnic-institute-and-state-university/2024-25
234030,2024,aid_awarded_freshmen_count,3049,reported,H.204,https://irds.vcu.edu/media/decision-support/pdf/commondatasets/CommonDataSet2024-25.pdf,https://www.collegedata.fyi/schools/virginia-commonwealth-university/2024-25
234030,2024,avg_need_based_grant_usd,17205,reported,H.211,https://irds.vcu.edu/media/decision-support/pdf/commondatasets/CommonDataSet2024-25.pdf,https://www.collegedata.fyi/schools/virginia-commonwealth-university/2024-25
234030,2024,avg_need_met_percent,28.76,reported,H.209,https://irds.vcu.edu/media/decision-support/pdf/commondatasets/CommonDataSet2024-25.pdf,https://www.collegedata.fyi/schools/virginia-commonwealth-university/2024-25
234030,2024,need_fully_met_count,243,reported,H.208,https://irds.vcu.edu/media/decision-support/pdf/commondatasets/CommonDataSet2024-25.pdf,https://www.collegedata.fyi/schools/virginia-commonwealth-university/2024-25
234076,2024,aid_awarded_freshmen_count,1352,reported,H.204,https://ira.virginia.edu/sites/ira/files/2025-03/CDS_2024-2025_508.pdf,https://www.collegedata.fyi/schools/uva/2024-25
234076,2024,avg_need_based_grant_usd,34534,reported,H.211,https://ira.virginia.edu/sites/ira/files/2025-03/CDS_2024-2025_508.pdf,https://www.collegedata.fyi/schools/uva/2024-25
234076,2024,avg_need_met_percent,100,reported,H.209,https://ira.virginia.edu/sites/ira/files/2025-03/CDS_2024-2025_508.pdf,https://www.collegedata.fyi/schools/uva/2024-25
234076,2024,need_fully_met_count,1352,reported,H.208,https://ira.virginia.edu/sites/ira/files/2025-03/CDS_2024-2025_508.pdf,https://www.collegedata.fyi/schools/uva/2024-25
234085,2025,aid_awarded_freshmen_count,334,reported,H.204,https://www.vmi.edu/wp-content/uploads/2026/06/CDS-2025-26-Tuition-Update.pdf,https://www.collegedata.fyi/schools/virginia-military-institute/2025-26
234085,2025,avg_need_based_grant_usd,18597,reported,H.211,https://www.vmi.edu/wp-content/uploads/2026/06/CDS-2025-26-Tuition-Update.pdf,https://www.collegedata.fyi/schools/virginia-military-institute/2025-26
234085,2025,avg_need_met_percent,68,reported,H.209,https://www.vmi.edu/wp-content/uploads/2026/06/CDS-2025-26-Tuition-Update.pdf,https://www.collegedata.fyi/schools/virginia-military-institute/2025-26
234207,2024,aid_awarded_freshmen_count,269,reported,H.204,https://drive.usercontent.google.com/download?id=1_K2Y0eIfYNKULckC9h51h_FeGqJ0GyC7&export=download,https://www.collegedata.fyi/schools/washington-and-lee/2024-25
234207,2024,avg_need_based_grant_usd,68548,reported,H.211,https://drive.usercontent.google.com/download?id=1_K2Y0eIfYNKULckC9h51h_FeGqJ0GyC7&export=download,https://www.collegedata.fyi/schools/washington-and-lee/2024-25
234207,2024,avg_need_met_percent,100,reported,H.209,https://drive.usercontent.google.com/download?id=1_K2Y0eIfYNKULckC9h51h_FeGqJ0GyC7&export=download,https://www.collegedata.fyi/schools/washington-and-lee/2024-25
234207,2024,css_profile_required,true,reported,H.803,https://drive.usercontent.google.com/download?id=1_K2Y0eIfYNKULckC9h51h_FeGqJ0GyC7&export=download,https://www.collegedata.fyi/schools/washington-and-lee/2024-25
234207,2024,fafsa_required,true,reported,H.801,https://drive.usercontent.google.com/download?id=1_K2Y0eIfYNKULckC9h51h_FeGqJ0GyC7&export=download,https://www.collegedata.fyi/schools/washington-and-lee/2024-25
234207,2024,need_fully_met_count,269,reported,H.208,https://drive.usercontent.google.com/download?id=1_K2Y0eIfYNKULckC9h51h_FeGqJ0GyC7&export=download,https://www.collegedata.fyi/schools/washington-and-lee/2024-25
234207,2024,noncustodial_css_profile_required,true,reported,H.805,https://drive.usercontent.google.com/download?id=1_K2Y0eIfYNKULckC9h51h_FeGqJ0GyC7&export=download,https://www.collegedata.fyi/schools/washington-and-lee/2024-25
234207,2024,other_institutional_form_required,true,reported,H.807,https://drive.usercontent.google.com/download?id=1_K2Y0eIfYNKULckC9h51h_FeGqJ0GyC7&export=download,https://www.collegedata.fyi/schools/washington-and-lee/2024-25
235097,2025,aid_awarded_freshmen_count,864,reported,H.204,https://inside.ewu.edu/institutional-research/wp-content/uploads/sites/65/2026/05/CDS-EWU-2025-2026-FINAL.pdf,https://www.collegedata.fyi/schools/eastern-washington-university/2025-26
235097,2025,avg_need_based_grant_usd,12298,reported,H.211,https://inside.ewu.edu/institutional-research/wp-content/uploads/sites/65/2026/05/CDS-EWU-2025-2026-FINAL.pdf,https://www.collegedata.fyi/schools/eastern-washington-university/2025-26
235097,2025,avg_need_met_percent,64.6,reported,H.209,https://inside.ewu.edu/institutional-research/wp-content/uploads/sites/65/2026/05/CDS-EWU-2025-2026-FINAL.pdf,https://www.collegedata.fyi/schools/eastern-washington-university/2025-26
235097,2025,fafsa_required,true,reported,H.801,https://inside.ewu.edu/institutional-research/wp-content/uploads/sites/65/2026/05/CDS-EWU-2025-2026-FINAL.pdf,https://www.collegedata.fyi/schools/eastern-washington-university/2025-26
235097,2025,need_fully_met_count,117,reported,H.208,https://inside.ewu.edu/institutional-research/wp-content/uploads/sites/65/2026/05/CDS-EWU-2025-2026-FINAL.pdf,https://www.collegedata.fyi/schools/eastern-washington-university/2025-26
235167,2024,aid_awarded_freshmen_count,204,reported,H.204,https://www.evergreen.edu/sites/default/files/2026-04/2025-2026_Common_Data_Set_Evergreen.pdf,https://www.collegedata.fyi/schools/the-evergreen-state-college/2024-25
235167,2024,avg_need_based_grant_usd,15576,reported,H.211,https://www.evergreen.edu/sites/default/files/2026-04/2025-2026_Common_Data_Set_Evergreen.pdf,https://www.collegedata.fyi/schools/the-evergreen-state-college/2024-25
235167,2024,avg_need_met_percent,58,reported,H.209,https://www.evergreen.edu/sites/default/files/2026-04/2025-2026_Common_Data_Set_Evergreen.pdf,https://www.collegedata.fyi/schools/the-evergreen-state-college/2024-25
235167,2024,fafsa_required,true,reported,H.801,https://www.evergreen.edu/sites/default/files/2026-04/2025-2026_Common_Data_Set_Evergreen.pdf,https://www.collegedata.fyi/schools/the-evergreen-state-college/2024-25
235167,2024,need_fully_met_count,14,reported,H.208,https://www.evergreen.edu/sites/default/files/2026-04/2025-2026_Common_Data_Set_Evergreen.pdf,https://www.collegedata.fyi/schools/the-evergreen-state-college/2024-25
236328,2024,aid_awarded_freshmen_count,277,reported,H.204,https://drive.usercontent.google.com/download?id=1OaFaCV_d54yJCHVUmPKSu6C7Rermnahs&export=download,https://www.collegedata.fyi/schools/university-of-puget-sound/2024-25
236328,2024,avg_need_based_grant_usd,55121,reported,H.211,https://drive.usercontent.google.com/download?id=1OaFaCV_d54yJCHVUmPKSu6C7Rermnahs&export=download,https://www.collegedata.fyi/schools/university-of-puget-sound/2024-25
236328,2024,avg_need_met_percent,92,reported,H.209,https://drive.usercontent.google.com/download?id=1OaFaCV_d54yJCHVUmPKSu6C7Rermnahs&export=download,https://www.collegedata.fyi/schools/university-of-puget-sound/2024-25
236328,2024,fafsa_required,true,reported,H.801,https://drive.usercontent.google.com/download?id=1OaFaCV_d54yJCHVUmPKSu6C7Rermnahs&export=download,https://www.collegedata.fyi/schools/university-of-puget-sound/2024-25
236328,2024,need_fully_met_count,55,reported,H.208,https://drive.usercontent.google.com/download?id=1OaFaCV_d54yJCHVUmPKSu6C7Rermnahs&export=download,https://www.collegedata.fyi/schools/university-of-puget-sound/2024-25
236948,2025,aid_awarded_freshmen_count,2548,reported,H.204,https://cdn.uw.edu/wp-content/uploads/sites/162/2026/02/27111247/CDS_2025-2026_Seattle.pdf,https://www.collegedata.fyi/schools/uw/2025-26
236948,2025,avg_need_based_grant_usd,21532,reported,H.211,https://cdn.uw.edu/wp-content/uploads/sites/162/2026/02/27111247/CDS_2025-2026_Seattle.pdf,https://www.collegedata.fyi/schools/uw/2025-26
236948,2025,avg_need_met_percent,74,reported,H.209,https://cdn.uw.edu/wp-content/uploads/sites/162/2026/02/27111247/CDS_2025-2026_Seattle.pdf,https://www.collegedata.fyi/schools/uw/2025-26
236948,2025,fafsa_required,true,reported,H.801,https://cdn.uw.edu/wp-content/uploads/sites/162/2026/02/27111247/CDS_2025-2026_Seattle.pdf,https://www.collegedata.fyi/schools/uw/2025-26
236948,2025,need_fully_met_count,549,reported,H.208,https://cdn.uw.edu/wp-content/uploads/sites/162/2026/02/27111247/CDS_2025-2026_Seattle.pdf,https://www.collegedata.fyi/schools/uw/2025-26
236948,2025,other_institutional_form_required,true,reported,H.807,https://cdn.uw.edu/wp-content/uploads/sites/162/2026/02/27111247/CDS_2025-2026_Seattle.pdf,https://www.collegedata.fyi/schools/uw/2025-26
237011,2025,aid_awarded_freshmen_count,1253,reported,H.204,https://bpb-us-e1.wpmucdn.com/wp.wwu.edu/dist/d/4572/files/2026/02/CDS_2025-26.pdf,https://www.collegedata.fyi/schools/western-washington-university/2025-26
237011,2025,avg_need_based_grant_usd,12496,reported,H.211,https://bpb-us-e1.wpmucdn.com/wp.wwu.edu/dist/d/4572/files/2026/02/CDS_2025-26.pdf,https://www.collegedata.fyi/schools/western-washington-university/2025-26
237011,2025,avg_need_met_percent,75,reported,H.209,https://bpb-us-e1.wpmucdn.com/wp.wwu.edu/dist/d/4572/files/2026/02/CDS_2025-26.pdf,https://www.collegedata.fyi/schools/western-washington-university/2025-26
237011,2025,fafsa_required,true,reported,H.801,https://bpb-us-e1.wpmucdn.com/wp.wwu.edu/dist/d/4572/files/2026/02/CDS_2025-26.pdf,https://www.collegedata.fyi/schools/western-washington-university/2025-26
237011,2025,need_fully_met_count,186,reported,H.208,https://bpb-us-e1.wpmucdn.com/wp.wwu.edu/dist/d/4572/files/2026/02/CDS_2025-26.pdf,https://www.collegedata.fyi/schools/western-washington-university/2025-26
237057,2024,aid_awarded_freshmen_count,238,reported,H.204,https://drive.usercontent.google.com/download?id=1IPdvZGD-gzDYjb8QUWKuj8UgZk-wgpFr&export=download,https://www.collegedata.fyi/schools/whitman-college/2024-25
237057,2024,avg_need_based_grant_usd,51114,reported,H.211,https://drive.usercontent.google.com/download?id=1IPdvZGD-gzDYjb8QUWKuj8UgZk-wgpFr&export=download,https://www.collegedata.fyi/schools/whitman-college/2024-25
237057,2024,avg_need_met_percent,98,reported,H.209,https://drive.usercontent.google.com/download?id=1IPdvZGD-gzDYjb8QUWKuj8UgZk-wgpFr&export=download,https://www.collegedata.fyi/schools/whitman-college/2024-25
237057,2024,css_profile_required,true,reported,H.803,https://drive.usercontent.google.com/download?id=1IPdvZGD-gzDYjb8QUWKuj8UgZk-wgpFr&export=download,https://www.collegedata.fyi/schools/whitman-college/2024-25
237057,2024,fafsa_required,true,reported,H.801,https://drive.usercontent.google.com/download?id=1IPdvZGD-gzDYjb8QUWKuj8UgZk-wgpFr&export=download,https://www.collegedata.fyi/schools/whitman-college/2024-25
237057,2024,need_fully_met_count,112,reported,H.208,https://drive.usercontent.google.com/download?id=1IPdvZGD-gzDYjb8QUWKuj8UgZk-wgpFr&export=download,https://www.collegedata.fyi/schools/whitman-college/2024-25
237057,2024,noncustodial_css_profile_required,true,reported,H.805,https://drive.usercontent.google.com/download?id=1IPdvZGD-gzDYjb8QUWKuj8UgZk-wgpFr&export=download,https://www.collegedata.fyi/schools/whitman-college/2024-25
237330,2024,aid_awarded_freshmen_count,331,reported,H.204,https://www.concord.edu/wp-content/uploads/CDS_2024-2025_ConcordUniversity.pdf,https://www.collegedata.fyi/schools/concord-university/2024-25
237330,2024,avg_need_based_grant_usd,8844,reported,H.211,https://www.concord.edu/wp-content/uploads/CDS_2024-2025_ConcordUniversity.pdf,https://www.collegedata.fyi/schools/concord-university/2024-25
237330,2024,avg_need_met_percent,80.4,reported,H.209,https://www.concord.edu/wp-content/uploads/CDS_2024-2025_ConcordUniversity.pdf,https://www.collegedata.fyi/schools/concord-university/2024-25
237330,2024,fafsa_required,true,reported,H.801,https://www.concord.edu/wp-content/uploads/CDS_2024-2025_ConcordUniversity.pdf,https://www.collegedata.fyi/schools/concord-university/2024-25
237330,2024,institutional_form_required,true,reported,H.802,https://www.concord.edu/wp-content/uploads/CDS_2024-2025_ConcordUniversity.pdf,https://www.collegedata.fyi/schools/concord-university/2024-25
237330,2024,need_fully_met_count,114,reported,H.208,https://www.concord.edu/wp-content/uploads/CDS_2024-2025_ConcordUniversity.pdf,https://www.collegedata.fyi/schools/concord-university/2024-25
237330,2024,other_institutional_form_required,true,reported,H.807,https://www.concord.edu/wp-content/uploads/CDS_2024-2025_ConcordUniversity.pdf,https://www.collegedata.fyi/schools/concord-university/2024-25
237330,2024,state_aid_form_required,true,reported,H.804,https://www.concord.edu/wp-content/uploads/CDS_2024-2025_ConcordUniversity.pdf,https://www.collegedata.fyi/schools/concord-university/2024-25
238333,2025,aid_awarded_freshmen_count,159,reported,H.204,https://www.beloit.edu/live/files/1104-common-data-set-cds-2025-26,https://www.collegedata.fyi/schools/beloit-college/2025-26
238333,2025,avg_need_based_grant_usd,48234,reported,H.211,https://www.beloit.edu/live/files/1104-common-data-set-cds-2025-26,https://www.collegedata.fyi/schools/beloit-college/2025-26
238333,2025,avg_need_met_percent,94.3,reported,H.209,https://www.beloit.edu/live/files/1104-common-data-set-cds-2025-26,https://www.collegedata.fyi/schools/beloit-college/2025-26
238333,2025,fafsa_required,true,reported,H.801,https://www.beloit.edu/live/files/1104-common-data-set-cds-2025-26,https://www.collegedata.fyi/schools/beloit-college/2025-26
238333,2025,need_fully_met_count,54,reported,H.208,https://www.beloit.edu/live/files/1104-common-data-set-cds-2025-26,https://www.collegedata.fyi/schools/beloit-college/2025-26
239017,2024,aid_awarded_freshmen_count,239,reported,H.204,https://inside.lawrence.edu/sites/default/files/2025-02/CDS%202024-25_0.pdf,https://www.collegedata.fyi/schools/lawrence-university/2024-25
239017,2024,avg_need_based_grant_usd,47410,reported,H.211,https://inside.lawrence.edu/sites/default/files/2025-02/CDS%202024-25_0.pdf,https://www.collegedata.fyi/schools/lawrence-university/2024-25
239017,2024,avg_need_met_percent,94,reported,H.209,https://inside.lawrence.edu/sites/default/files/2025-02/CDS%202024-25_0.pdf,https://www.collegedata.fyi/schools/lawrence-university/2024-25
239017,2024,css_profile_required,true,reported,H.803,https://inside.lawrence.edu/sites/default/files/2025-02/CDS%202024-25_0.pdf,https://www.collegedata.fyi/schools/lawrence-university/2024-25
239017,2024,fafsa_required,true,reported,H.801,https://inside.lawrence.edu/sites/default/files/2025-02/CDS%202024-25_0.pdf,https://www.collegedata.fyi/schools/lawrence-university/2024-25
239017,2024,institutional_form_required,true,reported,H.802,https://inside.lawrence.edu/sites/default/files/2025-02/CDS%202024-25_0.pdf,https://www.collegedata.fyi/schools/lawrence-university/2024-25
239017,2024,need_fully_met_count,132,reported,H.208,https://inside.lawrence.edu/sites/default/files/2025-02/CDS%202024-25_0.pdf,https://www.collegedata.fyi/schools/lawrence-university/2024-25
239017,2024,noncustodial_css_profile_required,true,reported,H.805,https://inside.lawrence.edu/sites/default/files/2025-02/CDS%202024-25_0.pdf,https://www.collegedata.fyi/schools/lawrence-university/2024-25
239318,2025,aid_awarded_freshmen_count,460,reported,H.204,https://msoe.s3.amazonaws.com/files/resources/cds-final-pdf-25-26-1.pdf,https://www.collegedata.fyi/schools/milwaukee-school-of-engineering/2025-26
239318,2025,avg_need_based_grant_usd,44271,reported,H.211,https://msoe.s3.amazonaws.com/files/resources/cds-final-pdf-25-26-1.pdf,https://www.collegedata.fyi/schools/milwaukee-school-of-engineering/2025-26
239318,2025,avg_need_met_percent,90,reported,H.209,https://msoe.s3.amazonaws.com/files/resources/cds-final-pdf-25-26-1.pdf,https://www.collegedata.fyi/schools/milwaukee-school-of-engineering/2025-26
239318,2025,fafsa_required,true,reported,H.801,https://msoe.s3.amazonaws.com/files/resources/cds-final-pdf-25-26-1.pdf,https://www.collegedata.fyi/schools/milwaukee-school-of-engineering/2025-26
239318,2025,need_fully_met_count,246,reported,H.208,https://msoe.s3.amazonaws.com/files/resources/cds-final-pdf-25-26-1.pdf,https://www.collegedata.fyi/schools/milwaukee-school-of-engineering/2025-26
240268,2025,aid_awarded_freshmen_count,849,reported,H.204,https://www.uwec.edu/sites/default/files/2025-11/CDS2025-2026.pdf,https://www.collegedata.fyi/schools/university-of-wisconsin-eau-claire/2025-26
240268,2025,avg_need_based_grant_usd,10165,reported,H.211,https://www.uwec.edu/sites/default/files/2025-11/CDS2025-2026.pdf,https://www.collegedata.fyi/schools/university-of-wisconsin-eau-claire/2025-26
240268,2025,avg_need_met_percent,83.7,reported,H.209,https://www.uwec.edu/sites/default/files/2025-11/CDS2025-2026.pdf,https://www.collegedata.fyi/schools/university-of-wisconsin-eau-claire/2025-26
240268,2025,fafsa_required,true,reported,H.801,https://www.uwec.edu/sites/default/files/2025-11/CDS2025-2026.pdf,https://www.collegedata.fyi/schools/university-of-wisconsin-eau-claire/2025-26
240268,2025,need_fully_met_count,201,reported,H.208,https://www.uwec.edu/sites/default/files/2025-11/CDS2025-2026.pdf,https://www.collegedata.fyi/schools/university-of-wisconsin-eau-claire/2025-26
240277,2025,aid_awarded_freshmen_count,982,reported,H.204,https://www.uwgb.edu/getmedia/e4d65779-195e-47a8-95a8-b4e72bc34978/CDS-2025-2026.xlsx,https://www.collegedata.fyi/schools/university-of-wisconsin-green-bay/2025-26
240277,2025,avg_need_based_grant_usd,1955,reported,H.211,https://www.uwgb.edu/getmedia/e4d65779-195e-47a8-95a8-b4e72bc34978/CDS-2025-2026.xlsx,https://www.collegedata.fyi/schools/university-of-wisconsin-green-bay/2025-26
240277,2025,avg_need_met_percent,97.57,reported,H.209,https://www.uwgb.edu/getmedia/e4d65779-195e-47a8-95a8-b4e72bc34978/CDS-2025-2026.xlsx,https://www.collegedata.fyi/schools/university-of-wisconsin-green-bay/2025-26
240277,2025,fafsa_required,true,reported,H.801,https://www.uwgb.edu/getmedia/e4d65779-195e-47a8-95a8-b4e72bc34978/CDS-2025-2026.xlsx,https://www.collegedata.fyi/schools/university-of-wisconsin-green-bay/2025-26
240277,2025,need_fully_met_count,17,reported,H.208,https://www.uwgb.edu/getmedia/e4d65779-195e-47a8-95a8-b4e72bc34978/CDS-2025-2026.xlsx,https://www.collegedata.fyi/schools/university-of-wisconsin-green-bay/2025-26
240444,2025,aid_awarded_freshmen_count,3224,reported,H.204,https://public.boxcloud.com/d/1/b1!lll_LvppyBXKj1RUf_Kp8we8BiZKnT3MhamWvn2E3kPYjVirPL8AMiNcJz23w2IF6A4K0hO_cqFmb53skKe6X7xpsZRm0M77Bn6KtvO3b3PTC-nJxLDeFQ-JoLqRtJCJ_K_M-6e34H0cRWs5mk3bUBe9Z8TMMuOIyawfylUJUhL4UbsKfzWyqk2fVC4rrJoaxSb6C8BnkXyGpfACqech_iRRxnOOwEdGwKoSkK8zUa0VauWmDwgynzXarIY-Z6wOAIESOL7GbaIIle_qNKbUQ62NATIW2xDaYYBtCq0lEYTwynykOePXFzquJhJOdSrdm2tb9MmU-cd9at21woOogdA3S0uKY3qQnM5bky83BZEUAcdTG60_3EgICOK2QvPOv-ZQm-dEFRaz6R_ARw4Zz_CIkw67Z_g3fJH64W1nq1X5WgzLPE8LG8qFg9UCI604JZdbRgCH7MNgMM_XPNnQhDxVxkAE0qWo2sQ7zPmah4gB_ddc06-6ePbfVp3mRa1taxibjySFrYrUlaBYD8dERM4elxHqe4DD0vVV4cWK9cBzVP_8PoDMhF-O5T2RRQna-cUQAKjv0MqjVmmDggjCb4rYWXUi_rY9L-irg5P8OOYVKotGL8UWsSAou55SuIPb_JyBpEitFgdxv84jBj9AOpxZaQFNhqVwVXRCf4UcyFyHV0ZJDcDNunroEU77VL-lIWgsVBj_Mq9l-6ka0UOn57zchXRKnrIrGRsQoHfw32i6BrqmufAP6GdWiRTL6K7cpZIGrqQSgIT8sZ9k6jkwXnWCWZWivRwxVrIx7UAIOlaeWjk5pBtpgOeO1qMoWnLe2mb-bdrfT2YJ_78mVVU5a24DZfeBLKBvmmMCO7qaLEqtZxl8E9HYNHDB4epiewyD4X5exC2416_E6cE_wiWb_dkkRudgTYHur86wAOmeUfBn2F1_bs7YGXk7iHqhdUNsijKE-jVNGkIwh_TTVfjCaTI2fkCQUSXBHtq5Hfh9BIy8EIRQb1n4u2FOKZT9D7X16U2G1V5osZG2GelOco-aVIXyaQRDHMvsXdmVCtqkS9asMqk81r9i1jKMjywsjIPfsuKPcew6jzfKB5mYpxag-W1LVZQ3F99xBAwAnZUpDR73oSQs6Vy5AnWHhAzO7w731RP4P67UeOzhjkWLGKkWCiBzCyUNDNORyPjBHjtGyb5a_dHGtniIfQeVPkCVlb0T9VUcIATaB3_5exX9KohIAHKZxyDEpD1vOWJQlPQ5zKbMJgG4QstPrBoEvWfma3URXLOL2GMNof4TH-g3kgEwTTFm-yw3EkBBTcRysNOIPplGClE6X-cunLwcvGMfdRFZ8dGNUz7VA6VBQfgnlYQfduBV-FPwL7RrZEj1ZDuxRx2J5VRbG72vdfwpILz0fxDQSLmSpuJR3BanbsmfcMBecNgKPWkS2xSvE7-1wA8f2Rwx9L_fNI7jxGKxLiFOtXz3uMsBBFM3t0rOJ9sRc6S1NV6mswSuupX7MCwGg_rXk7l2bgY1e8FRwp3l4gwmKwzSBurvNjyURMKfGyJls0WRJJ3ZPltTES4EO3Tn9V-5tUNrUVQtjz7YdXxVbs2uBYIGARj5aWSn_npNhQnlLOuuQiyajmiOFjovQDXu31uRk6U_nQ../download,https://www.collegedata.fyi/schools/uw-madison/2025-26
240444,2025,avg_need_based_grant_usd,34869,reported,H.211,https://public.boxcloud.com/d/1/b1!lll_LvppyBXKj1RUf_Kp8we8BiZKnT3MhamWvn2E3kPYjVirPL8AMiNcJz23w2IF6A4K0hO_cqFmb53skKe6X7xpsZRm0M77Bn6KtvO3b3PTC-nJxLDeFQ-JoLqRtJCJ_K_M-6e34H0cRWs5mk3bUBe9Z8TMMuOIyawfylUJUhL4UbsKfzWyqk2fVC4rrJoaxSb6C8BnkXyGpfACqech_iRRxnOOwEdGwKoSkK8zUa0VauWmDwgynzXarIY-Z6wOAIESOL7GbaIIle_qNKbUQ62NATIW2xDaYYBtCq0lEYTwynykOePXFzquJhJOdSrdm2tb9MmU-cd9at21woOogdA3S0uKY3qQnM5bky83BZEUAcdTG60_3EgICOK2QvPOv-ZQm-dEFRaz6R_ARw4Zz_CIkw67Z_g3fJH64W1nq1X5WgzLPE8LG8qFg9UCI604JZdbRgCH7MNgMM_XPNnQhDxVxkAE0qWo2sQ7zPmah4gB_ddc06-6ePbfVp3mRa1taxibjySFrYrUlaBYD8dERM4elxHqe4DD0vVV4cWK9cBzVP_8PoDMhF-O5T2RRQna-cUQAKjv0MqjVmmDggjCb4rYWXUi_rY9L-irg5P8OOYVKotGL8UWsSAou55SuIPb_JyBpEitFgdxv84jBj9AOpxZaQFNhqVwVXRCf4UcyFyHV0ZJDcDNunroEU77VL-lIWgsVBj_Mq9l-6ka0UOn57zchXRKnrIrGRsQoHfw32i6BrqmufAP6GdWiRTL6K7cpZIGrqQSgIT8sZ9k6jkwXnWCWZWivRwxVrIx7UAIOlaeWjk5pBtpgOeO1qMoWnLe2mb-bdrfT2YJ_78mVVU5a24DZfeBLKBvmmMCO7qaLEqtZxl8E9HYNHDB4epiewyD4X5exC2416_E6cE_wiWb_dkkRudgTYHur86wAOmeUfBn2F1_bs7YGXk7iHqhdUNsijKE-jVNGkIwh_TTVfjCaTI2fkCQUSXBHtq5Hfh9BIy8EIRQb1n4u2FOKZT9D7X16U2G1V5osZG2GelOco-aVIXyaQRDHMvsXdmVCtqkS9asMqk81r9i1jKMjywsjIPfsuKPcew6jzfKB5mYpxag-W1LVZQ3F99xBAwAnZUpDR73oSQs6Vy5AnWHhAzO7w731RP4P67UeOzhjkWLGKkWCiBzCyUNDNORyPjBHjtGyb5a_dHGtniIfQeVPkCVlb0T9VUcIATaB3_5exX9KohIAHKZxyDEpD1vOWJQlPQ5zKbMJgG4QstPrBoEvWfma3URXLOL2GMNof4TH-g3kgEwTTFm-yw3EkBBTcRysNOIPplGClE6X-cunLwcvGMfdRFZ8dGNUz7VA6VBQfgnlYQfduBV-FPwL7RrZEj1ZDuxRx2J5VRbG72vdfwpILz0fxDQSLmSpuJR3BanbsmfcMBecNgKPWkS2xSvE7-1wA8f2Rwx9L_fNI7jxGKxLiFOtXz3uMsBBFM3t0rOJ9sRc6S1NV6mswSuupX7MCwGg_rXk7l2bgY1e8FRwp3l4gwmKwzSBurvNjyURMKfGyJls0WRJJ3ZPltTES4EO3Tn9V-5tUNrUVQtjz7YdXxVbs2uBYIGARj5aWSn_npNhQnlLOuuQiyajmiOFjovQDXu31uRk6U_nQ../download,https://www.collegedata.fyi/schools/uw-madison/2025-26
240444,2025,avg_need_met_percent,91,reported,H.209,https://public.boxcloud.com/d/1/b1!lll_LvppyBXKj1RUf_Kp8we8BiZKnT3MhamWvn2E3kPYjVirPL8AMiNcJz23w2IF6A4K0hO_cqFmb53skKe6X7xpsZRm0M77Bn6KtvO3b3PTC-nJxLDeFQ-JoLqRtJCJ_K_M-6e34H0cRWs5mk3bUBe9Z8TMMuOIyawfylUJUhL4UbsKfzWyqk2fVC4rrJoaxSb6C8BnkXyGpfACqech_iRRxnOOwEdGwKoSkK8zUa0VauWmDwgynzXarIY-Z6wOAIESOL7GbaIIle_qNKbUQ62NATIW2xDaYYBtCq0lEYTwynykOePXFzquJhJOdSrdm2tb9MmU-cd9at21woOogdA3S0uKY3qQnM5bky83BZEUAcdTG60_3EgICOK2QvPOv-ZQm-dEFRaz6R_ARw4Zz_CIkw67Z_g3fJH64W1nq1X5WgzLPE8LG8qFg9UCI604JZdbRgCH7MNgMM_XPNnQhDxVxkAE0qWo2sQ7zPmah4gB_ddc06-6ePbfVp3mRa1taxibjySFrYrUlaBYD8dERM4elxHqe4DD0vVV4cWK9cBzVP_8PoDMhF-O5T2RRQna-cUQAKjv0MqjVmmDggjCb4rYWXUi_rY9L-irg5P8OOYVKotGL8UWsSAou55SuIPb_JyBpEitFgdxv84jBj9AOpxZaQFNhqVwVXRCf4UcyFyHV0ZJDcDNunroEU77VL-lIWgsVBj_Mq9l-6ka0UOn57zchXRKnrIrGRsQoHfw32i6BrqmufAP6GdWiRTL6K7cpZIGrqQSgIT8sZ9k6jkwXnWCWZWivRwxVrIx7UAIOlaeWjk5pBtpgOeO1qMoWnLe2mb-bdrfT2YJ_78mVVU5a24DZfeBLKBvmmMCO7qaLEqtZxl8E9HYNHDB4epiewyD4X5exC2416_E6cE_wiWb_dkkRudgTYHur86wAOmeUfBn2F1_bs7YGXk7iHqhdUNsijKE-jVNGkIwh_TTVfjCaTI2fkCQUSXBHtq5Hfh9BIy8EIRQb1n4u2FOKZT9D7X16U2G1V5osZG2GelOco-aVIXyaQRDHMvsXdmVCtqkS9asMqk81r9i1jKMjywsjIPfsuKPcew6jzfKB5mYpxag-W1LVZQ3F99xBAwAnZUpDR73oSQs6Vy5AnWHhAzO7w731RP4P67UeOzhjkWLGKkWCiBzCyUNDNORyPjBHjtGyb5a_dHGtniIfQeVPkCVlb0T9VUcIATaB3_5exX9KohIAHKZxyDEpD1vOWJQlPQ5zKbMJgG4QstPrBoEvWfma3URXLOL2GMNof4TH-g3kgEwTTFm-yw3EkBBTcRysNOIPplGClE6X-cunLwcvGMfdRFZ8dGNUz7VA6VBQfgnlYQfduBV-FPwL7RrZEj1ZDuxRx2J5VRbG72vdfwpILz0fxDQSLmSpuJR3BanbsmfcMBecNgKPWkS2xSvE7-1wA8f2Rwx9L_fNI7jxGKxLiFOtXz3uMsBBFM3t0rOJ9sRc6S1NV6mswSuupX7MCwGg_rXk7l2bgY1e8FRwp3l4gwmKwzSBurvNjyURMKfGyJls0WRJJ3ZPltTES4EO3Tn9V-5tUNrUVQtjz7YdXxVbs2uBYIGARj5aWSn_npNhQnlLOuuQiyajmiOFjovQDXu31uRk6U_nQ../download,https://www.collegedata.fyi/schools/uw-madison/2025-26
240444,2025,css_profile_required,true,reported,H.803,https://public.boxcloud.com/d/1/b1!lll_LvppyBXKj1RUf_Kp8we8BiZKnT3MhamWvn2E3kPYjVirPL8AMiNcJz23w2IF6A4K0hO_cqFmb53skKe6X7xpsZRm0M77Bn6KtvO3b3PTC-nJxLDeFQ-JoLqRtJCJ_K_M-6e34H0cRWs5mk3bUBe9Z8TMMuOIyawfylUJUhL4UbsKfzWyqk2fVC4rrJoaxSb6C8BnkXyGpfACqech_iRRxnOOwEdGwKoSkK8zUa0VauWmDwgynzXarIY-Z6wOAIESOL7GbaIIle_qNKbUQ62NATIW2xDaYYBtCq0lEYTwynykOePXFzquJhJOdSrdm2tb9MmU-cd9at21woOogdA3S0uKY3qQnM5bky83BZEUAcdTG60_3EgICOK2QvPOv-ZQm-dEFRaz6R_ARw4Zz_CIkw67Z_g3fJH64W1nq1X5WgzLPE8LG8qFg9UCI604JZdbRgCH7MNgMM_XPNnQhDxVxkAE0qWo2sQ7zPmah4gB_ddc06-6ePbfVp3mRa1taxibjySFrYrUlaBYD8dERM4elxHqe4DD0vVV4cWK9cBzVP_8PoDMhF-O5T2RRQna-cUQAKjv0MqjVmmDggjCb4rYWXUi_rY9L-irg5P8OOYVKotGL8UWsSAou55SuIPb_JyBpEitFgdxv84jBj9AOpxZaQFNhqVwVXRCf4UcyFyHV0ZJDcDNunroEU77VL-lIWgsVBj_Mq9l-6ka0UOn57zchXRKnrIrGRsQoHfw32i6BrqmufAP6GdWiRTL6K7cpZIGrqQSgIT8sZ9k6jkwXnWCWZWivRwxVrIx7UAIOlaeWjk5pBtpgOeO1qMoWnLe2mb-bdrfT2YJ_78mVVU5a24DZfeBLKBvmmMCO7qaLEqtZxl8E9HYNHDB4epiewyD4X5exC2416_E6cE_wiWb_dkkRudgTYHur86wAOmeUfBn2F1_bs7YGXk7iHqhdUNsijKE-jVNGkIwh_TTVfjCaTI2fkCQUSXBHtq5Hfh9BIy8EIRQb1n4u2FOKZT9D7X16U2G1V5osZG2GelOco-aVIXyaQRDHMvsXdmVCtqkS9asMqk81r9i1jKMjywsjIPfsuKPcew6jzfKB5mYpxag-W1LVZQ3F99xBAwAnZUpDR73oSQs6Vy5AnWHhAzO7w731RP4P67UeOzhjkWLGKkWCiBzCyUNDNORyPjBHjtGyb5a_dHGtniIfQeVPkCVlb0T9VUcIATaB3_5exX9KohIAHKZxyDEpD1vOWJQlPQ5zKbMJgG4QstPrBoEvWfma3URXLOL2GMNof4TH-g3kgEwTTFm-yw3EkBBTcRysNOIPplGClE6X-cunLwcvGMfdRFZ8dGNUz7VA6VBQfgnlYQfduBV-FPwL7RrZEj1ZDuxRx2J5VRbG72vdfwpILz0fxDQSLmSpuJR3BanbsmfcMBecNgKPWkS2xSvE7-1wA8f2Rwx9L_fNI7jxGKxLiFOtXz3uMsBBFM3t0rOJ9sRc6S1NV6mswSuupX7MCwGg_rXk7l2bgY1e8FRwp3l4gwmKwzSBurvNjyURMKfGyJls0WRJJ3ZPltTES4EO3Tn9V-5tUNrUVQtjz7YdXxVbs2uBYIGARj5aWSn_npNhQnlLOuuQiyajmiOFjovQDXu31uRk6U_nQ../download,https://www.collegedata.fyi/schools/uw-madison/2025-26
240444,2025,fafsa_required,true,reported,H.801,https://public.boxcloud.com/d/1/b1!lll_LvppyBXKj1RUf_Kp8we8BiZKnT3MhamWvn2E3kPYjVirPL8AMiNcJz23w2IF6A4K0hO_cqFmb53skKe6X7xpsZRm0M77Bn6KtvO3b3PTC-nJxLDeFQ-JoLqRtJCJ_K_M-6e34H0cRWs5mk3bUBe9Z8TMMuOIyawfylUJUhL4UbsKfzWyqk2fVC4rrJoaxSb6C8BnkXyGpfACqech_iRRxnOOwEdGwKoSkK8zUa0VauWmDwgynzXarIY-Z6wOAIESOL7GbaIIle_qNKbUQ62NATIW2xDaYYBtCq0lEYTwynykOePXFzquJhJOdSrdm2tb9MmU-cd9at21woOogdA3S0uKY3qQnM5bky83BZEUAcdTG60_3EgICOK2QvPOv-ZQm-dEFRaz6R_ARw4Zz_CIkw67Z_g3fJH64W1nq1X5WgzLPE8LG8qFg9UCI604JZdbRgCH7MNgMM_XPNnQhDxVxkAE0qWo2sQ7zPmah4gB_ddc06-6ePbfVp3mRa1taxibjySFrYrUlaBYD8dERM4elxHqe4DD0vVV4cWK9cBzVP_8PoDMhF-O5T2RRQna-cUQAKjv0MqjVmmDggjCb4rYWXUi_rY9L-irg5P8OOYVKotGL8UWsSAou55SuIPb_JyBpEitFgdxv84jBj9AOpxZaQFNhqVwVXRCf4UcyFyHV0ZJDcDNunroEU77VL-lIWgsVBj_Mq9l-6ka0UOn57zchXRKnrIrGRsQoHfw32i6BrqmufAP6GdWiRTL6K7cpZIGrqQSgIT8sZ9k6jkwXnWCWZWivRwxVrIx7UAIOlaeWjk5pBtpgOeO1qMoWnLe2mb-bdrfT2YJ_78mVVU5a24DZfeBLKBvmmMCO7qaLEqtZxl8E9HYNHDB4epiewyD4X5exC2416_E6cE_wiWb_dkkRudgTYHur86wAOmeUfBn2F1_bs7YGXk7iHqhdUNsijKE-jVNGkIwh_TTVfjCaTI2fkCQUSXBHtq5Hfh9BIy8EIRQb1n4u2FOKZT9D7X16U2G1V5osZG2GelOco-aVIXyaQRDHMvsXdmVCtqkS9asMqk81r9i1jKMjywsjIPfsuKPcew6jzfKB5mYpxag-W1LVZQ3F99xBAwAnZUpDR73oSQs6Vy5AnWHhAzO7w731RP4P67UeOzhjkWLGKkWCiBzCyUNDNORyPjBHjtGyb5a_dHGtniIfQeVPkCVlb0T9VUcIATaB3_5exX9KohIAHKZxyDEpD1vOWJQlPQ5zKbMJgG4QstPrBoEvWfma3URXLOL2GMNof4TH-g3kgEwTTFm-yw3EkBBTcRysNOIPplGClE6X-cunLwcvGMfdRFZ8dGNUz7VA6VBQfgnlYQfduBV-FPwL7RrZEj1ZDuxRx2J5VRbG72vdfwpILz0fxDQSLmSpuJR3BanbsmfcMBecNgKPWkS2xSvE7-1wA8f2Rwx9L_fNI7jxGKxLiFOtXz3uMsBBFM3t0rOJ9sRc6S1NV6mswSuupX7MCwGg_rXk7l2bgY1e8FRwp3l4gwmKwzSBurvNjyURMKfGyJls0WRJJ3ZPltTES4EO3Tn9V-5tUNrUVQtjz7YdXxVbs2uBYIGARj5aWSn_npNhQnlLOuuQiyajmiOFjovQDXu31uRk6U_nQ../download,https://www.collegedata.fyi/schools/uw-madison/2025-26
240444,2025,need_fully_met_count,2600,reported,H.208,https://public.boxcloud.com/d/1/b1!lll_LvppyBXKj1RUf_Kp8we8BiZKnT3MhamWvn2E3kPYjVirPL8AMiNcJz23w2IF6A4K0hO_cqFmb53skKe6X7xpsZRm0M77Bn6KtvO3b3PTC-nJxLDeFQ-JoLqRtJCJ_K_M-6e34H0cRWs5mk3bUBe9Z8TMMuOIyawfylUJUhL4UbsKfzWyqk2fVC4rrJoaxSb6C8BnkXyGpfACqech_iRRxnOOwEdGwKoSkK8zUa0VauWmDwgynzXarIY-Z6wOAIESOL7GbaIIle_qNKbUQ62NATIW2xDaYYBtCq0lEYTwynykOePXFzquJhJOdSrdm2tb9MmU-cd9at21woOogdA3S0uKY3qQnM5bky83BZEUAcdTG60_3EgICOK2QvPOv-ZQm-dEFRaz6R_ARw4Zz_CIkw67Z_g3fJH64W1nq1X5WgzLPE8LG8qFg9UCI604JZdbRgCH7MNgMM_XPNnQhDxVxkAE0qWo2sQ7zPmah4gB_ddc06-6ePbfVp3mRa1taxibjySFrYrUlaBYD8dERM4elxHqe4DD0vVV4cWK9cBzVP_8PoDMhF-O5T2RRQna-cUQAKjv0MqjVmmDggjCb4rYWXUi_rY9L-irg5P8OOYVKotGL8UWsSAou55SuIPb_JyBpEitFgdxv84jBj9AOpxZaQFNhqVwVXRCf4UcyFyHV0ZJDcDNunroEU77VL-lIWgsVBj_Mq9l-6ka0UOn57zchXRKnrIrGRsQoHfw32i6BrqmufAP6GdWiRTL6K7cpZIGrqQSgIT8sZ9k6jkwXnWCWZWivRwxVrIx7UAIOlaeWjk5pBtpgOeO1qMoWnLe2mb-bdrfT2YJ_78mVVU5a24DZfeBLKBvmmMCO7qaLEqtZxl8E9HYNHDB4epiewyD4X5exC2416_E6cE_wiWb_dkkRudgTYHur86wAOmeUfBn2F1_bs7YGXk7iHqhdUNsijKE-jVNGkIwh_TTVfjCaTI2fkCQUSXBHtq5Hfh9BIy8EIRQb1n4u2FOKZT9D7X16U2G1V5osZG2GelOco-aVIXyaQRDHMvsXdmVCtqkS9asMqk81r9i1jKMjywsjIPfsuKPcew6jzfKB5mYpxag-W1LVZQ3F99xBAwAnZUpDR73oSQs6Vy5AnWHhAzO7w731RP4P67UeOzhjkWLGKkWCiBzCyUNDNORyPjBHjtGyb5a_dHGtniIfQeVPkCVlb0T9VUcIATaB3_5exX9KohIAHKZxyDEpD1vOWJQlPQ5zKbMJgG4QstPrBoEvWfma3URXLOL2GMNof4TH-g3kgEwTTFm-yw3EkBBTcRysNOIPplGClE6X-cunLwcvGMfdRFZ8dGNUz7VA6VBQfgnlYQfduBV-FPwL7RrZEj1ZDuxRx2J5VRbG72vdfwpILz0fxDQSLmSpuJR3BanbsmfcMBecNgKPWkS2xSvE7-1wA8f2Rwx9L_fNI7jxGKxLiFOtXz3uMsBBFM3t0rOJ9sRc6S1NV6mswSuupX7MCwGg_rXk7l2bgY1e8FRwp3l4gwmKwzSBurvNjyURMKfGyJls0WRJJ3ZPltTES4EO3Tn9V-5tUNrUVQtjz7YdXxVbs2uBYIGARj5aWSn_npNhQnlLOuuQiyajmiOFjovQDXu31uRk6U_nQ../download,https://www.collegedata.fyi/schools/uw-madison/2025-26
243744,2025,aid_awarded_freshmen_count,761,reported,H.204,https://drive.usercontent.google.com/download?id=1GIPKgVj1d86dkmLkHI_mZVCk_iY6kiCp&export=download,https://www.collegedata.fyi/schools/stanford/2025-26
243744,2025,avg_need_based_grant_usd,72166,reported,H.211,https://drive.usercontent.google.com/download?id=1GIPKgVj1d86dkmLkHI_mZVCk_iY6kiCp&export=download,https://www.collegedata.fyi/schools/stanford/2025-26
243744,2025,avg_need_met_percent,100,reported,H.209,https://drive.usercontent.google.com/download?id=1GIPKgVj1d86dkmLkHI_mZVCk_iY6kiCp&export=download,https://www.collegedata.fyi/schools/stanford/2025-26
243744,2025,need_fully_met_count,744,reported,H.208,https://drive.usercontent.google.com/download?id=1GIPKgVj1d86dkmLkHI_mZVCk_iY6kiCp&export=download,https://www.collegedata.fyi/schools/stanford/2025-26
243780,2025,fafsa_required,,not_collected_by_us,H.801,https://www.purdue.edu/idata/wp-content/uploads/2026/04/CDS-2025-2026.xlsx,https://www.collegedata.fyi/schools/purdue/2025-26
366711,2025,fafsa_required,true,reported,H.801,https://www.csusm.edu/ipa/cds-files/cds-doc/cds_2025-2026.xlsx,https://www.collegedata.fyi/schools/california-state-university-san-marcos/2025-26
366711,2025,state_aid_form_required,true,reported,H.804,https://www.csusm.edu/ipa/cds-files/cds-doc/cds_2025-2026.xlsx,https://www.collegedata.fyi/schools/california-state-university-san-marcos/2025-26
377555,2025,aid_awarded_freshmen_count,2548,reported,H.204,https://cdn.uw.edu/wp-content/uploads/sites/162/2026/02/27111247/CDS_2025-2026_Seattle.pdf,https://www.collegedata.fyi/schools/university-of-washington-bothell-campus/2025-26
377555,2025,avg_need_based_grant_usd,21532,reported,H.211,https://cdn.uw.edu/wp-content/uploads/sites/162/2026/02/27111247/CDS_2025-2026_Seattle.pdf,https://www.collegedata.fyi/schools/university-of-washington-bothell-campus/2025-26
377555,2025,avg_need_met_percent,74,reported,H.209,https://cdn.uw.edu/wp-content/uploads/sites/162/2026/02/27111247/CDS_2025-2026_Seattle.pdf,https://www.collegedata.fyi/schools/university-of-washington-bothell-campus/2025-26
377555,2025,fafsa_required,true,reported,H.801,https://cdn.uw.edu/wp-content/uploads/sites/162/2026/02/27111247/CDS_2025-2026_Seattle.pdf,https://www.collegedata.fyi/schools/university-of-washington-bothell-campus/2025-26
377555,2025,need_fully_met_count,549,reported,H.208,https://cdn.uw.edu/wp-content/uploads/sites/162/2026/02/27111247/CDS_2025-2026_Seattle.pdf,https://www.collegedata.fyi/schools/university-of-washington-bothell-campus/2025-26
377555,2025,other_institutional_form_required,true,reported,H.807,https://cdn.uw.edu/wp-content/uploads/sites/162/2026/02/27111247/CDS_2025-2026_Seattle.pdf,https://www.collegedata.fyi/schools/university-of-washington-bothell-campus/2025-26
377564,2025,aid_awarded_freshmen_count,2548,reported,H.204,https://cdn.uw.edu/wp-content/uploads/sites/162/2026/02/27111247/CDS_2025-2026_Seattle.pdf,https://www.collegedata.fyi/schools/university-of-washington-tacoma-campus/2025-26
377564,2025,avg_need_based_grant_usd,21532,reported,H.211,https://cdn.uw.edu/wp-content/uploads/sites/162/2026/02/27111247/CDS_2025-2026_Seattle.pdf,https://www.collegedata.fyi/schools/university-of-washington-tacoma-campus/2025-26
377564,2025,avg_need_met_percent,74,reported,H.209,https://cdn.uw.edu/wp-content/uploads/sites/162/2026/02/27111247/CDS_2025-2026_Seattle.pdf,https://www.collegedata.fyi/schools/university-of-washington-tacoma-campus/2025-26
377564,2025,fafsa_required,true,reported,H.801,https://cdn.uw.edu/wp-content/uploads/sites/162/2026/02/27111247/CDS_2025-2026_Seattle.pdf,https://www.collegedata.fyi/schools/university-of-washington-tacoma-campus/2025-26
377564,2025,need_fully_met_count,549,reported,H.208,https://cdn.uw.edu/wp-content/uploads/sites/162/2026/02/27111247/CDS_2025-2026_Seattle.pdf,https://www.collegedata.fyi/schools/university-of-washington-tacoma-campus/2025-26
377564,2025,other_institutional_form_required,true,reported,H.807,https://cdn.uw.edu/wp-content/uploads/sites/162/2026/02/27111247/CDS_2025-2026_Seattle.pdf,https://www.collegedata.fyi/schools/university-of-washington-tacoma-campus/2025-26
433660,2024,aid_awarded_freshmen_count,1211,reported,H.204,https://drive.usercontent.google.com/download?id=1adQcqwkHToXN9XmWPSjI48GFgTTrV0ag&export=download,https://www.collegedata.fyi/schools/florida-gulf-coast-university/2024-25
433660,2024,avg_need_based_grant_usd,7547,reported,H.211,https://drive.usercontent.google.com/download?id=1adQcqwkHToXN9XmWPSjI48GFgTTrV0ag&export=download,https://www.collegedata.fyi/schools/florida-gulf-coast-university/2024-25
433660,2024,avg_need_met_percent,50,reported,H.209,https://drive.usercontent.google.com/download?id=1adQcqwkHToXN9XmWPSjI48GFgTTrV0ag&export=download,https://www.collegedata.fyi/schools/florida-gulf-coast-university/2024-25
433660,2024,fafsa_required,true,reported,H.801,https://drive.usercontent.google.com/download?id=1adQcqwkHToXN9XmWPSjI48GFgTTrV0ag&export=download,https://www.collegedata.fyi/schools/florida-gulf-coast-university/2024-25
433660,2024,institutional_form_required,true,reported,H.802,https://drive.usercontent.google.com/download?id=1adQcqwkHToXN9XmWPSjI48GFgTTrV0ag&export=download,https://www.collegedata.fyi/schools/florida-gulf-coast-university/2024-25
433660,2024,need_fully_met_count,58,reported,H.208,https://drive.usercontent.google.com/download?id=1adQcqwkHToXN9XmWPSjI48GFgTTrV0ag&export=download,https://www.collegedata.fyi/schools/florida-gulf-coast-university/2024-25
433660,2024,state_aid_form_required,true,reported,H.804,https://drive.usercontent.google.com/download?id=1adQcqwkHToXN9XmWPSjI48GFgTTrV0ag&export=download,https://www.collegedata.fyi/schools/florida-gulf-coast-university/2024-25
475273,2024,aid_awarded_freshmen_count,347,reported,H.204,https://springfield.edu/sites/default/files/springfield-college-2024-25-common-data-set-usnews-v4.pdf,https://www.collegedata.fyi/schools/springfield-college-regional-online-and-continuing-education/2024-25
475273,2024,avg_need_based_grant_usd,33028,reported,H.211,https://springfield.edu/sites/default/files/springfield-college-2024-25-common-data-set-usnews-v4.pdf,https://www.collegedata.fyi/schools/springfield-college-regional-online-and-continuing-education/2024-25
475273,2024,avg_need_met_percent,83,reported,H.209,https://springfield.edu/sites/default/files/springfield-college-2024-25-common-data-set-usnews-v4.pdf,https://www.collegedata.fyi/schools/springfield-college-regional-online-and-continuing-education/2024-25
475273,2024,fafsa_required,true,reported,H.801,https://springfield.edu/sites/default/files/springfield-college-2024-25-common-data-set-usnews-v4.pdf,https://www.collegedata.fyi/schools/springfield-college-regional-online-and-continuing-education/2024-25
475273,2024,need_fully_met_count,105,reported,H.208,https://springfield.edu/sites/default/files/springfield-college-2024-25-common-data-set-usnews-v4.pdf,https://www.collegedata.fyi/schools/springfield-college-regional-online-and-continuing-education/2024-25
482680,2025,aid_awarded_freshmen_count,3272,reported,H.204,https://ung.edu/institutional-effectiveness-research-administration/_uploads/files/common-data-sets/cds-2025-2026.xlsx,https://www.collegedata.fyi/schools/university-of-north-georgia/2025-26
482680,2025,avg_need_based_grant_usd,7188.4918,reported,H.211,https://ung.edu/institutional-effectiveness-research-administration/_uploads/files/common-data-sets/cds-2025-2026.xlsx,https://www.collegedata.fyi/schools/university-of-north-georgia/2025-26
482680,2025,avg_need_met_percent,54.0612,reported,H.209,https://ung.edu/institutional-effectiveness-research-administration/_uploads/files/common-data-sets/cds-2025-2026.xlsx,https://www.collegedata.fyi/schools/university-of-north-georgia/2025-26
482680,2025,fafsa_required,true,reported,H.801,https://ung.edu/institutional-effectiveness-research-administration/_uploads/files/common-data-sets/cds-2025-2026.xlsx,https://www.collegedata.fyi/schools/university-of-north-georgia/2025-26
482680,2025,need_fully_met_count,1423,reported,H.208,https://ung.edu/institutional-effectiveness-research-administration/_uploads/files/common-data-sets/cds-2025-2026.xlsx,https://www.collegedata.fyi/schools/university-of-north-georgia/2025-26
482705,2024,aid_awarded_freshmen_count,1396,reported,H.204,http://uds.northeastern.edu/wp-content/uploads/2026/03/CDS-2024-25.pdf,https://www.collegedata.fyi/schools/northeastern-university-professional-programs/2024-25
482705,2024,avg_need_based_grant_usd,58707,reported,H.211,http://uds.northeastern.edu/wp-content/uploads/2026/03/CDS-2024-25.pdf,https://www.collegedata.fyi/schools/northeastern-university-professional-programs/2024-25
482705,2024,avg_need_met_percent,100,reported,H.209,http://uds.northeastern.edu/wp-content/uploads/2026/03/CDS-2024-25.pdf,https://www.collegedata.fyi/schools/northeastern-university-professional-programs/2024-25
482705,2024,css_profile_required,true,reported,H.803,http://uds.northeastern.edu/wp-content/uploads/2026/03/CDS-2024-25.pdf,https://www.collegedata.fyi/schools/northeastern-university-professional-programs/2024-25
482705,2024,fafsa_required,true,reported,H.801,http://uds.northeastern.edu/wp-content/uploads/2026/03/CDS-2024-25.pdf,https://www.collegedata.fyi/schools/northeastern-university-professional-programs/2024-25
482705,2024,need_fully_met_count,1396,reported,H.208,http://uds.northeastern.edu/wp-content/uploads/2026/03/CDS-2024-25.pdf,https://www.collegedata.fyi/schools/northeastern-university-professional-programs/2024-25
482705,2024,noncustodial_css_profile_required,true,reported,H.805,http://uds.northeastern.edu/wp-content/uploads/2026/03/CDS-2024-25.pdf,https://www.collegedata.fyi/schools/northeastern-university-professional-programs/2024-25
486840,2024,aid_awarded_freshmen_count,6141,reported,H.204,https://campus.kennesaw.edu/offices-services/data-strategy/institutional-research/publications/common-data-set/docs/cds-2024-2025-06232025.pdf,https://www.collegedata.fyi/schools/kennesaw-state-university/2024-25
486840,2024,avg_need_based_grant_usd,9684,reported,H.211,https://campus.kennesaw.edu/offices-services/data-strategy/institutional-research/publications/common-data-set/docs/cds-2024-2025-06232025.pdf,https://www.collegedata.fyi/schools/kennesaw-state-university/2024-25
486840,2024,avg_need_met_percent,46,reported,H.209,https://campus.kennesaw.edu/offices-services/data-strategy/institutional-research/publications/common-data-set/docs/cds-2024-2025-06232025.pdf,https://www.collegedata.fyi/schools/kennesaw-state-university/2024-25
486840,2024,fafsa_required,true,reported,H.801,https://campus.kennesaw.edu/offices-services/data-strategy/institutional-research/publications/common-data-set/docs/cds-2024-2025-06232025.pdf,https://www.collegedata.fyi/schools/kennesaw-state-university/2024-25
486840,2024,need_fully_met_count,486,reported,H.208,https://campus.kennesaw.edu/offices-services/data-strategy/institutional-research/publications/common-data-set/docs/cds-2024-2025-06232025.pdf,https://www.collegedata.fyi/schools/kennesaw-state-university/2024-25
