unit_id,source_year,round,offered,closing_month,closing_day,notification_month,notification_day,source_url,archive_url
100663,2024,regular,true,6,1,,,https://drive.usercontent.google.com/download?id=1nB2mlDG1ZeLTIp_pQpu8moQJEvIaBm1F&export=download,https://www.collegedata.fyi/schools/university-of-alabama-at-birmingham/2024-25
100751,2024,early_action,false,,,,,https://oira.ua.edu/d/sites/all/files/reports25/UA%20CDS%202024-25%20FINAL%2022aJan2025.pdf,https://www.collegedata.fyi/schools/the-university-of-alabama/2024-25
100751,2024,early_decision_1,false,,,,,https://oira.ua.edu/d/sites/all/files/reports25/UA%20CDS%202024-25%20FINAL%2022aJan2025.pdf,https://www.collegedata.fyi/schools/the-university-of-alabama/2024-25
100751,2024,priority,true,2,1,,,https://oira.ua.edu/d/sites/all/files/reports25/UA%20CDS%202024-25%20FINAL%2022aJan2025.pdf,https://www.collegedata.fyi/schools/the-university-of-alabama/2024-25
100751,2024,regular,false,,,,,https://oira.ua.edu/d/sites/all/files/reports25/UA%20CDS%202024-25%20FINAL%2022aJan2025.pdf,https://www.collegedata.fyi/schools/the-university-of-alabama/2024-25
102049,2024,priority,true,5,1,,,https://www.samford.edu/departments/files/Institutional_Effectiveness/2024-2025/CDS_Section_A.pdf,https://www.collegedata.fyi/schools/samford-university/2024-25
102049,2024,regular,true,5,1,,,https://www.samford.edu/departments/files/Institutional_Effectiveness/2024-2025/CDS_Section_A.pdf,https://www.collegedata.fyi/schools/samford-university/2024-25
102094,2025,early_action,true,,,,,https://www.southalabama.edu/departments/institutionalresearch/resources/usa-cds-2025-2026.pdf,https://www.collegedata.fyi/schools/university-of-south-alabama/2025-26
102368,2024,early_decision_1,false,,,,,https://www.troy.edu/_assets/irpe/_documents/cds-2024-2025.pdf,https://www.collegedata.fyi/schools/troy-university/2024-25
102368,2024,rolling,true,,,,,https://www.troy.edu/_assets/irpe/_documents/cds-2024-2025.pdf,https://www.collegedata.fyi/schools/troy-university/2024-25
102614,2024,early_action,false,,,,,https://www.uaf.edu/pair/pair_reports/common-data-set/UAF_Common_data_Set_2025_2026.pdf,https://www.collegedata.fyi/schools/university-of-alaska-fairbanks/2024-25
102614,2024,early_decision_1,false,,,,,https://www.uaf.edu/pair/pair_reports/common-data-set/UAF_Common_data_Set_2025_2026.pdf,https://www.collegedata.fyi/schools/university-of-alaska-fairbanks/2024-25
102614,2024,priority,true,2,15,,,https://www.uaf.edu/pair/pair_reports/common-data-set/UAF_Common_data_Set_2025_2026.pdf,https://www.collegedata.fyi/schools/university-of-alaska-fairbanks/2024-25
102614,2024,regular,true,6,15,,,https://www.uaf.edu/pair/pair_reports/common-data-set/UAF_Common_data_Set_2025_2026.pdf,https://www.collegedata.fyi/schools/university-of-alaska-fairbanks/2024-25
102614,2024,rolling,true,,,,,https://www.uaf.edu/pair/pair_reports/common-data-set/UAF_Common_data_Set_2025_2026.pdf,https://www.collegedata.fyi/schools/university-of-alaska-fairbanks/2024-25
104151,2025,early_action,false,,,,,https://uoia.asu.edu/sites/g/files/litvpz1436/files/2026-04/CDS%202025-26%20-%20ASU%20Campus%20Immersion.pdf,https://www.collegedata.fyi/schools/arizona-state-university-campus-immersion/2025-26
104151,2025,early_decision_1,false,,,,,https://uoia.asu.edu/sites/g/files/litvpz1436/files/2026-04/CDS%202025-26%20-%20ASU%20Campus%20Immersion.pdf,https://www.collegedata.fyi/schools/arizona-state-university-campus-immersion/2025-26
104151,2025,priority,true,11,1,,,https://uoia.asu.edu/sites/g/files/litvpz1436/files/2026-04/CDS%202025-26%20-%20ASU%20Campus%20Immersion.pdf,https://www.collegedata.fyi/schools/arizona-state-university-campus-immersion/2025-26
104151,2025,regular,false,,,,,https://uoia.asu.edu/sites/g/files/litvpz1436/files/2026-04/CDS%202025-26%20-%20ASU%20Campus%20Immersion.pdf,https://www.collegedata.fyi/schools/arizona-state-university-campus-immersion/2025-26
105330,2025,early_action,false,,,,,https://in.nau.edu/wp-content/uploads/sites/129/2026/04/CDS-2025-2026.pdf,https://www.collegedata.fyi/schools/northern-arizona-university/2025-26
105330,2025,regular,true,8,1,,,https://in.nau.edu/wp-content/uploads/sites/129/2026/04/CDS-2025-2026.pdf,https://www.collegedata.fyi/schools/northern-arizona-university/2025-26
105330,2025,rolling,true,,,,,https://in.nau.edu/wp-content/uploads/sites/129/2026/04/CDS-2025-2026.pdf,https://www.collegedata.fyi/schools/northern-arizona-university/2025-26
106397,2025,early_action,true,,,,,https://osai.uark.edu/datasets/cds/cds25-26v3.pdf,https://www.collegedata.fyi/schools/university-of-arkansas/2025-26
109651,2025,regular,true,,,,,https://cms.artcenter.edu/assets/24848/src/CDS%202025-2026_18June26.pdf,https://www.collegedata.fyi/schools/art-center-college-of-design/2025-26
110361,2025,regular,false,,,,,https://calbaptist.edu/about/leadership/provost/educational-effectiveness/institutional-research/pdfs/CDS-PDF-2025-2026%20-%20All.pdf,https://www.collegedata.fyi/schools/california-baptist-university/2025-26
110361,2025,rolling,true,,,,,https://calbaptist.edu/about/leadership/provost/educational-effectiveness/institutional-research/pdfs/CDS-PDF-2025-2026%20-%20All.pdf,https://www.collegedata.fyi/schools/california-baptist-university/2025-26
110404,2025,early_action,false,,,,,https://finance.caltech.edu/documents/35127/cds_2026.pdf,https://www.collegedata.fyi/schools/california-institute-of-technology/2025-26
110413,2024,early_decision_1,false,,,,,https://www.callutheran.edu/about/factbook/2024_2025_Common_Data_Set_Draft.pdf,https://www.collegedata.fyi/schools/california-lutheran-university/2024-25
110413,2024,priority,true,11,1,,,https://www.callutheran.edu/about/factbook/2024_2025_Common_Data_Set_Draft.pdf,https://www.collegedata.fyi/schools/california-lutheran-university/2024-25
110413,2024,regular,true,1,1,,,https://www.callutheran.edu/about/factbook/2024_2025_Common_Data_Set_Draft.pdf,https://www.collegedata.fyi/schools/california-lutheran-university/2024-25
110413,2024,rolling,true,,,,,https://www.callutheran.edu/about/factbook/2024_2025_Common_Data_Set_Draft.pdf,https://www.collegedata.fyi/schools/california-lutheran-university/2024-25
110422,2025,early_action,true,,,,,https://content-calpoly-edu.s3.amazonaws.com/ir/1/images/CDS-PDF-2025-2026_final_web_0.pdf,https://www.collegedata.fyi/schools/california-polytechnic-state-university-san-luis-obispo/2025-26
110486,2025,early_action,false,,,,,https://public.boxcloud.com/d/1/b1!SiQTQpA98zWhmn6wMNcNXvrHvDOHuF4bt_g-IeokA2Zazw03jVW7C9SsumvaNTiJbdYtbOOtDYg6kXJrnWQ9GhM4EunGnGI7L8weu-ciuQqIC4S6uFuzZREh1_6FItgS45agu8LcB0ezfxkyJSB4C2tvxgNnx7R4iRMXQauSs2ClgKsMU4-tQHkGH0sfIzdHF4HnslyIT1JkpsVRFKOHaakbJOOCCd6DOjXZKlM16Iuz7-sKuyQazyFVmoauK1N39kEi0f5qeodyi5YGoYfPRAUGWsRN1zmnGZGm2cDG8dbPcc508_oFClTbLOMNhAQj_IY8_kCW-2ZNjLpAJjQH2fqdoeZKk5S-UFSXhWon2QgGrkJ-qwZmEHP6NNbQ6KXADWQK1ITZr9tEFqlKd3mFkl7neT2VLu5JEFsSixK8xLWGUlNZC5Y7xlNXGOHF7knCiG_kIOedjUAF4--DEL-3ggPUNm-Vybz9a9nWg7QqdC6TAEg0jlhDwLsvpmsSg6KwJd0xF1W_5rzR2lAYGzzqMIsO5QDBaBiHinHGqUykFjFgfR96DsGoOCTIACKFotBywpsaWyII3azM2LTLg5a9xdm7vgxWUOkV8TwWaPTvLiPkqJ5v7Hm5n1dLZRcGQOig68i-uWhbngAThx223nv5haWCyviTMNpuhLfgrmKVJk4vEbFRcEPrIFj0Pex7T_cL0i3XAqbAzdXnPcn4OzQxSayKux3LDQdtcgZoDFnMTta0avcdB1Fs-M8F16oo8QzJBwn15A5L5ZdZBZYzYENmWGrXk7dOxZGNL0Hd7PpAvUDsocGNdUcnV_-nvZF6LXc_DjT3yjCKM3FCuixczZLuW3BiiKflxxyF_3_o5PEJqAn_QVtkqjqvRHnDsfIpVi6diYinOqFxWjTkeUsryUZCxe7s5qcp8QkuzyaEjpE0kUEG89jcQfF0_j7pUkDcJBDJ2TNFbf-7g-UZ5z_5m3qKbZ9mcSkRXyRQ65ZVfQ9U_0RcDywTqWq7YhW_TxxhcTUQO5OLIR8N4qZcDAmUXuX2Rir-PV2S8iizN_uBmYSjKgUY-Op8gCbnnNTzv8Dfqf5UrZd5QI1Am6dy8JYdPgZw-umbeYl-hFWRD9-HkCk3kPtocwUIEgwrmDtYvLhAUMHDiDff_JRs87HizwHQ9w-eeiEDIinSCeyGY1JBDQlThMcnyAGjldVruhDP0CtLJ4pii0EEyP4tyuJ0vvXWRk22lqzI437Wwo0g4DJHvatrTZyspRdbDyceweKUEkqSj-kW5zPu87P0PydtWa6Qon1J5upZTd-hGuJwqZk6QuiKzpzjedQB0CL-6WALbNjwz742GjxrMrR4OmnJylolj79KgyuT0MRB43VZ1YAhVaC-0I0shPBFI9MBTHvFWcMiXXBDt4D4FjJEuYUU_JgoeAbwFbzDZQirmFERMj0OG1jCTl-Rra8O1TkkCNtnL-bCZUZEBCcSPIMD0Xwe-_IC8UBdp-GKq2-e6OKvXpqYqmS6iONJHA_6ljF2zxGomPTCN_mLDgoyEOuxZNmbOgjKtV_obQ4JrlNWoFD5WfV_SYkzYq0udoRFdZZdFGyBgw../download,https://www.collegedata.fyi/schools/california-state-university-bakersfield/2025-26
110486,2025,early_decision_1,false,,,,,https://public.boxcloud.com/d/1/b1!SiQTQpA98zWhmn6wMNcNXvrHvDOHuF4bt_g-IeokA2Zazw03jVW7C9SsumvaNTiJbdYtbOOtDYg6kXJrnWQ9GhM4EunGnGI7L8weu-ciuQqIC4S6uFuzZREh1_6FItgS45agu8LcB0ezfxkyJSB4C2tvxgNnx7R4iRMXQauSs2ClgKsMU4-tQHkGH0sfIzdHF4HnslyIT1JkpsVRFKOHaakbJOOCCd6DOjXZKlM16Iuz7-sKuyQazyFVmoauK1N39kEi0f5qeodyi5YGoYfPRAUGWsRN1zmnGZGm2cDG8dbPcc508_oFClTbLOMNhAQj_IY8_kCW-2ZNjLpAJjQH2fqdoeZKk5S-UFSXhWon2QgGrkJ-qwZmEHP6NNbQ6KXADWQK1ITZr9tEFqlKd3mFkl7neT2VLu5JEFsSixK8xLWGUlNZC5Y7xlNXGOHF7knCiG_kIOedjUAF4--DEL-3ggPUNm-Vybz9a9nWg7QqdC6TAEg0jlhDwLsvpmsSg6KwJd0xF1W_5rzR2lAYGzzqMIsO5QDBaBiHinHGqUykFjFgfR96DsGoOCTIACKFotBywpsaWyII3azM2LTLg5a9xdm7vgxWUOkV8TwWaPTvLiPkqJ5v7Hm5n1dLZRcGQOig68i-uWhbngAThx223nv5haWCyviTMNpuhLfgrmKVJk4vEbFRcEPrIFj0Pex7T_cL0i3XAqbAzdXnPcn4OzQxSayKux3LDQdtcgZoDFnMTta0avcdB1Fs-M8F16oo8QzJBwn15A5L5ZdZBZYzYENmWGrXk7dOxZGNL0Hd7PpAvUDsocGNdUcnV_-nvZF6LXc_DjT3yjCKM3FCuixczZLuW3BiiKflxxyF_3_o5PEJqAn_QVtkqjqvRHnDsfIpVi6diYinOqFxWjTkeUsryUZCxe7s5qcp8QkuzyaEjpE0kUEG89jcQfF0_j7pUkDcJBDJ2TNFbf-7g-UZ5z_5m3qKbZ9mcSkRXyRQ65ZVfQ9U_0RcDywTqWq7YhW_TxxhcTUQO5OLIR8N4qZcDAmUXuX2Rir-PV2S8iizN_uBmYSjKgUY-Op8gCbnnNTzv8Dfqf5UrZd5QI1Am6dy8JYdPgZw-umbeYl-hFWRD9-HkCk3kPtocwUIEgwrmDtYvLhAUMHDiDff_JRs87HizwHQ9w-eeiEDIinSCeyGY1JBDQlThMcnyAGjldVruhDP0CtLJ4pii0EEyP4tyuJ0vvXWRk22lqzI437Wwo0g4DJHvatrTZyspRdbDyceweKUEkqSj-kW5zPu87P0PydtWa6Qon1J5upZTd-hGuJwqZk6QuiKzpzjedQB0CL-6WALbNjwz742GjxrMrR4OmnJylolj79KgyuT0MRB43VZ1YAhVaC-0I0shPBFI9MBTHvFWcMiXXBDt4D4FjJEuYUU_JgoeAbwFbzDZQirmFERMj0OG1jCTl-Rra8O1TkkCNtnL-bCZUZEBCcSPIMD0Xwe-_IC8UBdp-GKq2-e6OKvXpqYqmS6iONJHA_6ljF2zxGomPTCN_mLDgoyEOuxZNmbOgjKtV_obQ4JrlNWoFD5WfV_SYkzYq0udoRFdZZdFGyBgw../download,https://www.collegedata.fyi/schools/california-state-university-bakersfield/2025-26
110486,2025,priority,true,12,1,,,https://public.boxcloud.com/d/1/b1!SiQTQpA98zWhmn6wMNcNXvrHvDOHuF4bt_g-IeokA2Zazw03jVW7C9SsumvaNTiJbdYtbOOtDYg6kXJrnWQ9GhM4EunGnGI7L8weu-ciuQqIC4S6uFuzZREh1_6FItgS45agu8LcB0ezfxkyJSB4C2tvxgNnx7R4iRMXQauSs2ClgKsMU4-tQHkGH0sfIzdHF4HnslyIT1JkpsVRFKOHaakbJOOCCd6DOjXZKlM16Iuz7-sKuyQazyFVmoauK1N39kEi0f5qeodyi5YGoYfPRAUGWsRN1zmnGZGm2cDG8dbPcc508_oFClTbLOMNhAQj_IY8_kCW-2ZNjLpAJjQH2fqdoeZKk5S-UFSXhWon2QgGrkJ-qwZmEHP6NNbQ6KXADWQK1ITZr9tEFqlKd3mFkl7neT2VLu5JEFsSixK8xLWGUlNZC5Y7xlNXGOHF7knCiG_kIOedjUAF4--DEL-3ggPUNm-Vybz9a9nWg7QqdC6TAEg0jlhDwLsvpmsSg6KwJd0xF1W_5rzR2lAYGzzqMIsO5QDBaBiHinHGqUykFjFgfR96DsGoOCTIACKFotBywpsaWyII3azM2LTLg5a9xdm7vgxWUOkV8TwWaPTvLiPkqJ5v7Hm5n1dLZRcGQOig68i-uWhbngAThx223nv5haWCyviTMNpuhLfgrmKVJk4vEbFRcEPrIFj0Pex7T_cL0i3XAqbAzdXnPcn4OzQxSayKux3LDQdtcgZoDFnMTta0avcdB1Fs-M8F16oo8QzJBwn15A5L5ZdZBZYzYENmWGrXk7dOxZGNL0Hd7PpAvUDsocGNdUcnV_-nvZF6LXc_DjT3yjCKM3FCuixczZLuW3BiiKflxxyF_3_o5PEJqAn_QVtkqjqvRHnDsfIpVi6diYinOqFxWjTkeUsryUZCxe7s5qcp8QkuzyaEjpE0kUEG89jcQfF0_j7pUkDcJBDJ2TNFbf-7g-UZ5z_5m3qKbZ9mcSkRXyRQ65ZVfQ9U_0RcDywTqWq7YhW_TxxhcTUQO5OLIR8N4qZcDAmUXuX2Rir-PV2S8iizN_uBmYSjKgUY-Op8gCbnnNTzv8Dfqf5UrZd5QI1Am6dy8JYdPgZw-umbeYl-hFWRD9-HkCk3kPtocwUIEgwrmDtYvLhAUMHDiDff_JRs87HizwHQ9w-eeiEDIinSCeyGY1JBDQlThMcnyAGjldVruhDP0CtLJ4pii0EEyP4tyuJ0vvXWRk22lqzI437Wwo0g4DJHvatrTZyspRdbDyceweKUEkqSj-kW5zPu87P0PydtWa6Qon1J5upZTd-hGuJwqZk6QuiKzpzjedQB0CL-6WALbNjwz742GjxrMrR4OmnJylolj79KgyuT0MRB43VZ1YAhVaC-0I0shPBFI9MBTHvFWcMiXXBDt4D4FjJEuYUU_JgoeAbwFbzDZQirmFERMj0OG1jCTl-Rra8O1TkkCNtnL-bCZUZEBCcSPIMD0Xwe-_IC8UBdp-GKq2-e6OKvXpqYqmS6iONJHA_6ljF2zxGomPTCN_mLDgoyEOuxZNmbOgjKtV_obQ4JrlNWoFD5WfV_SYkzYq0udoRFdZZdFGyBgw../download,https://www.collegedata.fyi/schools/california-state-university-bakersfield/2025-26
110486,2025,regular,true,4,1,2,1,https://public.boxcloud.com/d/1/b1!SiQTQpA98zWhmn6wMNcNXvrHvDOHuF4bt_g-IeokA2Zazw03jVW7C9SsumvaNTiJbdYtbOOtDYg6kXJrnWQ9GhM4EunGnGI7L8weu-ciuQqIC4S6uFuzZREh1_6FItgS45agu8LcB0ezfxkyJSB4C2tvxgNnx7R4iRMXQauSs2ClgKsMU4-tQHkGH0sfIzdHF4HnslyIT1JkpsVRFKOHaakbJOOCCd6DOjXZKlM16Iuz7-sKuyQazyFVmoauK1N39kEi0f5qeodyi5YGoYfPRAUGWsRN1zmnGZGm2cDG8dbPcc508_oFClTbLOMNhAQj_IY8_kCW-2ZNjLpAJjQH2fqdoeZKk5S-UFSXhWon2QgGrkJ-qwZmEHP6NNbQ6KXADWQK1ITZr9tEFqlKd3mFkl7neT2VLu5JEFsSixK8xLWGUlNZC5Y7xlNXGOHF7knCiG_kIOedjUAF4--DEL-3ggPUNm-Vybz9a9nWg7QqdC6TAEg0jlhDwLsvpmsSg6KwJd0xF1W_5rzR2lAYGzzqMIsO5QDBaBiHinHGqUykFjFgfR96DsGoOCTIACKFotBywpsaWyII3azM2LTLg5a9xdm7vgxWUOkV8TwWaPTvLiPkqJ5v7Hm5n1dLZRcGQOig68i-uWhbngAThx223nv5haWCyviTMNpuhLfgrmKVJk4vEbFRcEPrIFj0Pex7T_cL0i3XAqbAzdXnPcn4OzQxSayKux3LDQdtcgZoDFnMTta0avcdB1Fs-M8F16oo8QzJBwn15A5L5ZdZBZYzYENmWGrXk7dOxZGNL0Hd7PpAvUDsocGNdUcnV_-nvZF6LXc_DjT3yjCKM3FCuixczZLuW3BiiKflxxyF_3_o5PEJqAn_QVtkqjqvRHnDsfIpVi6diYinOqFxWjTkeUsryUZCxe7s5qcp8QkuzyaEjpE0kUEG89jcQfF0_j7pUkDcJBDJ2TNFbf-7g-UZ5z_5m3qKbZ9mcSkRXyRQ65ZVfQ9U_0RcDywTqWq7YhW_TxxhcTUQO5OLIR8N4qZcDAmUXuX2Rir-PV2S8iizN_uBmYSjKgUY-Op8gCbnnNTzv8Dfqf5UrZd5QI1Am6dy8JYdPgZw-umbeYl-hFWRD9-HkCk3kPtocwUIEgwrmDtYvLhAUMHDiDff_JRs87HizwHQ9w-eeiEDIinSCeyGY1JBDQlThMcnyAGjldVruhDP0CtLJ4pii0EEyP4tyuJ0vvXWRk22lqzI437Wwo0g4DJHvatrTZyspRdbDyceweKUEkqSj-kW5zPu87P0PydtWa6Qon1J5upZTd-hGuJwqZk6QuiKzpzjedQB0CL-6WALbNjwz742GjxrMrR4OmnJylolj79KgyuT0MRB43VZ1YAhVaC-0I0shPBFI9MBTHvFWcMiXXBDt4D4FjJEuYUU_JgoeAbwFbzDZQirmFERMj0OG1jCTl-Rra8O1TkkCNtnL-bCZUZEBCcSPIMD0Xwe-_IC8UBdp-GKq2-e6OKvXpqYqmS6iONJHA_6ljF2zxGomPTCN_mLDgoyEOuxZNmbOgjKtV_obQ4JrlNWoFD5WfV_SYkzYq0udoRFdZZdFGyBgw../download,https://www.collegedata.fyi/schools/california-state-university-bakersfield/2025-26
110510,2024,early_decision_1,false,,,,,https://www.csusb.edu/sites/default/files/upload/file/2024/CDS_2024-2025.pdf,https://www.collegedata.fyi/schools/california-state-university-san-bernardino/2024-25
110529,2024,regular,true,11,30,,,https://drive.usercontent.google.com/download?id=1lwH_X-KfROFlSNBf0fxZoTtnJuMd5F7H&export=download,https://www.collegedata.fyi/schools/california-state-polytechnic-university-pomona/2024-25
110538,2025,priority,true,10,1,,,https://www.csuchico.edu/ir/_assets/documents/cds-2026.pdf,https://www.collegedata.fyi/schools/california-state-university-chico/2025-26
110538,2025,regular,true,12,15,,,https://www.csuchico.edu/ir/_assets/documents/cds-2026.pdf,https://www.collegedata.fyi/schools/california-state-university-chico/2025-26
110608,2024,early_action,true,,,,,https://live-csu-northridge.pantheonsite.io/sites/default/files/2026-04/CDS%202025%20v2.pdf,https://www.collegedata.fyi/schools/california-state-university-northridge/2024-25
110635,2025,early_action,false,,,,,https://doc-14-7s-sheets.googleusercontent.com/export/54bogvaave6cua4cdnls17ksc4/vbu24fd8jjoqqbcg5n50sivdac/1778077500000/108561847862806983489/*/1INsGFH6MhaO-MFMBZ1Dngcn84FeN-hc0BLS0-v8TL_k?format=xlsx,https://www.collegedata.fyi/schools/uc-berkeley/2025-26
110635,2025,early_decision_1,false,,,,,https://doc-14-7s-sheets.googleusercontent.com/export/54bogvaave6cua4cdnls17ksc4/vbu24fd8jjoqqbcg5n50sivdac/1778077500000/108561847862806983489/*/1INsGFH6MhaO-MFMBZ1Dngcn84FeN-hc0BLS0-v8TL_k?format=xlsx,https://www.collegedata.fyi/schools/uc-berkeley/2025-26
110635,2025,regular,true,11,30,3,31,https://doc-14-7s-sheets.googleusercontent.com/export/54bogvaave6cua4cdnls17ksc4/vbu24fd8jjoqqbcg5n50sivdac/1778077500000/108561847862806983489/*/1INsGFH6MhaO-MFMBZ1Dngcn84FeN-hc0BLS0-v8TL_k?format=xlsx,https://www.collegedata.fyi/schools/uc-berkeley/2025-26
110644,2024,early_decision_1,false,,,,,https://drive.usercontent.google.com/download?id=1xd_2g4L1SqR_csHIwhIpBMTyhY_2E71l&export=download,https://www.collegedata.fyi/schools/uc-davis/2024-25
110644,2024,regular,true,11,30,,,https://drive.usercontent.google.com/download?id=1xd_2g4L1SqR_csHIwhIpBMTyhY_2E71l&export=download,https://www.collegedata.fyi/schools/uc-davis/2024-25
110653,2024,early_decision_1,false,,,,,https://drive.usercontent.google.com/download?id=1E6CPsg5A5FC83Kl5AzRfhXifxSd5O2j9&export=download,https://www.collegedata.fyi/schools/uc-irvine/2024-25
110662,2025,early_action,false,,,,,https://apb.ucla.edu/file/d1ab04b3-ee89-4cf2-9124-8dc0471b5e5a,https://www.collegedata.fyi/schools/ucla/2025-26
110662,2025,early_decision_1,false,,,,,https://apb.ucla.edu/file/d1ab04b3-ee89-4cf2-9124-8dc0471b5e5a,https://www.collegedata.fyi/schools/ucla/2025-26
110662,2025,regular,true,11,30,3,31,https://apb.ucla.edu/file/d1ab04b3-ee89-4cf2-9124-8dc0471b5e5a,https://www.collegedata.fyi/schools/ucla/2025-26
110671,2025,early_action,false,,,,,https://ir.ucr.edu/sites/default/files/2026-05/cds-2025-2026.pdf,https://www.collegedata.fyi/schools/university-of-california-riverside/2025-26
110671,2025,early_decision_1,false,,,,,https://ir.ucr.edu/sites/default/files/2026-05/cds-2025-2026.pdf,https://www.collegedata.fyi/schools/university-of-california-riverside/2025-26
110671,2025,regular,true,12,2,3,31,https://ir.ucr.edu/sites/default/files/2026-05/cds-2025-2026.pdf,https://www.collegedata.fyi/schools/university-of-california-riverside/2025-26
110680,2025,early_action,false,,,,,https://ir.ucsd.edu/stats/undergrad/CDS-2025-2026-Final2.pdf,https://www.collegedata.fyi/schools/uc-san-diego/2025-26
110680,2025,regular,true,11,30,,,https://ir.ucsd.edu/stats/undergrad/CDS-2025-2026-Final2.pdf,https://www.collegedata.fyi/schools/uc-san-diego/2025-26
110680,2025,rolling,true,,,,,https://ir.ucsd.edu/stats/undergrad/CDS-2025-2026-Final2.pdf,https://www.collegedata.fyi/schools/uc-san-diego/2025-26
110705,2025,early_action,false,,,,,https://drive.usercontent.google.com/download?id=1FIkvY5dANho45ioG7-JHgO3IPH6-ui1W&export=download,https://www.collegedata.fyi/schools/uc-santa-barbara/2025-26
110705,2025,early_decision_1,false,,,,,https://drive.usercontent.google.com/download?id=1FIkvY5dANho45ioG7-JHgO3IPH6-ui1W&export=download,https://www.collegedata.fyi/schools/uc-santa-barbara/2025-26
110705,2025,regular,true,11,30,3,31,https://drive.usercontent.google.com/download?id=1FIkvY5dANho45ioG7-JHgO3IPH6-ui1W&export=download,https://www.collegedata.fyi/schools/uc-santa-barbara/2025-26
112260,2025,early_action,false,,,,,https://www.cmc.edu/sites/default/files/CDS_2025-26_Annotated(Updated20260605).pdf,https://www.collegedata.fyi/schools/claremont-mckenna/2025-26
112260,2025,early_decision_1,true,,,,,https://www.cmc.edu/sites/default/files/CDS_2025-26_Annotated(Updated20260605).pdf,https://www.collegedata.fyi/schools/claremont-mckenna/2025-26
112260,2025,early_decision_2,true,1,10,2,15,https://www.cmc.edu/sites/default/files/CDS_2025-26_Annotated(Updated20260605).pdf,https://www.collegedata.fyi/schools/claremont-mckenna/2025-26
112260,2025,regular,true,1,10,4,1,https://www.cmc.edu/sites/default/files/CDS_2025-26_Annotated(Updated20260605).pdf,https://www.collegedata.fyi/schools/claremont-mckenna/2025-26
113698,2024,early_decision_1,false,,,,,https://www.dominican.edu/sites/default/files/2021-12/CDS_2021-2022_Dominican%20University%20of%20California.pdf,https://www.collegedata.fyi/schools/dominican-university-of-california/2024-25
113698,2024,regular,true,2,1,,,https://www.dominican.edu/sites/default/files/2021-12/CDS_2021-2022_Dominican%20University%20of%20California.pdf,https://www.collegedata.fyi/schools/dominican-university-of-california/2024-25
113698,2024,rolling,true,,,,,https://www.dominican.edu/sites/default/files/2021-12/CDS_2021-2022_Dominican%20University%20of%20California.pdf,https://www.collegedata.fyi/schools/dominican-university-of-california/2024-25
115409,2025,early_decision_1,true,11,15,12,15,https://www.hmc.edu/institutional-research/wp-content/uploads/sites/42/2026/03/CDS-HMC-2025.2026_shared.pdf,https://www.collegedata.fyi/schools/harvey-mudd/2025-26
115409,2025,early_decision_2,true,1,5,2,15,https://www.hmc.edu/institutional-research/wp-content/uploads/sites/42/2026/03/CDS-HMC-2025.2026_shared.pdf,https://www.collegedata.fyi/schools/harvey-mudd/2025-26
115409,2025,regular,true,1,5,4,1,https://www.hmc.edu/institutional-research/wp-content/uploads/sites/42/2026/03/CDS-HMC-2025.2026_shared.pdf,https://www.collegedata.fyi/schools/harvey-mudd/2025-26
117946,2024,early_decision_1,true,,,,,https://drive.usercontent.google.com/download?id=1-NFEQb641NiDM3NHvckRSaX0IutJaFdg&export=download,https://www.collegedata.fyi/schools/loyola-marymount-university/2024-25
120254,2024,regular,true,1,10,,,https://drive.usercontent.google.com/download?id=16wnaErEtBPpbCQLXrtclCMe7bYk-GLxr&export=download,https://www.collegedata.fyi/schools/occidental-college/2024-25
120403,2024,early_decision_1,false,,,,,https://otis.edu/about/documents/CDS%202024-2025_03282025_FINALv2.pdf,https://www.collegedata.fyi/schools/otis-college-of-art-and-design/2024-25
120403,2024,rolling,true,,,,,https://otis.edu/about/documents/CDS%202024-2025_03282025_FINALv2.pdf,https://www.collegedata.fyi/schools/otis-college-of-art-and-design/2024-25
121150,2024,early_decision_1,false,,,,,https://drive.usercontent.google.com/download?id=16KVLUw3ll1EXe0Xz5cuBjeHtDGMGGf8A&export=download,https://www.collegedata.fyi/schools/pepperdine-university/2024-25
121150,2024,regular,true,1,15,4,1,https://drive.usercontent.google.com/download?id=16KVLUw3ll1EXe0Xz5cuBjeHtDGMGGf8A&export=download,https://www.collegedata.fyi/schools/pepperdine-university/2024-25
121345,2024,regular,true,1,8,,,https://tableau.campus.pomona.edu/views/CDS2024-25/A_GeneralInformation,https://www.collegedata.fyi/schools/pomona-college/2024-25
122409,2025,early_action,false,,,,,https://asir.sdsu.edu/Documents/CommonDataSets/CDS_2025-2026_updated%207-28.pdf,https://www.collegedata.fyi/schools/san-diego-state-university/2025-26
122409,2025,early_decision_1,false,,,,,https://asir.sdsu.edu/Documents/CommonDataSets/CDS_2025-2026_updated%207-28.pdf,https://www.collegedata.fyi/schools/san-diego-state-university/2025-26
122409,2025,early_decision_2,true,1,3,,,https://asir.sdsu.edu/Documents/CommonDataSets/CDS_2025-2026_updated%207-28.pdf,https://www.collegedata.fyi/schools/san-diego-state-university/2025-26
122409,2025,regular,true,11,30,,,https://asir.sdsu.edu/Documents/CommonDataSets/CDS_2025-2026_updated%207-28.pdf,https://www.collegedata.fyi/schools/san-diego-state-university/2025-26
122436,2024,early_decision_1,false,,,,,https://www.sandiego.edu/facts/documents/cds/cds_2024-25.pdf,https://www.collegedata.fyi/schools/university-of-san-diego/2024-25
122436,2024,rolling,true,,,,,https://www.sandiego.edu/facts/documents/cds/cds_2024-25.pdf,https://www.collegedata.fyi/schools/university-of-san-diego/2024-25
122612,2024,early_decision_1,true,,,,,https://drive.usercontent.google.com/download?id=1zKU2_jGW_cQgxxQ74oHLkKlebIgyrjq3&export=download,https://www.collegedata.fyi/schools/university-of-san-francisco/2024-25
122612,2024,early_decision_2,true,,,11,1,https://drive.usercontent.google.com/download?id=1zKU2_jGW_cQgxxQ74oHLkKlebIgyrjq3&export=download,https://www.collegedata.fyi/schools/university-of-san-francisco/2024-25
122612,2024,regular,true,,,3,15,https://drive.usercontent.google.com/download?id=1zKU2_jGW_cQgxxQ74oHLkKlebIgyrjq3&export=download,https://www.collegedata.fyi/schools/university-of-san-francisco/2024-25
122755,2024,early_decision_1,true,,,,,https://drive.usercontent.google.com/download?id=1OgrHSD1Z3sYa7aAcQeRa2_kc6bfjXdOb&export=download,https://www.collegedata.fyi/schools/san-jose-state-university/2024-25
122755,2024,regular,true,11,30,,,https://drive.usercontent.google.com/download?id=1OgrHSD1Z3sYa7aAcQeRa2_kc6bfjXdOb&export=download,https://www.collegedata.fyi/schools/san-jose-state-university/2024-25
123165,2024,early_decision_1,true,,,,,https://drive.usercontent.google.com/download?id=1MWZXiqPqf9z9qlQnJ6jOl4nSvUHS8l9p&export=download,https://www.collegedata.fyi/schools/scripps-college/2024-25
123165,2024,regular,true,,,4,1,https://drive.usercontent.google.com/download?id=1MWZXiqPqf9z9qlQnJ6jOl4nSvUHS8l9p&export=download,https://www.collegedata.fyi/schools/scripps-college/2024-25
123961,2025,early_action,true,,,,,https://oir.usc.edu/wp-content/uploads/sites/3/2026/10/CDS_2025-26_FINAL.pdf,https://www.collegedata.fyi/schools/usc/2025-26
123961,2025,priority,true,11,1,,,https://oir.usc.edu/wp-content/uploads/sites/3/2026/10/CDS_2025-26_FINAL.pdf,https://www.collegedata.fyi/schools/usc/2025-26
123961,2025,regular,true,1,10,4,1,https://oir.usc.edu/wp-content/uploads/sites/3/2026/10/CDS_2025-26_FINAL.pdf,https://www.collegedata.fyi/schools/usc/2025-26
125727,2024,early_action,true,11,1,12,25,https://www.westmont.edu/sites/default/files/2025-11/CDS%202024-25%20Westmont%20College.xlsx,https://www.collegedata.fyi/schools/westmont-college/2024-25
125727,2024,early_decision_1,false,,,,,https://www.westmont.edu/sites/default/files/2025-11/CDS%202024-25%20Westmont%20College.xlsx,https://www.collegedata.fyi/schools/westmont-college/2024-25
125727,2024,regular,false,,,,,https://www.westmont.edu/sites/default/files/2025-11/CDS%202024-25%20Westmont%20College.xlsx,https://www.collegedata.fyi/schools/westmont-college/2024-25
125727,2024,rolling,true,,,,,https://www.westmont.edu/sites/default/files/2025-11/CDS%202024-25%20Westmont%20College.xlsx,https://www.collegedata.fyi/schools/westmont-college/2024-25
126614,2025,priority,true,11,15,,,https://data.colorado.edu/reports/common-data-set,https://www.collegedata.fyi/schools/colorado/2025-26
126614,2025,regular,true,1,15,,,https://data.colorado.edu/reports/common-data-set,https://www.collegedata.fyi/schools/colorado/2025-26
126678,2024,early_decision_1,true,,,,,https://drive.usercontent.google.com/download?id=1p0TnSu0PlZq7aAOmPeu7z1K55ZpNW9jj&export=download,https://www.collegedata.fyi/schools/colorado-college/2024-25
126678,2024,early_decision_2,true,1,15,2,13,https://drive.usercontent.google.com/download?id=1p0TnSu0PlZq7aAOmPeu7z1K55ZpNW9jj&export=download,https://www.collegedata.fyi/schools/colorado-college/2024-25
126678,2024,priority,true,1,15,,,https://drive.usercontent.google.com/download?id=1p0TnSu0PlZq7aAOmPeu7z1K55ZpNW9jj&export=download,https://www.collegedata.fyi/schools/colorado-college/2024-25
126678,2024,regular,true,1,15,3,13,https://drive.usercontent.google.com/download?id=1p0TnSu0PlZq7aAOmPeu7z1K55ZpNW9jj&export=download,https://www.collegedata.fyi/schools/colorado-college/2024-25
127556,2024,early_decision_1,false,,,,,https://drive.usercontent.google.com/download?id=104HAlHr6kClPur16ZTVt4jsCL8kyb04S&export=download,https://www.collegedata.fyi/schools/colorado-mesa-university/2024-25
127556,2024,priority,true,11,15,,,https://drive.usercontent.google.com/download?id=104HAlHr6kClPur16ZTVt4jsCL8kyb04S&export=download,https://www.collegedata.fyi/schools/colorado-mesa-university/2024-25
127556,2024,regular,true,1,15,,,https://drive.usercontent.google.com/download?id=104HAlHr6kClPur16ZTVt4jsCL8kyb04S&export=download,https://www.collegedata.fyi/schools/colorado-mesa-university/2024-25
127565,2024,early_decision_1,false,,,,,https://www.msudenver.edu/wp-content/uploads/2026/06/CDS_2024-2025_Updated_06-29-26_jjb3.pdf,https://www.collegedata.fyi/schools/metropolitan-state-university-of-denver/2024-25
127565,2024,regular,true,7,1,,,https://www.msudenver.edu/wp-content/uploads/2026/06/CDS_2024-2025_Updated_06-29-26_jjb3.pdf,https://www.collegedata.fyi/schools/metropolitan-state-university-of-denver/2024-25
128771,2025,early_action,false,,,,,https://www.ccsu.edu/sites/default/files/2026-06/CDS%202025-2026.xlsx,https://www.collegedata.fyi/schools/central-connecticut-state-university/2025-26
128771,2025,early_decision_1,false,,,,,https://www.ccsu.edu/sites/default/files/2026-06/CDS%202025-2026.xlsx,https://www.collegedata.fyi/schools/central-connecticut-state-university/2025-26
128771,2025,priority,true,5,1,,,https://www.ccsu.edu/sites/default/files/2026-06/CDS%202025-2026.xlsx,https://www.collegedata.fyi/schools/central-connecticut-state-university/2025-26
128771,2025,regular,true,8,24,10,15,https://www.ccsu.edu/sites/default/files/2026-06/CDS%202025-2026.xlsx,https://www.collegedata.fyi/schools/central-connecticut-state-university/2025-26
128771,2025,rolling,true,,,,,https://www.ccsu.edu/sites/default/files/2026-06/CDS%202025-2026.xlsx,https://www.collegedata.fyi/schools/central-connecticut-state-university/2025-26
128902,2025,early_action,false,,,,,https://www.conncoll.edu/media/Common-Data-Set-2025-26.pdf,https://www.collegedata.fyi/schools/connecticut-college/2025-26
128902,2025,early_decision_1,true,,,,,https://www.conncoll.edu/media/Common-Data-Set-2025-26.pdf,https://www.collegedata.fyi/schools/connecticut-college/2025-26
128902,2025,early_decision_2,true,1,15,,,https://www.conncoll.edu/media/Common-Data-Set-2025-26.pdf,https://www.collegedata.fyi/schools/connecticut-college/2025-26
128902,2025,regular,true,1,15,,,https://www.conncoll.edu/media/Common-Data-Set-2025-26.pdf,https://www.collegedata.fyi/schools/connecticut-college/2025-26
129020,2024,early_decision_1,false,,,,,https://drive.usercontent.google.com/download?id=1BBILZKCO-i59J0oRpd2d3FK2NOzlMbIz&export=download,https://www.collegedata.fyi/schools/university-of-connecticut/2024-25
129020,2024,regular,true,1,15,,,https://drive.usercontent.google.com/download?id=1BBILZKCO-i59J0oRpd2d3FK2NOzlMbIz&export=download,https://www.collegedata.fyi/schools/university-of-connecticut/2024-25
129020,2024,rolling,true,,,,,https://drive.usercontent.google.com/download?id=1BBILZKCO-i59J0oRpd2d3FK2NOzlMbIz&export=download,https://www.collegedata.fyi/schools/university-of-connecticut/2024-25
129242,2024,regular,true,1,15,4,1,https://drive.usercontent.google.com/download?id=1ISj2X8bGe3-Nltk9Sbe6vjfz3cQ6-ZFf&export=download,https://www.collegedata.fyi/schools/fairfield-university/2024-25
130493,2025,early_decision_1,false,,,,,https://go.southernct.edu/docs/drupal/CDS_2025-2026.xlsx,https://www.collegedata.fyi/schools/southern-connecticut-state-university/2025-26
130590,2024,regular,true,1,17,,,https://drive.usercontent.google.com/download?id=1FWsepbbZ43xGI2pdckioWvT1wwBBgr9G&export=download,https://www.collegedata.fyi/schools/trinity-college/2024-25
130697,2024,early_decision_1,true,,,,,https://drive.usercontent.google.com/download?id=1Tu6btPPH-IrFDCQbFCmtwha7kLe8-enJ&export=download,https://www.collegedata.fyi/schools/wesleyan-university/2024-25
130697,2024,regular,true,1,1,4,1,https://drive.usercontent.google.com/download?id=1Tu6btPPH-IrFDCQbFCmtwha7kLe8-enJ&export=download,https://www.collegedata.fyi/schools/wesleyan-university/2024-25
130794,2024,regular,true,1,2,4,1,https://oir.yale.edu/sites/default/files/yale_cds_2024-25_rmd_20250612.pdf,https://www.collegedata.fyi/schools/yale/2024-25
130934,2025,early_action,false,,,,,https://www.desu.edu/sites/flagship/files/common-data-set.pdf,https://www.collegedata.fyi/schools/delaware-state-university/2025-26
130934,2025,rolling,true,,,,,https://www.desu.edu/sites/flagship/files/common-data-set.pdf,https://www.collegedata.fyi/schools/delaware-state-university/2025-26
131469,2024,early_decision_1,true,,,,,https://irp.gwu.edu/sites/g/files/zaxdzs6056/files/2025-05/CDS_2024-2025_FINAL.pdf,https://www.collegedata.fyi/schools/gwu/2024-25
131469,2024,priority,true,11,1,,,https://irp.gwu.edu/sites/g/files/zaxdzs6056/files/2025-05/CDS_2024-2025_FINAL.pdf,https://www.collegedata.fyi/schools/gwu/2024-25
131469,2024,regular,true,1,5,4,1,https://irp.gwu.edu/sites/g/files/zaxdzs6056/files/2025-05/CDS_2024-2025_FINAL.pdf,https://www.collegedata.fyi/schools/gwu/2024-25
131496,2025,early_action,true,,,,,https://public.boxcloud.com/d/1/b1!1VD711BRbYYR2Z3Nbp5frWLLfJekv_f5hAcGfYSjjcLDPi6Q-JVAzr83qZ67X9yaaHUHScG-qEgS9GfliIGQXBsnVddgo-s3DFK7-jdhiYFSKK8_h71GMoYwf65FRevW7HmmLQkzqwB8rmon0VOuoSLFpA6xrLh3KVAZo1atClSS8qooW30wfIZs_tVdaP7WuJAWXsQFr5dZsZrY5RrmIPUBS7kPA8EpRfdINIbhCWdL4rYI77effcstbVmXvWbd4As_ZRjx3_x2Fb2qRrPifHJXg2NfYDeU8bYI1Eo-mjWI_mBRHnIoiXSW3KQw1jCkHh0btXBughyAAyG38d2mMMbW_0_NZwF19i_pLsMNuBDWpqZAXIpQhPlbL9t594L4rTt7EKoNRfMxWQTc_remrCiOuPRXqJdigf5osBN18nqM0gJmsmMbv_vGmzJxHFdNsHbvPfshZ9dJdGjScS121CiJVuLJmBV5DUXk1sHVj4evIyRIwg_53tLtaw3ElAhZCM-i--HQAju-3pzm3_7QHhmOjlTz-UUrDKUIYers5I7tjbcciUmEwog8lFG0533iqHoLiDWQeplo_ofmrgk1XqcBrHAF-sOM72JcoOyN8IMHY9fLaUdvcRAnLE9PLL2Q4aA8mQPcRsan4DvCKicawpohFQ9Evn0quQchl3xWJ9jv3vLICboWVvXqQwPdG4dLsmn6R5E7XblzjTPgGb3N34NXWoZkserG-kmFP44fQseJbLKrsA5rEj8MKryTZwOVbojTL_Vgu1gAre4NX9sLV8wTVhmhwF9HDQfaj3VSb0B45AMqKgXw3cvUtqC_UMGbiBd7g-skd9WeTqvEtSM03iYv-ty4vQ83Y_Xq5cTjRBNcSVOmNmedZjE9oDqqa9bVPWQNQSpakPg5Y5aNN0h-avHhGrJExwHJigUe1FlFf9yPovTWyRvUZ1wlUkh4ClsuZUF5iLyLdH66_aLVECBYUA5Y4QyCHGbkJtK_m-qxunPCJ5fZ3dQUw1OnXYJhhULrbJm3uVWkMIGOMQrH0EatdUn6xIjU7ALGHqizXjHPLfB6DFFhE0IysVy7KtqMpg9SoTqBP3xiK-haO58voX0p3exNK-O3QtYc925OYASdf-nkskfSwjouMUPB9nLsyXwLLQb_0UVgVPgtr8kPAXTNuInoaHPaZFUDoMxp161rgFhSiRqyvirnTvFdXqTRUMJuTLTaEjJjkOp7yRmkp8t4lG5yTkdFoO6ycf0MahoA3AbSTa0QF-BYNK4LfQSPI92eUc_QMGfq0N0fqRuBWKS4o1uZNkCaQtSQxR1IH4OudQxP0crNo2TziIEE72s4fk2HIehoQYERG58TT-fwS_Gq9bSfTrGUiUvU8kiNiUncDeJpWRN2DM__xQNGoGSUwLSlrVxaVW10WoS7Gf4SJ1go2BdzsQD3JDBLi2SwlAc6ESfI6WpVJvT2KASF_RqZSu5VSOhMeCUdPibqSld6z8RgSH05KwJP6zIoMfqhNZdzPRakWxBkyi0iIaq7vFF5SevnrA5dxVHw4W_Fej3pMT5xNntZfhk8r4JsGnzJinZUQYWRS7PA-4un7Vsh/download,https://www.collegedata.fyi/schools/georgetown/2025-26
131496,2025,regular,true,1,10,4,1,https://public.boxcloud.com/d/1/b1!1VD711BRbYYR2Z3Nbp5frWLLfJekv_f5hAcGfYSjjcLDPi6Q-JVAzr83qZ67X9yaaHUHScG-qEgS9GfliIGQXBsnVddgo-s3DFK7-jdhiYFSKK8_h71GMoYwf65FRevW7HmmLQkzqwB8rmon0VOuoSLFpA6xrLh3KVAZo1atClSS8qooW30wfIZs_tVdaP7WuJAWXsQFr5dZsZrY5RrmIPUBS7kPA8EpRfdINIbhCWdL4rYI77effcstbVmXvWbd4As_ZRjx3_x2Fb2qRrPifHJXg2NfYDeU8bYI1Eo-mjWI_mBRHnIoiXSW3KQw1jCkHh0btXBughyAAyG38d2mMMbW_0_NZwF19i_pLsMNuBDWpqZAXIpQhPlbL9t594L4rTt7EKoNRfMxWQTc_remrCiOuPRXqJdigf5osBN18nqM0gJmsmMbv_vGmzJxHFdNsHbvPfshZ9dJdGjScS121CiJVuLJmBV5DUXk1sHVj4evIyRIwg_53tLtaw3ElAhZCM-i--HQAju-3pzm3_7QHhmOjlTz-UUrDKUIYers5I7tjbcciUmEwog8lFG0533iqHoLiDWQeplo_ofmrgk1XqcBrHAF-sOM72JcoOyN8IMHY9fLaUdvcRAnLE9PLL2Q4aA8mQPcRsan4DvCKicawpohFQ9Evn0quQchl3xWJ9jv3vLICboWVvXqQwPdG4dLsmn6R5E7XblzjTPgGb3N34NXWoZkserG-kmFP44fQseJbLKrsA5rEj8MKryTZwOVbojTL_Vgu1gAre4NX9sLV8wTVhmhwF9HDQfaj3VSb0B45AMqKgXw3cvUtqC_UMGbiBd7g-skd9WeTqvEtSM03iYv-ty4vQ83Y_Xq5cTjRBNcSVOmNmedZjE9oDqqa9bVPWQNQSpakPg5Y5aNN0h-avHhGrJExwHJigUe1FlFf9yPovTWyRvUZ1wlUkh4ClsuZUF5iLyLdH66_aLVECBYUA5Y4QyCHGbkJtK_m-qxunPCJ5fZ3dQUw1OnXYJhhULrbJm3uVWkMIGOMQrH0EatdUn6xIjU7ALGHqizXjHPLfB6DFFhE0IysVy7KtqMpg9SoTqBP3xiK-haO58voX0p3exNK-O3QtYc925OYASdf-nkskfSwjouMUPB9nLsyXwLLQb_0UVgVPgtr8kPAXTNuInoaHPaZFUDoMxp161rgFhSiRqyvirnTvFdXqTRUMJuTLTaEjJjkOp7yRmkp8t4lG5yTkdFoO6ycf0MahoA3AbSTa0QF-BYNK4LfQSPI92eUc_QMGfq0N0fqRuBWKS4o1uZNkCaQtSQxR1IH4OudQxP0crNo2TziIEE72s4fk2HIehoQYERG58TT-fwS_Gq9bSfTrGUiUvU8kiNiUncDeJpWRN2DM__xQNGoGSUwLSlrVxaVW10WoS7Gf4SJ1go2BdzsQD3JDBLi2SwlAc6ESfI6WpVJvT2KASF_RqZSu5VSOhMeCUdPibqSld6z8RgSH05KwJP6zIoMfqhNZdzPRakWxBkyi0iIaq7vFF5SevnrA5dxVHw4W_Fej3pMT5xNntZfhk8r4JsGnzJinZUQYWRS7PA-4un7Vsh/download,https://www.collegedata.fyi/schools/georgetown/2025-26
131520,2025,early_action,true,11,15,12,30,https://ira.howard.edu/sites/ira.howard.edu/files/2026-06/CDS%20PDF%202526_06.25.26.pdf,https://www.collegedata.fyi/schools/howard-university/2025-26
131520,2025,early_decision_1,true,11,15,12,30,https://ira.howard.edu/sites/ira.howard.edu/files/2026-06/CDS%20PDF%202526_06.25.26.pdf,https://www.collegedata.fyi/schools/howard-university/2025-26
131520,2025,priority,true,11,15,,,https://ira.howard.edu/sites/ira.howard.edu/files/2026-06/CDS%20PDF%202526_06.25.26.pdf,https://www.collegedata.fyi/schools/howard-university/2025-26
131520,2025,regular,true,2,1,4,15,https://ira.howard.edu/sites/ira.howard.edu/files/2026-06/CDS%20PDF%202526_06.25.26.pdf,https://www.collegedata.fyi/schools/howard-university/2025-26
132903,2024,early_decision_1,false,,,,,https://drive.usercontent.google.com/download?id=1Dt0KgZS-C2-gJ5EYHYZQ8KdGZvSqx6LQ&export=download,https://www.collegedata.fyi/schools/university-of-central-florida/2024-25
132903,2024,priority,true,10,15,,,https://drive.usercontent.google.com/download?id=1Dt0KgZS-C2-gJ5EYHYZQ8KdGZvSqx6LQ&export=download,https://www.collegedata.fyi/schools/university-of-central-florida/2024-25
132903,2024,regular,true,5,1,,,https://drive.usercontent.google.com/download?id=1Dt0KgZS-C2-gJ5EYHYZQ8KdGZvSqx6LQ&export=download,https://www.collegedata.fyi/schools/university-of-central-florida/2024-25
132903,2024,rolling,true,,,,,https://drive.usercontent.google.com/download?id=1Dt0KgZS-C2-gJ5EYHYZQ8KdGZvSqx6LQ&export=download,https://www.collegedata.fyi/schools/university-of-central-florida/2024-25
133650,2025,regular,true,,,,,https://www.famu.edu/administration/strategic-planning-analysis-and-institutional-effectiveness/institutional-research/surveys/pdf/cds/CDS_2025-2026.pdf,https://www.collegedata.fyi/schools/florida-agricultural-and-mechanical-university/2025-26
134130,2025,early_action,false,,,,,https://data-apps.ir.aa.ufl.edu/public/cds/CDS%202025-26_v7_07.15.2026.pdf,https://www.collegedata.fyi/schools/uf/2025-26
134130,2025,priority,true,11,1,,,https://data-apps.ir.aa.ufl.edu/public/cds/CDS%202025-26_v7_07.15.2026.pdf,https://www.collegedata.fyi/schools/uf/2025-26
134130,2025,regular,true,1,15,,,https://data-apps.ir.aa.ufl.edu/public/cds/CDS%202025-26_v7_07.15.2026.pdf,https://www.collegedata.fyi/schools/uf/2025-26
135726,2025,early_action,true,11,1,1,31,https://irsa.miami.edu/facts-and-information/common-data-set/cds2526.pdf,https://www.collegedata.fyi/schools/university-of-miami/2025-26
135726,2025,early_decision_1,true,11,1,12,15,https://irsa.miami.edu/facts-and-information/common-data-set/cds2526.pdf,https://www.collegedata.fyi/schools/university-of-miami/2025-26
135726,2025,early_decision_2,true,1,5,2,28,https://irsa.miami.edu/facts-and-information/common-data-set/cds2526.pdf,https://www.collegedata.fyi/schools/university-of-miami/2025-26
135726,2025,regular,true,1,5,4,1,https://irsa.miami.edu/facts-and-information/common-data-set/cds2526.pdf,https://www.collegedata.fyi/schools/university-of-miami/2025-26
136950,2024,early_decision_1,true,,,,,https://drive.usercontent.google.com/download?id=1kuzTrfMGGpU6FncJ1kqxT6hav0ir20L5&export=download,https://www.collegedata.fyi/schools/rollins-college/2024-25
136950,2024,priority,true,11,15,,,https://drive.usercontent.google.com/download?id=1kuzTrfMGGpU6FncJ1kqxT6hav0ir20L5&export=download,https://www.collegedata.fyi/schools/rollins-college/2024-25
136950,2024,regular,true,2,1,,,https://drive.usercontent.google.com/download?id=1kuzTrfMGGpU6FncJ1kqxT6hav0ir20L5&export=download,https://www.collegedata.fyi/schools/rollins-college/2024-25
138354,2024,early_action,false,,,,,https://uwf.edu/media/university-of-west-florida/academic-affairs/departments/institutional-research/docs/archive/cds/CDS_2024-25.pdf,https://www.collegedata.fyi/schools/university-of-west-florida/2024-25
138354,2024,early_decision_1,false,,,,,https://uwf.edu/media/university-of-west-florida/academic-affairs/departments/institutional-research/docs/archive/cds/CDS_2024-25.pdf,https://www.collegedata.fyi/schools/university-of-west-florida/2024-25
138354,2024,regular,true,4,1,,,https://uwf.edu/media/university-of-west-florida/academic-affairs/departments/institutional-research/docs/archive/cds/CDS_2024-25.pdf,https://www.collegedata.fyi/schools/university-of-west-florida/2024-25
138354,2024,rolling,true,,,,,https://uwf.edu/media/university-of-west-florida/academic-affairs/departments/institutional-research/docs/archive/cds/CDS_2024-25.pdf,https://www.collegedata.fyi/schools/university-of-west-florida/2024-25
138600,2025,early_action,true,,,,,https://www.agnesscott.edu/assets/documents/institutional-research/cds_2025_2026.pdf,https://www.collegedata.fyi/schools/agnes-scott-college/2025-26
138600,2025,early_decision_1,true,,,,,https://www.agnesscott.edu/assets/documents/institutional-research/cds_2025_2026.pdf,https://www.collegedata.fyi/schools/agnes-scott-college/2025-26
138600,2025,priority,true,1,15,,,https://www.agnesscott.edu/assets/documents/institutional-research/cds_2025_2026.pdf,https://www.collegedata.fyi/schools/agnes-scott-college/2025-26
138600,2025,regular,true,5,1,,,https://www.agnesscott.edu/assets/documents/institutional-research/cds_2025_2026.pdf,https://www.collegedata.fyi/schools/agnes-scott-college/2025-26
138600,2025,rolling,true,,,,,https://www.agnesscott.edu/assets/documents/institutional-research/cds_2025_2026.pdf,https://www.collegedata.fyi/schools/agnes-scott-college/2025-26
139658,2024,early_decision_1,true,,,,,https://provost.emory.edu/planning-administration/_includes/documents/sections/institutional-data/emory-common-data-set-2024-2025.pdf,https://www.collegedata.fyi/schools/emory/2024-25
139658,2024,regular,true,,,4,1,https://provost.emory.edu/planning-administration/_includes/documents/sections/institutional-data/emory-common-data-set-2024-2025.pdf,https://www.collegedata.fyi/schools/emory/2024-25
139755,2025,early_action,true,,,,,https://irp.gatech.edu/sites/default/files/CDS/CDS_2025-2026_FINAL_R4_03JUN2026.pdf,https://www.collegedata.fyi/schools/georgia-tech/2025-26
139755,2025,early_decision_1,false,,,,,https://irp.gatech.edu/sites/default/files/CDS/CDS_2025-2026_FINAL_R4_03JUN2026.pdf,https://www.collegedata.fyi/schools/georgia-tech/2025-26
139755,2025,priority,true,10,15,,,https://irp.gatech.edu/sites/default/files/CDS/CDS_2025-2026_FINAL_R4_03JUN2026.pdf,https://www.collegedata.fyi/schools/georgia-tech/2025-26
139755,2025,regular,true,1,5,3,31,https://irp.gatech.edu/sites/default/files/CDS/CDS_2025-2026_FINAL_R4_03JUN2026.pdf,https://www.collegedata.fyi/schools/georgia-tech/2025-26
141060,2025,early_action,true,,,,,https://www.spelman.edu/_1_Docs-and-Files/about/institutional-research/common-data-set/cds_2025-2026_spelman_college_1.26.2026.pdf,https://www.collegedata.fyi/schools/spelman-college/2025-26
141060,2025,early_decision_1,true,,,,,https://www.spelman.edu/_1_Docs-and-Files/about/institutional-research/common-data-set/cds_2025-2026_spelman_college_1.26.2026.pdf,https://www.collegedata.fyi/schools/spelman-college/2025-26
141060,2025,regular,true,2,1,4,1,https://www.spelman.edu/_1_Docs-and-Files/about/institutional-research/common-data-set/cds_2025-2026_spelman_college_1.26.2026.pdf,https://www.collegedata.fyi/schools/spelman-college/2025-26
141264,2024,early_decision_1,false,,,,,https://www.valdosta.edu/administration/institutional-research/documents/common-data-set/cds-2024-2025.pdf,https://www.collegedata.fyi/schools/valdosta-state-university/2024-25
141334,2025,priority,true,2,1,,,https://www.westga.edu/assets/iea/docs/cds-reports/cds-f2025.pdf,https://www.collegedata.fyi/schools/university-of-west-georgia/2025-26
141334,2025,regular,true,6,1,,,https://www.westga.edu/assets/iea/docs/cds-reports/cds-f2025.pdf,https://www.collegedata.fyi/schools/university-of-west-georgia/2025-26
142115,2025,early_decision_1,true,,,,,https://www.boisestate.edu/ie/wp-content/uploads/sites/501/2026/04/Boise-State-University-CDS_2025-2026_PDF.pdf,https://www.collegedata.fyi/schools/boise-state-university/2025-26
142328,2025,early_action,true,,,,,https://www.lcsc.edu/media/ccvnocvu/cds_2025-2026_final_060326.pdf,https://www.collegedata.fyi/schools/lewis-clark-state-college/2025-26
143084,2025,early_decision_1,true,,,,,https://www.augustana.edu/files/2026-04/2025-26_CDS_Augustana_College_IL_V2.pdf,https://www.collegedata.fyi/schools/augustana-college/2025-26
143118,2025,early_action,true,,,,,https://aurora.edu/documents/about/cds-2025-2026.pdf,https://www.collegedata.fyi/schools/aurora-university/2025-26
144050,2025,regular,true,,,,,https://bpb-us-w2.wpmucdn.com/voices.uchicago.edu/dist/8/2077/files/2026/08/CDS_2025-2026_to_publish-1.pdf,https://www.collegedata.fyi/schools/uchicago/2025-26
145637,2024,early_action,true,11,1,1,31,https://www.dmi.illinois.edu/stuenr/misc/cds_2024_2025.xlsx,https://www.collegedata.fyi/schools/university-of-illinois-urbana-champaign/2024-25
145637,2024,early_decision_1,false,,,,,https://www.dmi.illinois.edu/stuenr/misc/cds_2024_2025.xlsx,https://www.collegedata.fyi/schools/university-of-illinois-urbana-champaign/2024-25
145637,2024,regular,true,1,1,,,https://www.dmi.illinois.edu/stuenr/misc/cds_2024_2025.xlsx,https://www.collegedata.fyi/schools/university-of-illinois-urbana-champaign/2024-25
145646,2024,early_decision_1,false,,,,,https://drive.usercontent.google.com/download?id=1n2smyitAMGAXYMiFVJFa6IWE9kXfelqr&export=download,https://www.collegedata.fyi/schools/illinois-wesleyan-university/2024-25
145646,2024,priority,true,3,15,,,https://drive.usercontent.google.com/download?id=1n2smyitAMGAXYMiFVJFa6IWE9kXfelqr&export=download,https://www.collegedata.fyi/schools/illinois-wesleyan-university/2024-25
146719,2025,early_decision_1,false,,,,,https://www.luc.edu/media/lucedu/oie/CDS%202025-26%20-%20Loyola%20University%20Chicago%20-%20Final_af.pdf,https://www.collegedata.fyi/schools/loyola-university-chicago/2025-26
146719,2025,rolling,true,,,,,https://www.luc.edu/media/lucedu/oie/CDS%202025-26%20-%20Loyola%20University%20Chicago%20-%20Final_af.pdf,https://www.collegedata.fyi/schools/loyola-university-chicago/2025-26
147660,2024,early_decision_1,false,,,,,https://www.northcentralcollege.edu/sites/default/files/Common%20Data%20Set_2024-2025.pdf,https://www.collegedata.fyi/schools/north-central-college/2024-25
147660,2024,regular,true,4,15,,,https://www.northcentralcollege.edu/sites/default/files/Common%20Data%20Set_2024-2025.pdf,https://www.collegedata.fyi/schools/north-central-college/2024-25
147660,2024,rolling,true,,,,,https://www.northcentralcollege.edu/sites/default/files/Common%20Data%20Set_2024-2025.pdf,https://www.collegedata.fyi/schools/north-central-college/2024-25
147767,2024,early_decision_1,true,,,,,https://drive.usercontent.google.com/download?id=1w2QtvSXBK8cuV3r10E4g3-beRqP0lilk&export=download,https://www.collegedata.fyi/schools/northwestern/2024-25
148131,2025,early_action,true,12,15,1,15,https://www.quincy.edu/wp-content/uploads/2026/03/CDS-PDF-2025-2026_PDF_Template-quincy-university-working-final.pdf,https://www.collegedata.fyi/schools/quincy-university/2025-26
148131,2025,early_decision_1,false,,,,,https://www.quincy.edu/wp-content/uploads/2026/03/CDS-PDF-2025-2026_PDF_Template-quincy-university-working-final.pdf,https://www.collegedata.fyi/schools/quincy-university/2025-26
148131,2025,priority,true,2,15,,,https://www.quincy.edu/wp-content/uploads/2026/03/CDS-PDF-2025-2026_PDF_Template-quincy-university-working-final.pdf,https://www.collegedata.fyi/schools/quincy-university/2025-26
148131,2025,regular,true,8,15,10,1,https://www.quincy.edu/wp-content/uploads/2026/03/CDS-PDF-2025-2026_PDF_Template-quincy-university-working-final.pdf,https://www.collegedata.fyi/schools/quincy-university/2025-26
148496,2025,regular,true,,,,,https://www.dom.edu/sites/default/files/2026-01/OIE_CDS_2025-2026_Final_12_11_25.pdf,https://www.collegedata.fyi/schools/dominican-university/2025-26
148496,2025,rolling,true,,,,,https://www.dom.edu/sites/default/files/2026-01/OIE_CDS_2025-2026_Final_12_11_25.pdf,https://www.collegedata.fyi/schools/dominican-university/2025-26
150163,2024,regular,true,8,1,,,https://drive.usercontent.google.com/download?id=1EwcVaexL3MUER9jj_mWnF4l2AF-JWB2Z&export=download,https://www.collegedata.fyi/schools/butler-university/2024-25
150400,2024,early_decision_1,false,,,,,https://drive.usercontent.google.com/download?id=1H0BDWS4g91wjnlSqI9HfncCRb9rTBud2&export=download,https://www.collegedata.fyi/schools/depauw-university/2024-25
151306,2024,early_decision_1,false,,,,,https://www.usi.edu/media/jkvps14g/pdf-cds_2024-2025.pdf,https://www.collegedata.fyi/schools/university-of-southern-indiana/2024-25
151306,2024,priority,true,8,15,,,https://www.usi.edu/media/jkvps14g/pdf-cds_2024-2025.pdf,https://www.collegedata.fyi/schools/university-of-southern-indiana/2024-25
152080,2025,early_action,true,,,,,https://drive.usercontent.google.com/download?id=1yWm48DwrNsGJJmw8ZEcx4T1pj2xunXQq&export=download,https://www.collegedata.fyi/schools/university-of-notre-dame/2025-26
152080,2025,early_decision_1,false,,,,,https://drive.usercontent.google.com/download?id=1yWm48DwrNsGJJmw8ZEcx4T1pj2xunXQq&export=download,https://www.collegedata.fyi/schools/university-of-notre-dame/2025-26
152080,2025,regular,true,1,2,,,https://drive.usercontent.google.com/download?id=1yWm48DwrNsGJJmw8ZEcx4T1pj2xunXQq&export=download,https://www.collegedata.fyi/schools/university-of-notre-dame/2025-26
152318,2024,priority,true,11,1,,,https://drive.usercontent.google.com/download?id=1da72P1KPJhrKAU-fTEfM6zK4YMovnhhM&export=download,https://www.collegedata.fyi/schools/rose-hulman-institute-of-technology/2024-25
152318,2024,regular,true,2,1,12,15,https://drive.usercontent.google.com/download?id=1da72P1KPJhrKAU-fTEfM6zK4YMovnhhM&export=download,https://www.collegedata.fyi/schools/rose-hulman-institute-of-technology/2024-25
152600,2025,early_action,false,,,,,https://www.valpo.edu/wp-content/uploads/2026/06/CDS_2025-2026-PDF_v4_2026.06.10.pdf,https://www.collegedata.fyi/schools/valparaiso-university/2025-26
152600,2025,early_decision_1,false,,,,,https://www.valpo.edu/wp-content/uploads/2026/06/CDS_2025-2026-PDF_v4_2026.06.10.pdf,https://www.collegedata.fyi/schools/valparaiso-university/2025-26
152600,2025,priority,true,11,1,,,https://www.valpo.edu/wp-content/uploads/2026/06/CDS_2025-2026-PDF_v4_2026.06.10.pdf,https://www.collegedata.fyi/schools/valparaiso-university/2025-26
152600,2025,regular,false,,,10,1,https://www.valpo.edu/wp-content/uploads/2026/06/CDS_2025-2026-PDF_v4_2026.06.10.pdf,https://www.collegedata.fyi/schools/valparaiso-university/2025-26
152673,2025,early_action,true,12,1,12,31,https://www.wabash.edu/institutional_research/docs/cds-2025-2026.xlsx,https://www.collegedata.fyi/schools/wabash-college/2025-26
152673,2025,early_decision_1,true,11,15,12,5,https://www.wabash.edu/institutional_research/docs/cds-2025-2026.xlsx,https://www.collegedata.fyi/schools/wabash-college/2025-26
152673,2025,priority,true,12,1,,,https://www.wabash.edu/institutional_research/docs/cds-2025-2026.xlsx,https://www.collegedata.fyi/schools/wabash-college/2025-26
152673,2025,regular,false,,,,,https://www.wabash.edu/institutional_research/docs/cds-2025-2026.xlsx,https://www.collegedata.fyi/schools/wabash-college/2025-26
152673,2025,rolling,true,,,,,https://www.wabash.edu/institutional_research/docs/cds-2025-2026.xlsx,https://www.collegedata.fyi/schools/wabash-college/2025-26
153108,2024,early_decision_1,false,,,,,https://departments.central.edu/wp-content/uploads/sites/17/files/2025/05/2024-25-CDS-FINAL-Central-College-IA.pdf,https://www.collegedata.fyi/schools/central-college/2024-25
153108,2024,regular,true,8,1,,,https://departments.central.edu/wp-content/uploads/sites/17/files/2025/05/2024-25-CDS-FINAL-Central-College-IA.pdf,https://www.collegedata.fyi/schools/central-college/2024-25
153108,2024,rolling,true,,,,,https://departments.central.edu/wp-content/uploads/sites/17/files/2025/05/2024-25-CDS-FINAL-Central-College-IA.pdf,https://www.collegedata.fyi/schools/central-college/2024-25
153384,2024,early_decision_1,true,,,,,https://drive.usercontent.google.com/download?id=1VYF-nDPRFsRgSqcCKysq67uwp_LXeliM&export=download,https://www.collegedata.fyi/schools/grinnell-college/2024-25
153384,2024,early_decision_2,true,1,5,1,31,https://drive.usercontent.google.com/download?id=1VYF-nDPRFsRgSqcCKysq67uwp_LXeliM&export=download,https://www.collegedata.fyi/schools/grinnell-college/2024-25
154095,2025,early_action,false,,,,,https://ie.uni.edu/sites/default/files/inline-uploads/CDS-2025-2026%20Updated%208.18.26.pdf,https://www.collegedata.fyi/schools/university-of-northern-iowa/2025-26
154095,2025,early_decision_1,false,,,,,https://ie.uni.edu/sites/default/files/inline-uploads/CDS-2025-2026%20Updated%208.18.26.pdf,https://www.collegedata.fyi/schools/university-of-northern-iowa/2025-26
154095,2025,regular,false,,,7,1,https://ie.uni.edu/sites/default/files/inline-uploads/CDS-2025-2026%20Updated%208.18.26.pdf,https://www.collegedata.fyi/schools/university-of-northern-iowa/2025-26
154235,2025,regular,false,,,,,https://sau.edu/media/content-assets/pdfs/consumer-information/SAU-Common-Data-Set-2025-26.pdf,https://www.collegedata.fyi/schools/saint-ambrose-university/2025-26
155317,2024,priority,true,8,1,,,https://aire.ku.edu/sites/aire/files/files/CDS/2024-2025/A1.pdf,https://www.collegedata.fyi/schools/university-of-kansas/2024-25
155399,2025,early_decision_1,false,,,,,https://www.k-state.edu/data/institutional-research/resources/common-data-set/CDS_2025_2026.pdf,https://www.collegedata.fyi/schools/kansas-state-university/2025-26
155399,2025,priority,true,12,1,,,https://www.k-state.edu/data/institutional-research/resources/common-data-set/CDS_2025_2026.pdf,https://www.collegedata.fyi/schools/kansas-state-university/2025-26
155399,2025,regular,false,,,,,https://www.k-state.edu/data/institutional-research/resources/common-data-set/CDS_2025_2026.pdf,https://www.collegedata.fyi/schools/kansas-state-university/2025-26
155511,2024,regular,true,,,,,https://www.mcpherson.edu/wp-content/uploads/2025/06/CDS-2024-2025-MC.pdf,https://www.collegedata.fyi/schools/mcpherson-college/2024-25
156125,2025,early_action,false,,,,,https://www.wichita.edu/services/planning_and_analysis/documents/WSU_2025_2026_CDS_OPAweb.xlsx,https://www.collegedata.fyi/schools/wichita-state-university/2025-26
156125,2025,early_decision_1,false,,,,,https://www.wichita.edu/services/planning_and_analysis/documents/WSU_2025_2026_CDS_OPAweb.xlsx,https://www.collegedata.fyi/schools/wichita-state-university/2025-26
156125,2025,rolling,true,,,,,https://www.wichita.edu/services/planning_and_analysis/documents/WSU_2025_2026_CDS_OPAweb.xlsx,https://www.collegedata.fyi/schools/wichita-state-university/2025-26
156408,2025,early_action,true,11,15,12,31,https://www.centre.edu/documents/2025-2026-common-data,https://www.collegedata.fyi/schools/centre-college/2025-26
156408,2025,early_decision_1,true,11,1,12,1,https://www.centre.edu/documents/2025-2026-common-data,https://www.collegedata.fyi/schools/centre-college/2025-26
156408,2025,early_decision_2,true,1,15,2,15,https://www.centre.edu/documents/2025-2026-common-data,https://www.collegedata.fyi/schools/centre-college/2025-26
156408,2025,priority,true,2,1,,,https://www.centre.edu/documents/2025-2026-common-data,https://www.collegedata.fyi/schools/centre-college/2025-26
156408,2025,regular,true,,,3,15,https://www.centre.edu/documents/2025-2026-common-data,https://www.collegedata.fyi/schools/centre-college/2025-26
157058,2025,regular,true,,,9,15,https://www.kysu.edu/documents/institutional-research/CDS%202025-2026.pdf,https://www.collegedata.fyi/schools/kentucky-state-university/2025-26
157085,2025,early_action,true,,,,,https://irads.uky.edu/sites/default/files/2026-07/university-of-kentucky-cds-2025-2026-flat.pdf,https://www.collegedata.fyi/schools/university-of-kentucky/2025-26
157386,2024,early_action,false,,,,,https://www.moreheadstate.edu/_files/files/about-msu/leadership/ppe-institutional-research/cds-2025-2026.pdf,https://www.collegedata.fyi/schools/morehead-state-university/2024-25
157386,2024,early_decision_1,false,,,,,https://www.moreheadstate.edu/_files/files/about-msu/leadership/ppe-institutional-research/cds-2025-2026.pdf,https://www.collegedata.fyi/schools/morehead-state-university/2024-25
157535,2025,priority,true,3,15,,,https://www.upike.edu/wp-content/uploads/2025/11/common-data-set-2025.pdf,https://www.collegedata.fyi/schools/university-of-pikeville/2025-26
157535,2025,regular,true,8,15,,,https://www.upike.edu/wp-content/uploads/2025/11/common-data-set-2025.pdf,https://www.collegedata.fyi/schools/university-of-pikeville/2025-26
159647,2025,regular,true,1,1,,,https://oierp.latech.edu/documents/2026/06/common-data-set-2025-2026.xlsx/,https://www.collegedata.fyi/schools/louisiana-tech-university/2025-26
160755,2024,early_decision_1,true,,,,,https://public.boxcloud.com/d/1/b1!00VPQwFUD1445rkRd7BLPoK1VME0olP-U70KYYWWIy9MAA4r80BRgs8_kIUbjv23Erm2oSqt7IbIdYq0zdsvjf6Y1s9o7Jk5rQ0iJB5bAOLyalskXoodg2ihdoT-gKx5Ydqp6VnF2zNJXpHeeNHG8PwcpmqS2Ny-qoomO6ryRsQac5jzbimpC54a9YCRPPvc9x5LPI7Ds14tavS3KKtLILzmcOjm4cl5VRyWsXmW75VKHIF3Z_IUgRZ3uQ-fdQnecf1LKYVf0bxmErdaTzNOoEdmotix5FI2xV9b0D1PFTxNhWvTwiFALAe4pPOi48Bo7aaAJ6yaXm0XnIfVCOlxuxM5M0ppc0g8er7wraTpJbV61uQBrsuIUoyXvH1tqr-vh9fg2HyxHsCRCmV5yDvwFqN3obLXCJwAgyuxbtVbvS6BNr8EKGPmx7zU8rKrTcmx9yfQm8AOSSQ61RdkWOF7fWL4bwGgvJReEHIvTh4yJZzA7JTfDl7Ig0bqqGjryDIm2_XCMmKcyO3EISxEtnnRPTcWnJm_vGHacHN9rh6savle-l9WdPHOoazA-E4rwPgX621B0_ork1TXKJNtz7LWhkpYOS16MC0NRd9HCTkkXZNk_FZtBh2G-TFyZGDnqhehpCN-ib3hLurzba8wk7FHbSre_w-I2ivU4D6M8w-oKKwAHLaUnG__8hhUIgugNaQsZxTBeEonESiNWd4n1_-8zbczzs3wIKHcDlBWJ3bZ64fJ_s4XOOuez5xHSzEYyUUlLfe1noM073rOMtECbf2dp0yvOuN1tPXui6ZpvFdwrBm1667yF7VlCqUQu_L4SCNEthbpz0yVGH_jKQWRQabrLp-aoH_25geZeas6o8uir--j1HTct7Y-yIsiLHrxCamX9RShAHw6aHoLJVTnVrpeuGo8qf6zoeXE9fJDVgIkxWKYhI5pECXTYD2e8spUSfCyF7FZZKRMinxLEkgYwx8TDftIVKsWprA-oPkXBPI8K5H3nqgPSlhxVAQ5HM0Xw5Jwo9bl18bEWcRpYyw3hcly780WrtAYRoKkIRe1wnmQADMs8NZiL7kRkv3wsXTVtbA8phw2SxLp75ZsC7C_SxFdvrRVB6LuV5WXKyOvKPk7bVQuRdANOvTCPW1TWBD9a-pk3pZ37oNspom0W8p5UXvVG4Cu_dRwPt8L4YWSgazYrpSjBWV_N0g_9q7H81LSLzIeTU61ecClUbG8A3bEPhzdgnHVTVpPWz6SP0iVLtnhd4vsHLMPdDT862AU8fFdb03jmMid8jKhSIsaqdjMs0pNPg_DJpxvnsPyu-0G9WJvd8XWXSlEpV5WV6vMMgd6gtUu9AvZOKkxktqJXt2tyBg0HFK_zwjSRN1M_A4P1SBJb2BUbsascloT7W1sPt8gBJ_fGRhipF-2rVdQzgiIkNHZk0aRk6sF6tyqhjbtBkCV4MW9u2qrj7p0qNBEVL3yuLJCF-k2MOtvzSrOpSXl8Ra2HL-1Lu0Su3T8WFk1cC_e8SjmjbpEd8n5ZA5DUg99yglUcmrbbbA2pivDWV0TAcWkb1npoiShNLyo0_hMySr8VAYndkzAF687RBbj8Zzk-eb1SoXI0g../download,https://www.collegedata.fyi/schools/tulane-university-of-louisiana/2024-25
160755,2024,priority,true,11,1,,,https://public.boxcloud.com/d/1/b1!00VPQwFUD1445rkRd7BLPoK1VME0olP-U70KYYWWIy9MAA4r80BRgs8_kIUbjv23Erm2oSqt7IbIdYq0zdsvjf6Y1s9o7Jk5rQ0iJB5bAOLyalskXoodg2ihdoT-gKx5Ydqp6VnF2zNJXpHeeNHG8PwcpmqS2Ny-qoomO6ryRsQac5jzbimpC54a9YCRPPvc9x5LPI7Ds14tavS3KKtLILzmcOjm4cl5VRyWsXmW75VKHIF3Z_IUgRZ3uQ-fdQnecf1LKYVf0bxmErdaTzNOoEdmotix5FI2xV9b0D1PFTxNhWvTwiFALAe4pPOi48Bo7aaAJ6yaXm0XnIfVCOlxuxM5M0ppc0g8er7wraTpJbV61uQBrsuIUoyXvH1tqr-vh9fg2HyxHsCRCmV5yDvwFqN3obLXCJwAgyuxbtVbvS6BNr8EKGPmx7zU8rKrTcmx9yfQm8AOSSQ61RdkWOF7fWL4bwGgvJReEHIvTh4yJZzA7JTfDl7Ig0bqqGjryDIm2_XCMmKcyO3EISxEtnnRPTcWnJm_vGHacHN9rh6savle-l9WdPHOoazA-E4rwPgX621B0_ork1TXKJNtz7LWhkpYOS16MC0NRd9HCTkkXZNk_FZtBh2G-TFyZGDnqhehpCN-ib3hLurzba8wk7FHbSre_w-I2ivU4D6M8w-oKKwAHLaUnG__8hhUIgugNaQsZxTBeEonESiNWd4n1_-8zbczzs3wIKHcDlBWJ3bZ64fJ_s4XOOuez5xHSzEYyUUlLfe1noM073rOMtECbf2dp0yvOuN1tPXui6ZpvFdwrBm1667yF7VlCqUQu_L4SCNEthbpz0yVGH_jKQWRQabrLp-aoH_25geZeas6o8uir--j1HTct7Y-yIsiLHrxCamX9RShAHw6aHoLJVTnVrpeuGo8qf6zoeXE9fJDVgIkxWKYhI5pECXTYD2e8spUSfCyF7FZZKRMinxLEkgYwx8TDftIVKsWprA-oPkXBPI8K5H3nqgPSlhxVAQ5HM0Xw5Jwo9bl18bEWcRpYyw3hcly780WrtAYRoKkIRe1wnmQADMs8NZiL7kRkv3wsXTVtbA8phw2SxLp75ZsC7C_SxFdvrRVB6LuV5WXKyOvKPk7bVQuRdANOvTCPW1TWBD9a-pk3pZ37oNspom0W8p5UXvVG4Cu_dRwPt8L4YWSgazYrpSjBWV_N0g_9q7H81LSLzIeTU61ecClUbG8A3bEPhzdgnHVTVpPWz6SP0iVLtnhd4vsHLMPdDT862AU8fFdb03jmMid8jKhSIsaqdjMs0pNPg_DJpxvnsPyu-0G9WJvd8XWXSlEpV5WV6vMMgd6gtUu9AvZOKkxktqJXt2tyBg0HFK_zwjSRN1M_A4P1SBJb2BUbsascloT7W1sPt8gBJ_fGRhipF-2rVdQzgiIkNHZk0aRk6sF6tyqhjbtBkCV4MW9u2qrj7p0qNBEVL3yuLJCF-k2MOtvzSrOpSXl8Ra2HL-1Lu0Su3T8WFk1cC_e8SjmjbpEd8n5ZA5DUg99yglUcmrbbbA2pivDWV0TAcWkb1npoiShNLyo0_hMySr8VAYndkzAF687RBbj8Zzk-eb1SoXI0g../download,https://www.collegedata.fyi/schools/tulane-university-of-louisiana/2024-25
160755,2024,regular,true,1,15,4,1,https://public.boxcloud.com/d/1/b1!00VPQwFUD1445rkRd7BLPoK1VME0olP-U70KYYWWIy9MAA4r80BRgs8_kIUbjv23Erm2oSqt7IbIdYq0zdsvjf6Y1s9o7Jk5rQ0iJB5bAOLyalskXoodg2ihdoT-gKx5Ydqp6VnF2zNJXpHeeNHG8PwcpmqS2Ny-qoomO6ryRsQac5jzbimpC54a9YCRPPvc9x5LPI7Ds14tavS3KKtLILzmcOjm4cl5VRyWsXmW75VKHIF3Z_IUgRZ3uQ-fdQnecf1LKYVf0bxmErdaTzNOoEdmotix5FI2xV9b0D1PFTxNhWvTwiFALAe4pPOi48Bo7aaAJ6yaXm0XnIfVCOlxuxM5M0ppc0g8er7wraTpJbV61uQBrsuIUoyXvH1tqr-vh9fg2HyxHsCRCmV5yDvwFqN3obLXCJwAgyuxbtVbvS6BNr8EKGPmx7zU8rKrTcmx9yfQm8AOSSQ61RdkWOF7fWL4bwGgvJReEHIvTh4yJZzA7JTfDl7Ig0bqqGjryDIm2_XCMmKcyO3EISxEtnnRPTcWnJm_vGHacHN9rh6savle-l9WdPHOoazA-E4rwPgX621B0_ork1TXKJNtz7LWhkpYOS16MC0NRd9HCTkkXZNk_FZtBh2G-TFyZGDnqhehpCN-ib3hLurzba8wk7FHbSre_w-I2ivU4D6M8w-oKKwAHLaUnG__8hhUIgugNaQsZxTBeEonESiNWd4n1_-8zbczzs3wIKHcDlBWJ3bZ64fJ_s4XOOuez5xHSzEYyUUlLfe1noM073rOMtECbf2dp0yvOuN1tPXui6ZpvFdwrBm1667yF7VlCqUQu_L4SCNEthbpz0yVGH_jKQWRQabrLp-aoH_25geZeas6o8uir--j1HTct7Y-yIsiLHrxCamX9RShAHw6aHoLJVTnVrpeuGo8qf6zoeXE9fJDVgIkxWKYhI5pECXTYD2e8spUSfCyF7FZZKRMinxLEkgYwx8TDftIVKsWprA-oPkXBPI8K5H3nqgPSlhxVAQ5HM0Xw5Jwo9bl18bEWcRpYyw3hcly780WrtAYRoKkIRe1wnmQADMs8NZiL7kRkv3wsXTVtbA8phw2SxLp75ZsC7C_SxFdvrRVB6LuV5WXKyOvKPk7bVQuRdANOvTCPW1TWBD9a-pk3pZ37oNspom0W8p5UXvVG4Cu_dRwPt8L4YWSgazYrpSjBWV_N0g_9q7H81LSLzIeTU61ecClUbG8A3bEPhzdgnHVTVpPWz6SP0iVLtnhd4vsHLMPdDT862AU8fFdb03jmMid8jKhSIsaqdjMs0pNPg_DJpxvnsPyu-0G9WJvd8XWXSlEpV5WV6vMMgd6gtUu9AvZOKkxktqJXt2tyBg0HFK_zwjSRN1M_A4P1SBJb2BUbsascloT7W1sPt8gBJ_fGRhipF-2rVdQzgiIkNHZk0aRk6sF6tyqhjbtBkCV4MW9u2qrj7p0qNBEVL3yuLJCF-k2MOtvzSrOpSXl8Ra2HL-1Lu0Su3T8WFk1cC_e8SjmjbpEd8n5ZA5DUg99yglUcmrbbbA2pivDWV0TAcWkb1npoiShNLyo0_hMySr8VAYndkzAF687RBbj8Zzk-eb1SoXI0g../download,https://www.collegedata.fyi/schools/tulane-university-of-louisiana/2024-25
160977,2025,early_action,false,,,,,https://www.bates.edu/research/files/2026/06/CDS_2025-2026.pdf,https://www.collegedata.fyi/schools/bates/2025-26
160977,2025,early_decision_1,true,11,15,12,20,https://www.bates.edu/research/files/2026/06/CDS_2025-2026.pdf,https://www.collegedata.fyi/schools/bates/2025-26
160977,2025,early_decision_2,true,1,10,2,15,https://www.bates.edu/research/files/2026/06/CDS_2025-2026.pdf,https://www.collegedata.fyi/schools/bates/2025-26
160977,2025,regular,true,1,10,4,1,https://www.bates.edu/research/files/2026/06/CDS_2025-2026.pdf,https://www.collegedata.fyi/schools/bates/2025-26
161004,2025,early_action,false,,,,,https://www.bowdoin.edu/ir/pdf/bowdoin-cds_2025-2026.pdf,https://www.collegedata.fyi/schools/bowdoin/2025-26
161004,2025,early_decision_1,true,11,15,12,15,https://www.bowdoin.edu/ir/pdf/bowdoin-cds_2025-2026.pdf,https://www.collegedata.fyi/schools/bowdoin/2025-26
161004,2025,early_decision_2,true,1,5,2,15,https://www.bowdoin.edu/ir/pdf/bowdoin-cds_2025-2026.pdf,https://www.collegedata.fyi/schools/bowdoin/2025-26
161004,2025,regular,true,1,5,,,https://www.bowdoin.edu/ir/pdf/bowdoin-cds_2025-2026.pdf,https://www.collegedata.fyi/schools/bowdoin/2025-26
161253,2024,early_decision_1,false,,,,,https://drive.usercontent.google.com/download?id=1iIm6kbdpySc_APcfykY1gICTMkNIQHN0&export=download,https://www.collegedata.fyi/schools/university-of-maine/2024-25
162928,2025,early_action,false,,,,,https://oira.jhu.edu/wp-content/uploads/2025-2026-CDS-Johns-Hopkins-University.pdf,https://www.collegedata.fyi/schools/johns-hopkins/2025-26
162928,2025,early_decision_1,true,,,,,https://oira.jhu.edu/wp-content/uploads/2025-2026-CDS-Johns-Hopkins-University.pdf,https://www.collegedata.fyi/schools/johns-hopkins/2025-26
162928,2025,early_decision_2,true,1,3,2,12,https://oira.jhu.edu/wp-content/uploads/2025-2026-CDS-Johns-Hopkins-University.pdf,https://www.collegedata.fyi/schools/johns-hopkins/2025-26
162928,2025,priority,true,1,3,,,https://oira.jhu.edu/wp-content/uploads/2025-2026-CDS-Johns-Hopkins-University.pdf,https://www.collegedata.fyi/schools/johns-hopkins/2025-26
162928,2025,regular,true,1,3,4,1,https://oira.jhu.edu/wp-content/uploads/2025-2026-CDS-Johns-Hopkins-University.pdf,https://www.collegedata.fyi/schools/johns-hopkins/2025-26
163851,2024,early_decision_1,false,,,,,https://www.salisbury.edu/administration/university-analysis-reporting-and-assessment/_files/cds-2024-2025-Final.pdf,https://www.collegedata.fyi/schools/salisbury-university/2024-25
163851,2024,priority,true,1,15,,,https://www.salisbury.edu/administration/university-analysis-reporting-and-assessment/_files/cds-2024-2025-Final.pdf,https://www.collegedata.fyi/schools/salisbury-university/2024-25
163851,2024,regular,false,,,,,https://www.salisbury.edu/administration/university-analysis-reporting-and-assessment/_files/cds-2024-2025-Final.pdf,https://www.collegedata.fyi/schools/salisbury-university/2024-25
163912,2025,early_action,true,11,1,1,1,https://www.smcm.edu/app/uploads/sites/60/2026/05/CDS_25-26.pdf,https://www.collegedata.fyi/schools/st-marys-college-of-maryland/2025-26
163912,2025,early_decision_1,true,11,1,12,1,https://www.smcm.edu/app/uploads/sites/60/2026/05/CDS_25-26.pdf,https://www.collegedata.fyi/schools/st-marys-college-of-maryland/2025-26
163912,2025,early_decision_2,true,1,15,2,15,https://www.smcm.edu/app/uploads/sites/60/2026/05/CDS_25-26.pdf,https://www.collegedata.fyi/schools/st-marys-college-of-maryland/2025-26
163912,2025,priority,true,11,1,,,https://www.smcm.edu/app/uploads/sites/60/2026/05/CDS_25-26.pdf,https://www.collegedata.fyi/schools/st-marys-college-of-maryland/2025-26
163912,2025,regular,true,1,15,4,1,https://www.smcm.edu/app/uploads/sites/60/2026/05/CDS_25-26.pdf,https://www.collegedata.fyi/schools/st-marys-college-of-maryland/2025-26
164076,2024,priority,true,2,1,,,https://www.towson.edu/ir/documents/cds_all_2425.pdf,https://www.collegedata.fyi/schools/towson-university/2024-25
164076,2024,regular,true,5,1,,,https://www.towson.edu/ir/documents/cds_all_2425.pdf,https://www.collegedata.fyi/schools/towson-university/2024-25
164465,2024,early_decision_1,true,,,,,https://drive.usercontent.google.com/download?id=1nyc6IMyEA2YcnGR-0O0PXFTQufJsn-bp&export=download,https://www.collegedata.fyi/schools/amherst/2024-25
164465,2024,regular,true,,,4,1,https://drive.usercontent.google.com/download?id=1nyc6IMyEA2YcnGR-0O0PXFTQufJsn-bp&export=download,https://www.collegedata.fyi/schools/amherst/2024-25
164739,2024,early_decision_1,true,,,,,https://drive.usercontent.google.com/download?id=10et1a0IuSwyI57Me-zG7gMPoKAPc26k-&export=download,https://www.collegedata.fyi/schools/bentley-university/2024-25
164739,2024,priority,true,11,15,,,https://drive.usercontent.google.com/download?id=10et1a0IuSwyI57Me-zG7gMPoKAPc26k-&export=download,https://www.collegedata.fyi/schools/bentley-university/2024-25
164739,2024,regular,true,1,15,,,https://drive.usercontent.google.com/download?id=10et1a0IuSwyI57Me-zG7gMPoKAPc26k-&export=download,https://www.collegedata.fyi/schools/bentley-university/2024-25
164748,2025,early_action,true,,,,,https://www.berklee.edu/sites/default/files/2026-02/CDS_2025-2026.pdf?fv=b45dCYjY,https://www.collegedata.fyi/schools/berklee-college-of-music/2025-26
164748,2025,early_decision_1,false,,,,,https://www.berklee.edu/sites/default/files/2026-02/CDS_2025-2026.pdf?fv=b45dCYjY,https://www.collegedata.fyi/schools/berklee-college-of-music/2025-26
164748,2025,priority,true,11,1,,,https://www.berklee.edu/sites/default/files/2026-02/CDS_2025-2026.pdf?fv=b45dCYjY,https://www.collegedata.fyi/schools/berklee-college-of-music/2025-26
164748,2025,regular,true,1,15,3,31,https://www.berklee.edu/sites/default/files/2026-02/CDS_2025-2026.pdf?fv=b45dCYjY,https://www.collegedata.fyi/schools/berklee-college-of-music/2025-26
164924,2024,early_decision_1,true,,,,,https://drive.usercontent.google.com/download?id=1Wz4J6SRfCTTibOEHavBLweEnYAxG_oJR&export=download,https://www.collegedata.fyi/schools/boston-college/2024-25
164924,2024,regular,true,1,2,4,1,https://drive.usercontent.google.com/download?id=1Wz4J6SRfCTTibOEHavBLweEnYAxG_oJR&export=download,https://www.collegedata.fyi/schools/boston-college/2024-25
164988,2025,early_action,false,,,,,https://www.bu.edu/asir/files/2026/07/CDS-2025-2026-updated.pdf,https://www.collegedata.fyi/schools/boston-university/2025-26
164988,2025,early_decision_1,true,,,,,https://www.bu.edu/asir/files/2026/07/CDS-2025-2026-updated.pdf,https://www.collegedata.fyi/schools/boston-university/2025-26
164988,2025,early_decision_2,true,1,5,2,15,https://www.bu.edu/asir/files/2026/07/CDS-2025-2026-updated.pdf,https://www.collegedata.fyi/schools/boston-university/2025-26
164988,2025,priority,true,12,1,,,https://www.bu.edu/asir/files/2026/07/CDS-2025-2026-updated.pdf,https://www.collegedata.fyi/schools/boston-university/2025-26
164988,2025,regular,true,1,5,4,1,https://www.bu.edu/asir/files/2026/07/CDS-2025-2026-updated.pdf,https://www.collegedata.fyi/schools/boston-university/2025-26
165015,2025,early_decision_1,true,,,,,https://www.brandeis.edu/institutional-research/docs/cds-2025-26.pdf,https://www.collegedata.fyi/schools/brandeis/2025-26
165334,2024,early_decision_1,false,,,,,https://www.clarku.edu/saair/wp-content/uploads/sites/95/Clark-CDS-2024-25.pdf,https://www.collegedata.fyi/schools/clark-university/2024-25
165334,2024,priority,true,1,15,,,https://www.clarku.edu/saair/wp-content/uploads/sites/95/Clark-CDS-2024-25.pdf,https://www.collegedata.fyi/schools/clark-university/2024-25
165334,2024,regular,true,,,4,1,https://www.clarku.edu/saair/wp-content/uploads/sites/95/Clark-CDS-2024-25.pdf,https://www.collegedata.fyi/schools/clark-university/2024-25
166027,2025,early_decision_1,false,,,,,https://bpb-us-e1.wpmucdn.com/sites.harvard.edu/dist/6/210/files/2026/07/CDS_2025-2026.pdf,https://www.collegedata.fyi/schools/harvard/2025-26
166027,2025,regular,true,1,1,3,31,https://bpb-us-e1.wpmucdn.com/sites.harvard.edu/dist/6/210/files/2026/07/CDS_2025-2026.pdf,https://www.collegedata.fyi/schools/harvard/2025-26
166629,2025,early_action,true,,,,,https://www.umass.edu/uair/media/1062/download,https://www.collegedata.fyi/schools/university-of-massachusetts-amherst/2025-26
166629,2025,early_decision_1,false,,,,,https://www.umass.edu/uair/media/1062/download,https://www.collegedata.fyi/schools/university-of-massachusetts-amherst/2025-26
166629,2025,regular,true,1,15,,,https://www.umass.edu/uair/media/1062/download,https://www.collegedata.fyi/schools/university-of-massachusetts-amherst/2025-26
166939,2024,early_decision_1,true,,,,,https://drive.usercontent.google.com/download?id=1zsl-tIQenh5GI5u0qspsNbS9VFZumvMr&export=download,https://www.collegedata.fyi/schools/mount-holyoke-college/2024-25
166939,2024,regular,true,,,4,1,https://drive.usercontent.google.com/download?id=1zsl-tIQenh5GI5u0qspsNbS9VFZumvMr&export=download,https://www.collegedata.fyi/schools/mount-holyoke-college/2024-25
167358,2024,early_decision_1,true,,,,,http://uds.northeastern.edu/wp-content/uploads/2026/03/CDS-2024-25.pdf,https://www.collegedata.fyi/schools/northeastern/2024-25
167358,2024,regular,true,,,4,1,http://uds.northeastern.edu/wp-content/uploads/2026/03/CDS-2024-25.pdf,https://www.collegedata.fyi/schools/northeastern/2024-25
167729,2024,early_action,true,,,,,https://records.salemstate.edu/sites/default/files/reports/2026-04/CDS-2024-2025.pdf,https://www.collegedata.fyi/schools/salem-state-university/2024-25
168148,2025,early_action,true,,,,,https://provost.tufts.edu/institutionalresearch/wp-content/uploads/sites/5/CDS_2025-2026.pdf,https://www.collegedata.fyi/schools/tufts/2025-26
168218,2025,early_action,false,,,,,https://wellesley-college.files.svdcdn.com/production/administrative-departments/OIR/CDS_2025-2026-FINAL.pdf?dm=1773253066,https://www.collegedata.fyi/schools/wellesley-college/2025-26
168218,2025,early_decision_1,true,,,,,https://wellesley-college.files.svdcdn.com/production/administrative-departments/OIR/CDS_2025-2026-FINAL.pdf?dm=1773253066,https://www.collegedata.fyi/schools/wellesley-college/2025-26
168218,2025,early_decision_2,true,1,5,,,https://wellesley-college.files.svdcdn.com/production/administrative-departments/OIR/CDS_2025-2026-FINAL.pdf?dm=1773253066,https://www.collegedata.fyi/schools/wellesley-college/2025-26
168218,2025,regular,true,1,8,,,https://wellesley-college.files.svdcdn.com/production/administrative-departments/OIR/CDS_2025-2026-FINAL.pdf?dm=1773253066,https://www.collegedata.fyi/schools/wellesley-college/2025-26
168227,2025,early_action,true,,,,,https://wit.edu/sites/default/files/2026-07/Wentworth_CDS_25_26_final6.pdf,https://www.collegedata.fyi/schools/wentworth-institute-of-technology/2025-26
168227,2025,early_decision_1,true,,,,,https://wit.edu/sites/default/files/2026-07/Wentworth_CDS_25_26_final6.pdf,https://www.collegedata.fyi/schools/wentworth-institute-of-technology/2025-26
168254,2025,early_action,true,11,15,12,1,https://wne.edu/institutional-research/doc/CDS-2025-2026.pdf,https://www.collegedata.fyi/schools/western-new-england-university/2025-26
168254,2025,regular,false,,,9,15,https://wne.edu/institutional-research/doc/CDS-2025-2026.pdf,https://www.collegedata.fyi/schools/western-new-england-university/2025-26
168342,2025,early_decision_1,true,,,,,https://www.williams.edu/institutional-research/files/2026/04/Williams-CDS-2025-2026-V2.pdf,https://www.collegedata.fyi/schools/williams-college/2025-26
168342,2025,regular,true,,,4,1,https://www.williams.edu/institutional-research/files/2026/04/Williams-CDS-2025-2026-V2.pdf,https://www.collegedata.fyi/schools/williams-college/2025-26
168421,2024,early_decision_1,true,,,,,https://drive.usercontent.google.com/download?id=1IPdvZGD-gzDYjb8QUWKuj8UgZk-wgpFr&export=download,https://www.collegedata.fyi/schools/worcester-polytechnic-institute/2024-25
168421,2024,priority,true,11,15,,,https://drive.usercontent.google.com/download?id=1IPdvZGD-gzDYjb8QUWKuj8UgZk-wgpFr&export=download,https://www.collegedata.fyi/schools/worcester-polytechnic-institute/2024-25
168421,2024,regular,true,1,15,,,https://drive.usercontent.google.com/download?id=1IPdvZGD-gzDYjb8QUWKuj8UgZk-wgpFr&export=download,https://www.collegedata.fyi/schools/worcester-polytechnic-institute/2024-25
168847,2025,early_action,false,,,,,https://my.baker.edu/icsfileserver/docs/docs/about_us/institutional_effectiveness/common_data_set/Common%20Data%20Set%202025-2026.pdf,https://www.collegedata.fyi/schools/baker-college/2025-26
168847,2025,early_decision_1,false,,,,,https://my.baker.edu/icsfileserver/docs/docs/about_us/institutional_effectiveness/common_data_set/Common%20Data%20Set%202025-2026.pdf,https://www.collegedata.fyi/schools/baker-college/2025-26
168847,2025,regular,false,,,10,1,https://my.baker.edu/icsfileserver/docs/docs/about_us/institutional_effectiveness/common_data_set/Common%20Data%20Set%202025-2026.pdf,https://www.collegedata.fyi/schools/baker-college/2025-26
169716,2025,regular,true,,,,,https://www.udmercy.edu/academics/academic-affairs/research/files/cds/2526_UDM_CDS.pdf,https://www.collegedata.fyi/schools/university-of-detroit-mercy/2025-26
169910,2025,early_action,true,,,,,https://www.ferris.edu/admissions/testing/resources/common/CDS2025-2026.pdf,https://www.collegedata.fyi/schools/ferris-state-university/2025-26
170082,2025,early_action,false,,,,,https://www.gvsu.edu/cms4/asset/EFAB4AD2-A926-8D16-A5685AB71E0C7DC3/cds_2025-2026.xlsx,https://www.collegedata.fyi/schools/grand-valley-state-university/2025-26
170082,2025,early_decision_1,false,,,,,https://www.gvsu.edu/cms4/asset/EFAB4AD2-A926-8D16-A5685AB71E0C7DC3/cds_2025-2026.xlsx,https://www.collegedata.fyi/schools/grand-valley-state-university/2025-26
170082,2025,regular,false,,,,,https://www.gvsu.edu/cms4/asset/EFAB4AD2-A926-8D16-A5685AB71E0C7DC3/cds_2025-2026.xlsx,https://www.collegedata.fyi/schools/grand-valley-state-university/2025-26
170082,2025,rolling,true,,,,,https://www.gvsu.edu/cms4/asset/EFAB4AD2-A926-8D16-A5685AB71E0C7DC3/cds_2025-2026.xlsx,https://www.collegedata.fyi/schools/grand-valley-state-university/2025-26
170976,2025,regular,true,,,1,31,https://obp.umich.edu/wp-content/uploads/pubdata/cds/cds_2025-26_umaa.pdf,https://www.collegedata.fyi/schools/umich/2025-26
171128,2025,early_action,false,,,,,https://www.mtu.edu/institutional-research/cds/files/cds-2025-2026.xlsx,https://www.collegedata.fyi/schools/michigan-technological-university/2025-26
171128,2025,early_decision_1,false,,,,,https://www.mtu.edu/institutional-research/cds/files/cds-2025-2026.xlsx,https://www.collegedata.fyi/schools/michigan-technological-university/2025-26
171128,2025,priority,true,1,15,,,https://www.mtu.edu/institutional-research/cds/files/cds-2025-2026.xlsx,https://www.collegedata.fyi/schools/michigan-technological-university/2025-26
171128,2025,rolling,true,,,,,https://www.mtu.edu/institutional-research/cds/files/cds-2025-2026.xlsx,https://www.collegedata.fyi/schools/michigan-technological-university/2025-26
171456,2024,early_action,false,,,,,https://nmu.edu/institutionaleffectiveness/sites/institutionaleffectiveness/files/2026-01/Northern-Michigan-University-CDS-2025-2026.xlsx,https://www.collegedata.fyi/schools/northern-michigan-university/2024-25
171456,2024,early_decision_1,false,,,,,https://nmu.edu/institutionaleffectiveness/sites/institutionaleffectiveness/files/2026-01/Northern-Michigan-University-CDS-2025-2026.xlsx,https://www.collegedata.fyi/schools/northern-michigan-university/2024-25
171456,2024,rolling,true,,,,,https://nmu.edu/institutionaleffectiveness/sites/institutionaleffectiveness/files/2026-01/Northern-Michigan-University-CDS-2025-2026.xlsx,https://www.collegedata.fyi/schools/northern-michigan-university/2024-25
172051,2025,early_action,false,,,,,https://www.svsu.edu/media/officeofinstitutionalresearch/CDS%202025-2026.xlsx,https://www.collegedata.fyi/schools/saginaw-valley-state-university/2025-26
172051,2025,early_decision_1,false,,,,,https://www.svsu.edu/media/officeofinstitutionalresearch/CDS%202025-2026.xlsx,https://www.collegedata.fyi/schools/saginaw-valley-state-university/2025-26
172051,2025,regular,false,,,,,https://www.svsu.edu/media/officeofinstitutionalresearch/CDS%202025-2026.xlsx,https://www.collegedata.fyi/schools/saginaw-valley-state-university/2025-26
172644,2025,early_action,false,,,,,https://irda.wayne.edu/common-data-set/2025-2026-cds.pdf,https://www.collegedata.fyi/schools/wayne-state-university/2025-26
172644,2025,early_decision_1,false,,,,,https://irda.wayne.edu/common-data-set/2025-2026-cds.pdf,https://www.collegedata.fyi/schools/wayne-state-university/2025-26
172644,2025,regular,true,8,1,10,1,https://irda.wayne.edu/common-data-set/2025-2026-cds.pdf,https://www.collegedata.fyi/schools/wayne-state-university/2025-26
172699,2024,regular,true,6,1,,,https://files.wmich.edu/s3fs-public/2025-02/wmu_cds_2024-25_0.pdf,https://www.collegedata.fyi/schools/western-michigan-university/2024-25
174075,2025,early_action,false,,,,,https://doc-08-60-sheets.googleusercontent.com/export/54bogvaave6cua4cdnls17ksc4/f3blma3qst1j4rt71u9bkga90s/1788156665000/105250506097979753968/*/1KKhtn7E_gEiYCVVuszlv-wGSz6JKXxI-m23zNX-RwGo?format=xlsx,https://www.collegedata.fyi/schools/university-of-minnesota-crookston/2025-26
174075,2025,early_decision_1,false,,,,,https://doc-08-60-sheets.googleusercontent.com/export/54bogvaave6cua4cdnls17ksc4/f3blma3qst1j4rt71u9bkga90s/1788156665000/105250506097979753968/*/1KKhtn7E_gEiYCVVuszlv-wGSz6JKXxI-m23zNX-RwGo?format=xlsx,https://www.collegedata.fyi/schools/university-of-minnesota-crookston/2025-26
174075,2025,regular,true,8,1,,,https://doc-08-60-sheets.googleusercontent.com/export/54bogvaave6cua4cdnls17ksc4/f3blma3qst1j4rt71u9bkga90s/1788156665000/105250506097979753968/*/1KKhtn7E_gEiYCVVuszlv-wGSz6JKXxI-m23zNX-RwGo?format=xlsx,https://www.collegedata.fyi/schools/university-of-minnesota-crookston/2025-26
174075,2025,rolling,true,,,,,https://doc-08-60-sheets.googleusercontent.com/export/54bogvaave6cua4cdnls17ksc4/f3blma3qst1j4rt71u9bkga90s/1788156665000/105250506097979753968/*/1KKhtn7E_gEiYCVVuszlv-wGSz6JKXxI-m23zNX-RwGo?format=xlsx,https://www.collegedata.fyi/schools/university-of-minnesota-crookston/2025-26
174844,2024,early_decision_1,true,,,,,https://drive.usercontent.google.com/download?id=1-pnWyqC_p3XdjYDvKRMY_xDAyo9KCGj0&export=download,https://www.collegedata.fyi/schools/st-olaf-college/2024-25
174844,2024,regular,true,,,3,15,https://drive.usercontent.google.com/download?id=1-pnWyqC_p3XdjYDvKRMY_xDAyo9KCGj0&export=download,https://www.collegedata.fyi/schools/st-olaf-college/2024-25
175272,2024,early_decision_1,false,,,,,https://drive.usercontent.google.com/download?id=1FYwQEjtQSn3RhBfPJGzJM_rIF8Jp1KlU&export=download,https://www.collegedata.fyi/schools/winona-state-university/2024-25
175272,2024,rolling,true,,,,,https://drive.usercontent.google.com/download?id=1FYwQEjtQSn3RhBfPJGzJM_rIF8Jp1KlU&export=download,https://www.collegedata.fyi/schools/winona-state-university/2024-25
176017,2024,early_decision_1,false,,,,,https://drive.usercontent.google.com/download?id=1zkKqpes6AHDRsUFPDK37u39NIIgfMwdf&export=download,https://www.collegedata.fyi/schools/university-of-mississippi/2024-25
176017,2024,priority,true,2,1,,,https://drive.usercontent.google.com/download?id=1zkKqpes6AHDRsUFPDK37u39NIIgfMwdf&export=download,https://www.collegedata.fyi/schools/university-of-mississippi/2024-25
178341,2025,early_action,false,,,,,https://www.mssu.edu/academics/institutional-effectiveness/files/CDS-2025-2026-Missouri-Southern-State-University-Final.pdf,https://www.collegedata.fyi/schools/missouri-southern-state-university/2025-26
178341,2025,early_decision_1,false,,,,,https://www.mssu.edu/academics/institutional-effectiveness/files/CDS-2025-2026-Missouri-Southern-State-University-Final.pdf,https://www.collegedata.fyi/schools/missouri-southern-state-university/2025-26
178341,2025,priority,true,8,1,,,https://www.mssu.edu/academics/institutional-effectiveness/files/CDS-2025-2026-Missouri-Southern-State-University-Final.pdf,https://www.collegedata.fyi/schools/missouri-southern-state-university/2025-26
178341,2025,regular,false,,,9,1,https://www.mssu.edu/academics/institutional-effectiveness/files/CDS-2025-2026-Missouri-Southern-State-University-Final.pdf,https://www.collegedata.fyi/schools/missouri-southern-state-university/2025-26
178387,2025,early_action,false,,,,,https://www.missouriwestern.edu/ir/wp-content/uploads/sites/169/2026/05/CDS-PDF-2025-2026_MWSU_Final.pdf,https://www.collegedata.fyi/schools/missouri-western-state-university/2025-26
178387,2025,early_decision_1,false,,,,,https://www.missouriwestern.edu/ir/wp-content/uploads/sites/169/2026/05/CDS-PDF-2025-2026_MWSU_Final.pdf,https://www.collegedata.fyi/schools/missouri-western-state-university/2025-26
178387,2025,regular,false,,,8,1,https://www.missouriwestern.edu/ir/wp-content/uploads/sites/169/2026/05/CDS-PDF-2025-2026_MWSU_Final.pdf,https://www.collegedata.fyi/schools/missouri-western-state-university/2025-26
178402,2024,early_decision_1,false,,,,,https://www.umkc.edu/data/docs/cds_2024-2025.pdf,https://www.collegedata.fyi/schools/university-of-missouri-kansas-city/2024-25
178402,2024,priority,true,1,15,,,https://www.umkc.edu/data/docs/cds_2024-2025.pdf,https://www.collegedata.fyi/schools/university-of-missouri-kansas-city/2024-25
178402,2024,regular,true,8,15,,,https://www.umkc.edu/data/docs/cds_2024-2025.pdf,https://www.collegedata.fyi/schools/university-of-missouri-kansas-city/2024-25
178402,2024,rolling,true,,,,,https://www.umkc.edu/data/docs/cds_2024-2025.pdf,https://www.collegedata.fyi/schools/university-of-missouri-kansas-city/2024-25
178411,2025,early_action,false,,,,,https://data.mst.edu/media/administrative/data/documents/cds/CDS%202025-26%20Gold%20for%20Posting.xlsx,https://www.collegedata.fyi/schools/missouri-university-of-science-and-technology/2025-26
178411,2025,early_decision_1,false,,,,,https://data.mst.edu/media/administrative/data/documents/cds/CDS%202025-26%20Gold%20for%20Posting.xlsx,https://www.collegedata.fyi/schools/missouri-university-of-science-and-technology/2025-26
178411,2025,regular,true,7,1,,,https://data.mst.edu/media/administrative/data/documents/cds/CDS%202025-26%20Gold%20for%20Posting.xlsx,https://www.collegedata.fyi/schools/missouri-university-of-science-and-technology/2025-26
178411,2025,rolling,true,,,,,https://data.mst.edu/media/administrative/data/documents/cds/CDS%202025-26%20Gold%20for%20Posting.xlsx,https://www.collegedata.fyi/schools/missouri-university-of-science-and-technology/2025-26
178420,2025,regular,true,,,,,https://www.umsl.edu/~ir/common-data-set/pdf-archive/cds_2025_rv.pdf,https://www.collegedata.fyi/schools/university-of-missouri-st-louis/2025-26
179557,2025,early_action,false,,,,,https://semo.edu/institutional-research/_pdfs/accessible_version_cds-pdf-2025-2026-southeastmissouristateuniversity.pdf,https://www.collegedata.fyi/schools/southeast-missouri-state-university/2025-26
179557,2025,early_decision_1,false,,,,,https://semo.edu/institutional-research/_pdfs/accessible_version_cds-pdf-2025-2026-southeastmissouristateuniversity.pdf,https://www.collegedata.fyi/schools/southeast-missouri-state-university/2025-26
179557,2025,priority,true,12,1,,,https://semo.edu/institutional-research/_pdfs/accessible_version_cds-pdf-2025-2026-southeastmissouristateuniversity.pdf,https://www.collegedata.fyi/schools/southeast-missouri-state-university/2025-26
179557,2025,regular,true,7,1,,,https://semo.edu/institutional-research/_pdfs/accessible_version_cds-pdf-2025-2026-southeastmissouristateuniversity.pdf,https://www.collegedata.fyi/schools/southeast-missouri-state-university/2025-26
179867,2025,early_action,true,,,,,https://washu.edu/app/uploads/2026/06/2025-2026-WashU-CDS.pdf,https://www.collegedata.fyi/schools/washington-university-in-st-louis/2025-26
179867,2025,early_decision_1,true,,,,,https://washu.edu/app/uploads/2026/06/2025-2026-WashU-CDS.pdf,https://www.collegedata.fyi/schools/washington-university-in-st-louis/2025-26
179867,2025,early_decision_2,true,1,4,2,12,https://washu.edu/app/uploads/2026/06/2025-2026-WashU-CDS.pdf,https://www.collegedata.fyi/schools/washington-university-in-st-louis/2025-26
179867,2025,regular,true,1,4,4,1,https://washu.edu/app/uploads/2026/06/2025-2026-WashU-CDS.pdf,https://www.collegedata.fyi/schools/washington-university-in-st-louis/2025-26
180461,2025,early_action,true,,,,,https://www.montana.edu/data/common-data-set/cds25.pdf,https://www.collegedata.fyi/schools/montana-state-university/2025-26
180461,2025,priority,true,9,15,,,https://www.montana.edu/data/common-data-set/cds25.pdf,https://www.collegedata.fyi/schools/montana-state-university/2025-26
180461,2025,regular,true,,,,,https://www.montana.edu/data/common-data-set/cds25.pdf,https://www.collegedata.fyi/schools/montana-state-university/2025-26
180461,2025,rolling,true,,,,,https://www.montana.edu/data/common-data-set/cds25.pdf,https://www.collegedata.fyi/schools/montana-state-university/2025-26
180595,2025,early_action,false,,,,,https://rocky.edu/wp-content/uploads/2025/11/CDS_2025-2026.pdf,https://www.collegedata.fyi/schools/rocky-mountain-college/2025-26
180595,2025,early_decision_1,false,,,,,https://rocky.edu/wp-content/uploads/2025/11/CDS_2025-2026.pdf,https://www.collegedata.fyi/schools/rocky-mountain-college/2025-26
180595,2025,regular,false,,,,,https://rocky.edu/wp-content/uploads/2025/11/CDS_2025-2026.pdf,https://www.collegedata.fyi/schools/rocky-mountain-college/2025-26
180595,2025,rolling,true,,,,,https://rocky.edu/wp-content/uploads/2025/11/CDS_2025-2026.pdf,https://www.collegedata.fyi/schools/rocky-mountain-college/2025-26
182290,2024,early_decision_1,false,,,,,https://dataden.unr.edu/Resources/CDS/CDS_2024-2025.pdf,https://www.collegedata.fyi/schools/university-of-nevada-reno/2024-25
182670,2025,early_action,true,,,,,https://www.dartmouth.edu/oir/pdfs/cds_2025-26.pdf,https://www.collegedata.fyi/schools/dartmouth/2025-26
182670,2025,early_decision_1,true,,,,,https://www.dartmouth.edu/oir/pdfs/cds_2025-26.pdf,https://www.collegedata.fyi/schools/dartmouth/2025-26
182670,2025,regular,true,1,3,,,https://www.dartmouth.edu/oir/pdfs/cds_2025-26.pdf,https://www.collegedata.fyi/schools/dartmouth/2025-26
184603,2024,rolling,true,,,,,https://www.fdu.edu/wp-content/uploads/2025/04/2024-25-Common-Data-Set-University.pdf,https://www.collegedata.fyi/schools/fairleigh-dickinson-university-metropolitan-campus/2024-25
184694,2024,rolling,true,,,,,https://www.fdu.edu/wp-content/uploads/2025/04/2024-25-Common-Data-Set-University.pdf,https://www.collegedata.fyi/schools/fairleigh-dickinson-university-florham-campus/2024-25
184782,2025,priority,true,1,31,,,https://sites.rowan.edu/academic-affairs/ida/_docs/rowan_university_cds.pdf,https://www.collegedata.fyi/schools/rowan-university/2025-26
184782,2025,regular,true,7,15,,,https://sites.rowan.edu/academic-affairs/ida/_docs/rowan_university_cds.pdf,https://www.collegedata.fyi/schools/rowan-university/2025-26
185590,2024,early_decision_1,false,,,,,https://irdata.montclair.edu/institutionalresearch/CDS/CDS%202024-2025.pdf,https://www.collegedata.fyi/schools/montclair-state-university/2024-25
185590,2024,rolling,true,,,,,https://irdata.montclair.edu/institutionalresearch/CDS/CDS%202024-2025.pdf,https://www.collegedata.fyi/schools/montclair-state-university/2024-25
186131,2025,early_action,true,,,,,https://ir.princeton.edu/sites/g/files/toruqf2041/files/documents/CDS_2526_Princeton_v1.3.pdf,https://www.collegedata.fyi/schools/princeton/2025-26
186131,2025,early_decision_1,false,,,,,https://ir.princeton.edu/sites/g/files/toruqf2041/files/documents/CDS_2526_Princeton_v1.3.pdf,https://www.collegedata.fyi/schools/princeton/2025-26
186131,2025,regular,true,1,1,4,1,https://ir.princeton.edu/sites/g/files/toruqf2041/files/documents/CDS_2526_Princeton_v1.3.pdf,https://www.collegedata.fyi/schools/princeton/2025-26
186201,2024,regular,true,,,,,https://www.ramapo.edu/ir/wp-content/uploads/sites/52/2025/04/2024-2025-Common-Data-Set.pdf,https://www.collegedata.fyi/schools/ramapo-college-of-new-jersey/2024-25
187134,2024,early_decision_1,true,,,,,https://ira.tcnj.edu/wp-content/uploads/sites/322/2025/04/CDS-2024-2025.pdf,https://www.collegedata.fyi/schools/the-college-of-new-jersey/2024-25
187134,2024,priority,true,2,1,,,https://ira.tcnj.edu/wp-content/uploads/sites/322/2025/04/CDS-2024-2025.pdf,https://www.collegedata.fyi/schools/the-college-of-new-jersey/2024-25
187134,2024,regular,true,,,4,1,https://ira.tcnj.edu/wp-content/uploads/sites/322/2025/04/CDS-2024-2025.pdf,https://www.collegedata.fyi/schools/the-college-of-new-jersey/2024-25
187897,2024,early_decision_1,false,,,,,http://its.nmhu.edu/IntranetUploads/009182-CommonData-8182026115318.pdf,https://www.collegedata.fyi/schools/new-mexico-highlands-university/2024-25
187897,2024,priority,true,3,1,,,http://its.nmhu.edu/IntranetUploads/009182-CommonData-8182026115318.pdf,https://www.collegedata.fyi/schools/new-mexico-highlands-university/2024-25
187897,2024,regular,true,8,19,,,http://its.nmhu.edu/IntranetUploads/009182-CommonData-8182026115318.pdf,https://www.collegedata.fyi/schools/new-mexico-highlands-university/2024-25
187897,2024,rolling,true,,,,,http://its.nmhu.edu/IntranetUploads/009182-CommonData-8182026115318.pdf,https://www.collegedata.fyi/schools/new-mexico-highlands-university/2024-25
187985,2025,early_action,false,,,,,https://oia.unm.edu/resources/cds_25_26_updated.pdf,https://www.collegedata.fyi/schools/university-of-new-mexico-main-campus/2025-26
187985,2025,early_decision_1,false,,,,,https://oia.unm.edu/resources/cds_25_26_updated.pdf,https://www.collegedata.fyi/schools/university-of-new-mexico-main-campus/2025-26
187985,2025,priority,true,6,1,,,https://oia.unm.edu/resources/cds_25_26_updated.pdf,https://www.collegedata.fyi/schools/university-of-new-mexico-main-campus/2025-26
187985,2025,regular,true,,,,,https://oia.unm.edu/resources/cds_25_26_updated.pdf,https://www.collegedata.fyi/schools/university-of-new-mexico-main-campus/2025-26
189097,2025,early_action,false,,,,,https://barnard.edu/sites/default/files/2026-08/Barnard_CDS_2025-2026.pdf,https://www.collegedata.fyi/schools/barnard/2025-26
189097,2025,early_decision_1,true,11,1,,,https://barnard.edu/sites/default/files/2026-08/Barnard_CDS_2025-2026.pdf,https://www.collegedata.fyi/schools/barnard/2025-26
189097,2025,regular,true,1,1,,,https://barnard.edu/sites/default/files/2026-08/Barnard_CDS_2025-2026.pdf,https://www.collegedata.fyi/schools/barnard/2025-26
190099,2024,early_decision_1,true,,,,,https://drive.usercontent.google.com/download?id=1IqjJEZCqBf_tRwZlSjj65BYUabxaHyoB&export=download,https://www.collegedata.fyi/schools/colgate-university/2024-25
190099,2024,priority,true,1,15,,,https://drive.usercontent.google.com/download?id=1IqjJEZCqBf_tRwZlSjj65BYUabxaHyoB&export=download,https://www.collegedata.fyi/schools/colgate-university/2024-25
190099,2024,regular,true,,,4,1,https://drive.usercontent.google.com/download?id=1IqjJEZCqBf_tRwZlSjj65BYUabxaHyoB&export=download,https://www.collegedata.fyi/schools/colgate-university/2024-25
190415,2025,regular,true,,,,,https://irp.cornell.edu/wp-content/uploads/2026/06/CDS-Cornell-2025-2026-v2.xlsx,https://www.collegedata.fyi/schools/cornell/2025-26
191515,2024,regular,true,1,3,,,https://drive.usercontent.google.com/download?id=1fCvhLgLv11Hdy14kJe9Co2TQbdOWJFz3&export=download,https://www.collegedata.fyi/schools/hamilton/2024-25
191533,2025,regular,true,,,,,https://www.hartwick.edu/wp-content/uploads/2026/07/IR_HartwickCollegeCommonDataSet2025-2026_070826.pdf,https://www.collegedata.fyi/schools/hartwick-college/2025-26
191649,2024,early_decision_1,true,,,,,https://drive.usercontent.google.com/download?id=1y74-oLPPqrwWUmEBaB0Yv5nasWNENRo0&export=download,https://www.collegedata.fyi/schools/hofstra-university/2024-25
191649,2024,regular,true,,,,,https://drive.usercontent.google.com/download?id=1y74-oLPPqrwWUmEBaB0Yv5nasWNENRo0&export=download,https://www.collegedata.fyi/schools/hofstra-university/2024-25
191968,2024,early_decision_1,true,,,,,https://drive.usercontent.google.com/download?id=120jXX2ti-cerOxGj1kTvom9yik5kA-Ip&export=download,https://www.collegedata.fyi/schools/ithaca-college/2024-25
191968,2024,regular,true,2,1,4,15,https://drive.usercontent.google.com/download?id=120jXX2ti-cerOxGj1kTvom9yik5kA-Ip&export=download,https://www.collegedata.fyi/schools/ithaca-college/2024-25
192703,2025,early_action,false,,,,,https://content.manhattan.edu/institutional-research/2025-26-CDS.pdf,https://www.collegedata.fyi/schools/manhattan-college/2025-26
192703,2025,early_decision_1,true,,,,,https://content.manhattan.edu/institutional-research/2025-26-CDS.pdf,https://www.collegedata.fyi/schools/manhattan-college/2025-26
192703,2025,priority,true,3,1,,,https://content.manhattan.edu/institutional-research/2025-26-CDS.pdf,https://www.collegedata.fyi/schools/manhattan-college/2025-26
192703,2025,regular,true,8,1,,,https://content.manhattan.edu/institutional-research/2025-26-CDS.pdf,https://www.collegedata.fyi/schools/manhattan-college/2025-26
192703,2025,rolling,true,,,,,https://content.manhattan.edu/institutional-research/2025-26-CDS.pdf,https://www.collegedata.fyi/schools/manhattan-college/2025-26
192819,2024,early_action,true,11,15,1,15,https://doc-04-60-sheets.googleusercontent.com/export/54bogvaave6cua4cdnls17ksc4/0hsr1gvlv5rpn2u64k4dpjmv7o/1776619760000/105250506097979753968/*/1ZA4I-25m1NYvQfqbc78zBnjifUGGs0u3?format=xlsx,https://www.collegedata.fyi/schools/marist-college/2024-25
192819,2024,early_decision_1,true,11,15,12,15,https://doc-04-60-sheets.googleusercontent.com/export/54bogvaave6cua4cdnls17ksc4/0hsr1gvlv5rpn2u64k4dpjmv7o/1776619760000/105250506097979753968/*/1ZA4I-25m1NYvQfqbc78zBnjifUGGs0u3?format=xlsx,https://www.collegedata.fyi/schools/marist-college/2024-25
192819,2024,early_decision_2,true,2,15,3,15,https://doc-04-60-sheets.googleusercontent.com/export/54bogvaave6cua4cdnls17ksc4/0hsr1gvlv5rpn2u64k4dpjmv7o/1776619760000/105250506097979753968/*/1ZA4I-25m1NYvQfqbc78zBnjifUGGs0u3?format=xlsx,https://www.collegedata.fyi/schools/marist-college/2024-25
192819,2024,regular,true,2,15,,,https://doc-04-60-sheets.googleusercontent.com/export/54bogvaave6cua4cdnls17ksc4/0hsr1gvlv5rpn2u64k4dpjmv7o/1776619760000/105250506097979753968/*/1ZA4I-25m1NYvQfqbc78zBnjifUGGs0u3?format=xlsx,https://www.collegedata.fyi/schools/marist-college/2024-25
192819,2024,rolling,true,,,,,https://doc-04-60-sheets.googleusercontent.com/export/54bogvaave6cua4cdnls17ksc4/0hsr1gvlv5rpn2u64k4dpjmv7o/1776619760000/105250506097979753968/*/1ZA4I-25m1NYvQfqbc78zBnjifUGGs0u3?format=xlsx,https://www.collegedata.fyi/schools/marist-college/2024-25
193900,2024,priority,true,1,5,,,https://drive.usercontent.google.com/download?id=1WxzME_JwpWRKEFabR7KhIW2vuOh8q0Dy&export=download,https://www.collegedata.fyi/schools/nyu/2024-25
193900,2024,regular,true,1,5,4,1,https://drive.usercontent.google.com/download?id=1WxzME_JwpWRKEFabR7KhIW2vuOh8q0Dy&export=download,https://www.collegedata.fyi/schools/nyu/2024-25
194578,2025,early_action,true,11,15,12,22,https://www.pratt.edu/wp-content/uploads/2026/02/2025-2026-CDS.xlsx,https://www.collegedata.fyi/schools/pratt-institute-main/2025-26
194578,2025,early_decision_1,false,,,,,https://www.pratt.edu/wp-content/uploads/2026/02/2025-2026-CDS.xlsx,https://www.collegedata.fyi/schools/pratt-institute-main/2025-26
194578,2025,priority,true,1,15,,,https://www.pratt.edu/wp-content/uploads/2026/02/2025-2026-CDS.xlsx,https://www.collegedata.fyi/schools/pratt-institute-main/2025-26
194578,2025,regular,true,,,,,https://www.pratt.edu/wp-content/uploads/2026/02/2025-2026-CDS.xlsx,https://www.collegedata.fyi/schools/pratt-institute-main/2025-26
194578,2025,rolling,true,,,,,https://www.pratt.edu/wp-content/uploads/2026/02/2025-2026-CDS.xlsx,https://www.collegedata.fyi/schools/pratt-institute-main/2025-26
195030,2024,early_decision_1,false,,,,,https://www.rochester.edu/provost/wp-content/uploads/2025/06/CDS_2024-2025-completed-for-web.pdf,https://www.collegedata.fyi/schools/university-of-rochester/2024-25
195030,2024,priority,true,11,1,,,https://www.rochester.edu/provost/wp-content/uploads/2025/06/CDS_2024-2025-completed-for-web.pdf,https://www.collegedata.fyi/schools/university-of-rochester/2024-25
195030,2024,regular,true,1,5,4,1,https://www.rochester.edu/provost/wp-content/uploads/2025/06/CDS_2024-2025-completed-for-web.pdf,https://www.collegedata.fyi/schools/university-of-rochester/2024-25
195526,2025,early_action,true,,,,,https://www.skidmore.edu/ir/facts/common/cds-2025-26.pdf,https://www.collegedata.fyi/schools/skidmore-college/2025-26
195526,2025,early_decision_1,true,,,,,https://www.skidmore.edu/ir/facts/common/cds-2025-26.pdf,https://www.collegedata.fyi/schools/skidmore-college/2025-26
195526,2025,early_decision_2,true,1,8,,,https://www.skidmore.edu/ir/facts/common/cds-2025-26.pdf,https://www.collegedata.fyi/schools/skidmore-college/2025-26
195526,2025,regular,true,1,8,4,1,https://www.skidmore.edu/ir/facts/common/cds-2025-26.pdf,https://www.collegedata.fyi/schools/skidmore-college/2025-26
195720,2025,early_action,false,,,,,https://www.sjf.edu/media/services/institutional-research/documents/CommonDataSet.pdf,https://www.collegedata.fyi/schools/st-john-fisher-university/2025-26
195720,2025,early_decision_1,true,,,,,https://www.sjf.edu/media/services/institutional-research/documents/CommonDataSet.pdf,https://www.collegedata.fyi/schools/st-john-fisher-university/2025-26
195720,2025,rolling,true,,,,,https://www.sjf.edu/media/services/institutional-research/documents/CommonDataSet.pdf,https://www.collegedata.fyi/schools/st-john-fisher-university/2025-26
196042,2024,priority,true,1,3,,,https://www.farmingdale.edu/institutional-research/pdf/cds_2024-2025_fsc.pdf,https://www.collegedata.fyi/schools/farmingdale-state-college/2024-25
196042,2024,regular,true,6,1,,,https://www.farmingdale.edu/institutional-research/pdf/cds_2024-2025_fsc.pdf,https://www.collegedata.fyi/schools/farmingdale-state-college/2024-25
196042,2024,rolling,true,,,,,https://www.farmingdale.edu/institutional-research/pdf/cds_2024-2025_fsc.pdf,https://www.collegedata.fyi/schools/farmingdale-state-college/2024-25
196079,2024,early_decision_1,false,,,,,https://drive.usercontent.google.com/download?id=1OEtsa2GOsTWIlmYhe3-ZA0fn-n63mtBb&export=download,https://www.collegedata.fyi/schools/binghamton-university/2024-25
196079,2024,regular,true,4,1,,,https://drive.usercontent.google.com/download?id=1OEtsa2GOsTWIlmYhe3-ZA0fn-n63mtBb&export=download,https://www.collegedata.fyi/schools/binghamton-university/2024-25
196079,2024,rolling,true,,,,,https://drive.usercontent.google.com/download?id=1OEtsa2GOsTWIlmYhe3-ZA0fn-n63mtBb&export=download,https://www.collegedata.fyi/schools/binghamton-university/2024-25
196097,2024,early_decision_1,false,,,,,https://drive.usercontent.google.com/download?id=1Xau4LIrBSBCWtgZUPZ_HkjMcbduJBWg0&export=download,https://www.collegedata.fyi/schools/stony-brook-university/2024-25
196097,2024,priority,true,1,15,,,https://drive.usercontent.google.com/download?id=1Xau4LIrBSBCWtgZUPZ_HkjMcbduJBWg0&export=download,https://www.collegedata.fyi/schools/stony-brook-university/2024-25
196097,2024,regular,true,1,15,,,https://drive.usercontent.google.com/download?id=1Xau4LIrBSBCWtgZUPZ_HkjMcbduJBWg0&export=download,https://www.collegedata.fyi/schools/stony-brook-university/2024-25
196103,2025,regular,true,,,,,https://www.esf.edu/institutional-research/documents/CDS_2025_2026_ESF.pdf,https://www.collegedata.fyi/schools/suny-college-of-environmental-science-and-forestry/2025-26
196167,2024,early_decision_1,false,,,,,https://drive.usercontent.google.com/download?id=1LdTI380difIIPSGArsGEFxl1pYJKulzh&export=download,https://www.collegedata.fyi/schools/suny-college-at-geneseo/2024-25
196167,2024,priority,true,3,1,,,https://drive.usercontent.google.com/download?id=1LdTI380difIIPSGArsGEFxl1pYJKulzh&export=download,https://www.collegedata.fyi/schools/suny-college-at-geneseo/2024-25
196167,2024,regular,true,,,3,1,https://drive.usercontent.google.com/download?id=1LdTI380difIIPSGArsGEFxl1pYJKulzh&export=download,https://www.collegedata.fyi/schools/suny-college-at-geneseo/2024-25
196200,2025,regular,true,,,,,https://www.potsdam.edu/sites/default/files/CDS_2025-2026.pdf,https://www.collegedata.fyi/schools/suny-college-at-potsdam/2025-26
197911,2025,early_action,false,,,,,https://www.barton.edu/wp-content/uploads/2026/05/updated-5.26.26_barton-college_cdspdf20252026_02052026.pdf,https://www.collegedata.fyi/schools/barton-college/2025-26
197911,2025,early_decision_1,false,,,,,https://www.barton.edu/wp-content/uploads/2026/05/updated-5.26.26_barton-college_cdspdf20252026_02052026.pdf,https://www.collegedata.fyi/schools/barton-college/2025-26
197911,2025,regular,false,,,,,https://www.barton.edu/wp-content/uploads/2026/05/updated-5.26.26_barton-college_cdspdf20252026_02052026.pdf,https://www.collegedata.fyi/schools/barton-college/2025-26
198215,2025,early_action,true,11,15,12,15,https://www.catawba.edu/media/catawba-college/site-assets/pdf/CDS_2025-2026-PDF.pdf,https://www.collegedata.fyi/schools/catawba-college/2025-26
198215,2025,early_decision_1,false,,,,,https://www.catawba.edu/media/catawba-college/site-assets/pdf/CDS_2025-2026-PDF.pdf,https://www.collegedata.fyi/schools/catawba-college/2025-26
198215,2025,priority,true,11,15,,,https://www.catawba.edu/media/catawba-college/site-assets/pdf/CDS_2025-2026-PDF.pdf,https://www.collegedata.fyi/schools/catawba-college/2025-26
198215,2025,regular,true,8,15,10,1,https://www.catawba.edu/media/catawba-college/site-assets/pdf/CDS_2025-2026-PDF.pdf,https://www.collegedata.fyi/schools/catawba-college/2025-26
198385,2025,early_action,false,,,,,https://www.davidson.edu/media/9718/download?attachment,https://www.collegedata.fyi/schools/davidson-college/2025-26
198385,2025,early_decision_1,true,11,15,12,15,https://www.davidson.edu/media/9718/download?attachment,https://www.collegedata.fyi/schools/davidson-college/2025-26
198385,2025,early_decision_2,true,1,5,1,7,https://www.davidson.edu/media/9718/download?attachment,https://www.collegedata.fyi/schools/davidson-college/2025-26
198385,2025,regular,true,1,10,4,1,https://www.davidson.edu/media/9718/download?attachment,https://www.collegedata.fyi/schools/davidson-college/2025-26
198419,2024,early_decision_1,true,,,,,https://drive.usercontent.google.com/download?id=1GSANSJf5yJPlMSYCXYy_tImg1X4zUv-K&export=download,https://www.collegedata.fyi/schools/duke/2024-25
198419,2024,regular,true,,,4,1,https://drive.usercontent.google.com/download?id=1GSANSJf5yJPlMSYCXYy_tImg1X4zUv-K&export=download,https://www.collegedata.fyi/schools/duke/2024-25
198464,2024,early_decision_1,false,,,,,https://drive.usercontent.google.com/download?id=1de7FH5I8a0USlrRfFV2PKBJkznEwifZV&export=download,https://www.collegedata.fyi/schools/east-carolina-university/2024-25
198464,2024,regular,true,4,1,,,https://drive.usercontent.google.com/download?id=1de7FH5I8a0USlrRfFV2PKBJkznEwifZV&export=download,https://www.collegedata.fyi/schools/east-carolina-university/2024-25
199102,2024,early_decision_1,false,,,,,https://www.ncat.edu/provost/ospie/cds_2024-2025_-final-20251201.pdf,https://www.collegedata.fyi/schools/north-carolina-a-and-t-state-university/2024-25
199102,2024,regular,true,6,1,11,1,https://www.ncat.edu/provost/ospie/cds_2024-2025_-final-20251201.pdf,https://www.collegedata.fyi/schools/north-carolina-a-and-t-state-university/2024-25
199120,2025,early_action,true,,,,,https://oira.unc.edu/wp-content/uploads/sites/297/2026/06/CDS_UNCCH_2025-26_20260615.pdf,https://www.collegedata.fyi/schools/unc/2025-26
199120,2025,early_decision_1,false,,,,,https://oira.unc.edu/wp-content/uploads/sites/297/2026/06/CDS_UNCCH_2025-26_20260615.pdf,https://www.collegedata.fyi/schools/unc/2025-26
199120,2025,regular,false,,,,,https://oira.unc.edu/wp-content/uploads/sites/297/2026/06/CDS_UNCCH_2025-26_20260615.pdf,https://www.collegedata.fyi/schools/unc/2025-26
199139,2025,early_action,true,11,1,1,30,https://ir.charlotte.edu/wp-content/uploads/sites/871/2026/06/CDS-2025-26.xlsx,https://www.collegedata.fyi/schools/university-of-north-carolina-at-charlotte/2025-26
199139,2025,early_decision_1,false,,,,,https://ir.charlotte.edu/wp-content/uploads/sites/871/2026/06/CDS-2025-26.xlsx,https://www.collegedata.fyi/schools/university-of-north-carolina-at-charlotte/2025-26
199139,2025,regular,true,6,1,,,https://ir.charlotte.edu/wp-content/uploads/sites/871/2026/06/CDS-2025-26.xlsx,https://www.collegedata.fyi/schools/university-of-north-carolina-at-charlotte/2025-26
199281,2024,early_decision_1,false,,,,,https://www.uncp.edu/_files/0_2024-2025_CDS_All.pdf,https://www.collegedata.fyi/schools/university-of-north-carolina-at-pembroke/2024-25
199281,2024,rolling,true,,,,,https://www.uncp.edu/_files/0_2024-2025_CDS_All.pdf,https://www.collegedata.fyi/schools/university-of-north-carolina-at-pembroke/2024-25
200800,2025,early_action,false,,,,,https://www.uakron.edu/ir/docs/CDS/CDS%202025-2026%20University%20of%20Akron%20Main%20Campus.pdf,https://www.collegedata.fyi/schools/university-of-akron-main-campus/2025-26
200800,2025,early_decision_1,false,,,,,https://www.uakron.edu/ir/docs/CDS/CDS%202025-2026%20University%20of%20Akron%20Main%20Campus.pdf,https://www.collegedata.fyi/schools/university-of-akron-main-campus/2025-26
200800,2025,priority,true,5,1,,,https://www.uakron.edu/ir/docs/CDS/CDS%202025-2026%20University%20of%20Akron%20Main%20Campus.pdf,https://www.collegedata.fyi/schools/university-of-akron-main-campus/2025-26
200800,2025,regular,true,8,1,10,1,https://www.uakron.edu/ir/docs/CDS/CDS%202025-2026%20University%20of%20Akron%20Main%20Campus.pdf,https://www.collegedata.fyi/schools/university-of-akron-main-campus/2025-26
201195,2025,early_action,false,,,,,https://www.bw.edu/about/offices/institutional-research-assessment/_files/common-data-set-2025-26.pdf,https://www.collegedata.fyi/schools/baldwin-wallace-university/2025-26
201195,2025,early_decision_1,false,,,,,https://www.bw.edu/about/offices/institutional-research-assessment/_files/common-data-set-2025-26.pdf,https://www.collegedata.fyi/schools/baldwin-wallace-university/2025-26
201195,2025,priority,true,3,1,,,https://www.bw.edu/about/offices/institutional-research-assessment/_files/common-data-set-2025-26.pdf,https://www.collegedata.fyi/schools/baldwin-wallace-university/2025-26
201195,2025,regular,true,,,,,https://www.bw.edu/about/offices/institutional-research-assessment/_files/common-data-set-2025-26.pdf,https://www.collegedata.fyi/schools/baldwin-wallace-university/2025-26
201195,2025,rolling,true,,,,,https://www.bw.edu/about/offices/institutional-research-assessment/_files/common-data-set-2025-26.pdf,https://www.collegedata.fyi/schools/baldwin-wallace-university/2025-26
201645,2025,early_action,true,,,,,https://case.edu/ir/sites/default/files/2026-02/CDS%202025-26%20Adjusted%20Final.pdf,https://www.collegedata.fyi/schools/case-western-reserve-university/2025-26
201645,2025,early_decision_1,true,,,,,https://case.edu/ir/sites/default/files/2026-02/CDS%202025-26%20Adjusted%20Final.pdf,https://www.collegedata.fyi/schools/case-western-reserve-university/2025-26
201645,2025,regular,true,1,15,3,19,https://case.edu/ir/sites/default/files/2026-02/CDS%202025-26%20Adjusted%20Final.pdf,https://www.collegedata.fyi/schools/case-western-reserve-university/2025-26
202523,2024,regular,false,,,,,https://drive.usercontent.google.com/download?id=1gmNXk-Ziz_x3o1ybWE3CAhrRtckOryqU&export=download,https://www.collegedata.fyi/schools/denison-university/2024-25
203368,2025,regular,false,,,,,https://drive.usercontent.google.com/download?id=19A4F69gxe520JXxubBCEQH0m422gYRWn&export=download,https://www.collegedata.fyi/schools/john-carroll-university/2025-26
203535,2024,early_decision_1,false,,,,,https://www.kenyon.edu/files/resources/kenyon-cds-202425-march-2025.pdf,https://www.collegedata.fyi/schools/kenyon/2024-25
203845,2025,early_action,false,,,,,https://www.marietta.edu/sites/default/files/MC-CDS_2025-2026.xlsx,https://www.collegedata.fyi/schools/marietta-college/2025-26
203845,2025,early_decision_1,false,,,,,https://www.marietta.edu/sites/default/files/MC-CDS_2025-2026.xlsx,https://www.collegedata.fyi/schools/marietta-college/2025-26
203845,2025,regular,false,,,,,https://www.marietta.edu/sites/default/files/MC-CDS_2025-2026.xlsx,https://www.collegedata.fyi/schools/marietta-college/2025-26
203845,2025,rolling,true,,,,,https://www.marietta.edu/sites/default/files/MC-CDS_2025-2026.xlsx,https://www.collegedata.fyi/schools/marietta-college/2025-26
206084,2025,early_action,false,,,,,https://www.utoledo.edu/offices/institutional-research/report-library/common-data-set/docs/cds-2025-2026.pdf,https://www.collegedata.fyi/schools/university-of-toledo/2025-26
206084,2025,early_decision_1,false,,,,,https://www.utoledo.edu/offices/institutional-research/report-library/common-data-set/docs/cds-2025-2026.pdf,https://www.collegedata.fyi/schools/university-of-toledo/2025-26
206084,2025,regular,false,,,,,https://www.utoledo.edu/offices/institutional-research/report-library/common-data-set/docs/cds-2025-2026.pdf,https://www.collegedata.fyi/schools/university-of-toledo/2025-26
206084,2025,rolling,true,,,,,https://www.utoledo.edu/offices/institutional-research/report-library/common-data-set/docs/cds-2025-2026.pdf,https://www.collegedata.fyi/schools/university-of-toledo/2025-26
206604,2024,early_decision_1,false,,,,,https://www.wright.edu/sites/www.wright.edu/files/page/attachments/CDS_2024-2025_Lake.pdf,https://www.collegedata.fyi/schools/wright-state-university-main-campus/2024-25
206604,2024,priority,true,11,1,,,https://www.wright.edu/sites/www.wright.edu/files/page/attachments/CDS_2024-2025_Lake.pdf,https://www.collegedata.fyi/schools/wright-state-university-main-campus/2024-25
206604,2024,regular,true,8,23,,,https://www.wright.edu/sites/www.wright.edu/files/page/attachments/CDS_2024-2025_Lake.pdf,https://www.collegedata.fyi/schools/wright-state-university-main-campus/2024-25
206604,2024,rolling,true,,,,,https://www.wright.edu/sites/www.wright.edu/files/page/attachments/CDS_2024-2025_Lake.pdf,https://www.collegedata.fyi/schools/wright-state-university-main-campus/2024-25
206914,2025,early_action,false,,,,,https://www.cameron.edu/storage/departments/institutional-research-assessment-and-accountability/common-data-set/CDS-2025-2026-accessible.pdf,https://www.collegedata.fyi/schools/cameron-university/2025-26
206914,2025,early_decision_1,false,,,,,https://www.cameron.edu/storage/departments/institutional-research-assessment-and-accountability/common-data-set/CDS-2025-2026-accessible.pdf,https://www.collegedata.fyi/schools/cameron-university/2025-26
206914,2025,regular,false,,,,,https://www.cameron.edu/storage/departments/institutional-research-assessment-and-accountability/common-data-set/CDS-2025-2026-accessible.pdf,https://www.collegedata.fyi/schools/cameron-university/2025-26
206914,2025,rolling,true,,,,,https://www.cameron.edu/storage/departments/institutional-research-assessment-and-accountability/common-data-set/CDS-2025-2026-accessible.pdf,https://www.collegedata.fyi/schools/cameron-university/2025-26
207500,2025,early_action,true,,,,,https://www.ou.edu/content/dam/irr/docs/common-data-sets/norman-campus-only/2025-26-nc/IRR%20CDS-A.pdf,https://www.collegedata.fyi/schools/university-of-oklahoma-norman-campus/2025-26
207500,2025,early_decision_1,false,,,,,https://www.ou.edu/content/dam/irr/docs/common-data-sets/norman-campus-only/2025-26-nc/IRR%20CDS-A.pdf,https://www.collegedata.fyi/schools/university-of-oklahoma-norman-campus/2025-26
207500,2025,priority,true,11,1,,,https://www.ou.edu/content/dam/irr/docs/common-data-sets/norman-campus-only/2025-26-nc/IRR%20CDS-A.pdf,https://www.collegedata.fyi/schools/university-of-oklahoma-norman-campus/2025-26
207500,2025,regular,true,2,1,,,https://www.ou.edu/content/dam/irr/docs/common-data-sets/norman-campus-only/2025-26-nc/IRR%20CDS-A.pdf,https://www.collegedata.fyi/schools/university-of-oklahoma-norman-campus/2025-26
207500,2025,rolling,true,,,,,https://www.ou.edu/content/dam/irr/docs/common-data-sets/norman-campus-only/2025-26-nc/IRR%20CDS-A.pdf,https://www.collegedata.fyi/schools/university-of-oklahoma-norman-campus/2025-26
207661,2025,early_action,false,,,,,https://rogersstateuniversity.b-cdn.net/app/uploads/2026/06/CDS-2025-26.pdf,https://www.collegedata.fyi/schools/rogers-state-university/2025-26
207661,2025,early_decision_1,false,,,,,https://rogersstateuniversity.b-cdn.net/app/uploads/2026/06/CDS-2025-26.pdf,https://www.collegedata.fyi/schools/rogers-state-university/2025-26
207661,2025,regular,false,,,,,https://rogersstateuniversity.b-cdn.net/app/uploads/2026/06/CDS-2025-26.pdf,https://www.collegedata.fyi/schools/rogers-state-university/2025-26
208646,2025,early_action,true,2,1,,,https://static.eou.edu/ir/CDS/CDS_2025_26.pdf,https://www.collegedata.fyi/schools/eastern-oregon-university/2025-26
208646,2025,early_decision_1,false,,,,,https://static.eou.edu/ir/CDS/CDS_2025_26.pdf,https://www.collegedata.fyi/schools/eastern-oregon-university/2025-26
208646,2025,priority,true,2,1,,,https://static.eou.edu/ir/CDS/CDS_2025_26.pdf,https://www.collegedata.fyi/schools/eastern-oregon-university/2025-26
208646,2025,regular,true,9,15,,,https://static.eou.edu/ir/CDS/CDS_2025_26.pdf,https://www.collegedata.fyi/schools/eastern-oregon-university/2025-26
209542,2025,early_action,true,,,,,https://institutionalresearch.oregonstate.edu/sites/institutionalresearch.oregonstate.edu/files/2026-06/CDS-2025-26_1.pdf,https://www.collegedata.fyi/schools/oregon-state-university/2025-26
209542,2025,early_decision_1,false,,,,,https://institutionalresearch.oregonstate.edu/sites/institutionalresearch.oregonstate.edu/files/2026-06/CDS-2025-26_1.pdf,https://www.collegedata.fyi/schools/oregon-state-university/2025-26
209542,2025,priority,true,2,1,,,https://institutionalresearch.oregonstate.edu/sites/institutionalresearch.oregonstate.edu/files/2026-06/CDS-2025-26_1.pdf,https://www.collegedata.fyi/schools/oregon-state-university/2025-26
209542,2025,regular,true,8,25,,,https://institutionalresearch.oregonstate.edu/sites/institutionalresearch.oregonstate.edu/files/2026-06/CDS-2025-26_1.pdf,https://www.collegedata.fyi/schools/oregon-state-university/2025-26
209551,2024,early_decision_1,false,,,,,https://uoregon.sharepoint.com/sites/UOInstitutionalResearchPublicMaterials/_layouts/15/download.aspx?UniqueId=d5e1646e-2809-4ee4-83e8-cb6a3790504e&Translate=false,https://www.collegedata.fyi/schools/university-of-oregon/2024-25
209551,2024,priority,true,1,15,,,https://uoregon.sharepoint.com/sites/UOInstitutionalResearchPublicMaterials/_layouts/15/download.aspx?UniqueId=d5e1646e-2809-4ee4-83e8-cb6a3790504e&Translate=false,https://www.collegedata.fyi/schools/university-of-oregon/2024-25
209551,2024,regular,true,1,15,,,https://uoregon.sharepoint.com/sites/UOInstitutionalResearchPublicMaterials/_layouts/15/download.aspx?UniqueId=d5e1646e-2809-4ee4-83e8-cb6a3790504e&Translate=false,https://www.collegedata.fyi/schools/university-of-oregon/2024-25
209551,2024,rolling,true,,,,,https://uoregon.sharepoint.com/sites/UOInstitutionalResearchPublicMaterials/_layouts/15/download.aspx?UniqueId=d5e1646e-2809-4ee4-83e8-cb6a3790504e&Translate=false,https://www.collegedata.fyi/schools/university-of-oregon/2024-25
209612,2025,early_action,false,,,,,https://public.boxcloud.com/d/1/b1!5uFheSN2ZQrfSmZbMmyFucmKNlVzUtxjaBb7CEVyW4cW83csPCNRa21e4BQ-binEjLO7-rAYJHUBooLYfIwFPlsUNnrhXE6KNSY6vgsZIt72TNEdBP6CdA-WvPTz6Iw3RnpQOUFDtjtaTs4dhugQdDKz9jvhJFb0X-PYqbVVBLLuf6U1r4Xe2R2LIn2W8eQN0fVAM4wNLerRJY4fe3vzOyGd52IGQUhsZIIwIRKEt22nJuZpqkaGouMWYGEEXAzapQjR-h5aIRwOjjIpyK1lslE_GOzt3MxEn0fxi_pD2vZQzUwaMkg2zEa3ir2K0JaVNU5RI_zD_5SQS0kyDuuy66xC5WtB3vCv5O1UyMpjC5o-V8GH6MHVryvHCLPDC6ciIKCAGBJsogkGHuEs282BhzR5cFwQokRyaJNft-j7ajDhzFcho3mpf4VXWoudfgRuUgQCDGFmYkUAnzCbJesdTivNrFCif2xXW5MerQw-mzDtr2j2anBtbQXUS3u_Klk7VEhsCEivbQqi8Cd9vL7h_Y9Gza8tSDT3dqBEwQQti8fZpVDStCoCsi4uJavXI4j3EwCZIl2yRcVESrDh6wVz2KiD4bx_1u7gDI9wiZYYEuJ7XXMPib8z3pepFGr4elxUVTAY-TiR-vPwRJZTrBl3KTY6evirMHj1OJbMJu0QKHGnMpO0dLoHo_WW9SJHiukBij1W6yZxKd8_x5-BEnnkvrtWtNOXUJrPkhv4InqpF0TTDBfPuuZGVTmGBwh4pm8rXLmMutNIhj6pbe3IIMnjM7PffnVXs0WYL_2aC5OJFf0S8xX-FoBDyTSYKdlqQooHFwDX30MNUBPE1FpTIfFCYIGf76o55Sd2q4e_UXozbCLhDyyXlrNSD1ioOV5EjFoBjwR9Vx9wBB4GPeD_sbQwlfdRIcS2HGuIwZnW5VPaqed3W2N_TgwptjYEUyO6Q10WBlPh-32LoUjTiBGyIJ0oneDD1uBI1qj5ZISVTHFUQ_Y05L5lX-KXk2BhJ55uKnWdNeM8lZZGeF39rcrux1Bubhh9evBypwvbGKWJf2DubdNr9JorfewbHTenO4FvyC2A-gdVw1hA9cl1XMbWBEH655sXOJk8zcCQhP6Yxe8g1U3hhFGCf1bWA7rKK3eN1834UXe2aN6rpqAREj-63vOvl31gv3Qsz-KsR9VDpxQeVNhLo9I6Oi_1BDJIoZdI_6K_kcJEIkQkKN2lJLjNjwrRNdxRejm8DCJOC_zx909EDf_HT3KySFfamKwW78sAe8taTF2gtmO41P6Cq-ZKStSxJ-Fh7qU0cum44I5rQASEYWKratWVqKYynZkWN43mspCUvu7R4GrDVaSbbJWIADa6jljbAj7sH9-eQd9GCREsekXHqpvH-UNWSU22JBdDAlMG1oQ6Lply3TvQAHXPAUpLKr0l9DDEUEl9laSLWcBzqEM3qAGxYmIiLU7AqhRpxMqhgwtAttxlJQZYWxINT0DPQILrprYdL_xHEnPYAEDRSRfZrD9Ycq2R5qB7EcZEg8ssGql2GLBR4vka800_zhvjqYp8miJ6hPwvyJfF89sOmoELipLObAzq6TQYlqAFB9KKYwXOVqIP7TrVcS22lycVTgwoWiahF-NT0ulACsV1Ys2wB76Wa8asqiE0tnLgganV5EufB_0bTXSCwvnHw9RZu5mOu1Hokjs7EhQS/download,https://www.collegedata.fyi/schools/pacific-university/2025-26
209612,2025,early_decision_1,false,,,,,https://public.boxcloud.com/d/1/b1!5uFheSN2ZQrfSmZbMmyFucmKNlVzUtxjaBb7CEVyW4cW83csPCNRa21e4BQ-binEjLO7-rAYJHUBooLYfIwFPlsUNnrhXE6KNSY6vgsZIt72TNEdBP6CdA-WvPTz6Iw3RnpQOUFDtjtaTs4dhugQdDKz9jvhJFb0X-PYqbVVBLLuf6U1r4Xe2R2LIn2W8eQN0fVAM4wNLerRJY4fe3vzOyGd52IGQUhsZIIwIRKEt22nJuZpqkaGouMWYGEEXAzapQjR-h5aIRwOjjIpyK1lslE_GOzt3MxEn0fxi_pD2vZQzUwaMkg2zEa3ir2K0JaVNU5RI_zD_5SQS0kyDuuy66xC5WtB3vCv5O1UyMpjC5o-V8GH6MHVryvHCLPDC6ciIKCAGBJsogkGHuEs282BhzR5cFwQokRyaJNft-j7ajDhzFcho3mpf4VXWoudfgRuUgQCDGFmYkUAnzCbJesdTivNrFCif2xXW5MerQw-mzDtr2j2anBtbQXUS3u_Klk7VEhsCEivbQqi8Cd9vL7h_Y9Gza8tSDT3dqBEwQQti8fZpVDStCoCsi4uJavXI4j3EwCZIl2yRcVESrDh6wVz2KiD4bx_1u7gDI9wiZYYEuJ7XXMPib8z3pepFGr4elxUVTAY-TiR-vPwRJZTrBl3KTY6evirMHj1OJbMJu0QKHGnMpO0dLoHo_WW9SJHiukBij1W6yZxKd8_x5-BEnnkvrtWtNOXUJrPkhv4InqpF0TTDBfPuuZGVTmGBwh4pm8rXLmMutNIhj6pbe3IIMnjM7PffnVXs0WYL_2aC5OJFf0S8xX-FoBDyTSYKdlqQooHFwDX30MNUBPE1FpTIfFCYIGf76o55Sd2q4e_UXozbCLhDyyXlrNSD1ioOV5EjFoBjwR9Vx9wBB4GPeD_sbQwlfdRIcS2HGuIwZnW5VPaqed3W2N_TgwptjYEUyO6Q10WBlPh-32LoUjTiBGyIJ0oneDD1uBI1qj5ZISVTHFUQ_Y05L5lX-KXk2BhJ55uKnWdNeM8lZZGeF39rcrux1Bubhh9evBypwvbGKWJf2DubdNr9JorfewbHTenO4FvyC2A-gdVw1hA9cl1XMbWBEH655sXOJk8zcCQhP6Yxe8g1U3hhFGCf1bWA7rKK3eN1834UXe2aN6rpqAREj-63vOvl31gv3Qsz-KsR9VDpxQeVNhLo9I6Oi_1BDJIoZdI_6K_kcJEIkQkKN2lJLjNjwrRNdxRejm8DCJOC_zx909EDf_HT3KySFfamKwW78sAe8taTF2gtmO41P6Cq-ZKStSxJ-Fh7qU0cum44I5rQASEYWKratWVqKYynZkWN43mspCUvu7R4GrDVaSbbJWIADa6jljbAj7sH9-eQd9GCREsekXHqpvH-UNWSU22JBdDAlMG1oQ6Lply3TvQAHXPAUpLKr0l9DDEUEl9laSLWcBzqEM3qAGxYmIiLU7AqhRpxMqhgwtAttxlJQZYWxINT0DPQILrprYdL_xHEnPYAEDRSRfZrD9Ycq2R5qB7EcZEg8ssGql2GLBR4vka800_zhvjqYp8miJ6hPwvyJfF89sOmoELipLObAzq6TQYlqAFB9KKYwXOVqIP7TrVcS22lycVTgwoWiahF-NT0ulACsV1Ys2wB76Wa8asqiE0tnLgganV5EufB_0bTXSCwvnHw9RZu5mOu1Hokjs7EhQS/download,https://www.collegedata.fyi/schools/pacific-university/2025-26
209612,2025,regular,true,8,1,,,https://public.boxcloud.com/d/1/b1!5uFheSN2ZQrfSmZbMmyFucmKNlVzUtxjaBb7CEVyW4cW83csPCNRa21e4BQ-binEjLO7-rAYJHUBooLYfIwFPlsUNnrhXE6KNSY6vgsZIt72TNEdBP6CdA-WvPTz6Iw3RnpQOUFDtjtaTs4dhugQdDKz9jvhJFb0X-PYqbVVBLLuf6U1r4Xe2R2LIn2W8eQN0fVAM4wNLerRJY4fe3vzOyGd52IGQUhsZIIwIRKEt22nJuZpqkaGouMWYGEEXAzapQjR-h5aIRwOjjIpyK1lslE_GOzt3MxEn0fxi_pD2vZQzUwaMkg2zEa3ir2K0JaVNU5RI_zD_5SQS0kyDuuy66xC5WtB3vCv5O1UyMpjC5o-V8GH6MHVryvHCLPDC6ciIKCAGBJsogkGHuEs282BhzR5cFwQokRyaJNft-j7ajDhzFcho3mpf4VXWoudfgRuUgQCDGFmYkUAnzCbJesdTivNrFCif2xXW5MerQw-mzDtr2j2anBtbQXUS3u_Klk7VEhsCEivbQqi8Cd9vL7h_Y9Gza8tSDT3dqBEwQQti8fZpVDStCoCsi4uJavXI4j3EwCZIl2yRcVESrDh6wVz2KiD4bx_1u7gDI9wiZYYEuJ7XXMPib8z3pepFGr4elxUVTAY-TiR-vPwRJZTrBl3KTY6evirMHj1OJbMJu0QKHGnMpO0dLoHo_WW9SJHiukBij1W6yZxKd8_x5-BEnnkvrtWtNOXUJrPkhv4InqpF0TTDBfPuuZGVTmGBwh4pm8rXLmMutNIhj6pbe3IIMnjM7PffnVXs0WYL_2aC5OJFf0S8xX-FoBDyTSYKdlqQooHFwDX30MNUBPE1FpTIfFCYIGf76o55Sd2q4e_UXozbCLhDyyXlrNSD1ioOV5EjFoBjwR9Vx9wBB4GPeD_sbQwlfdRIcS2HGuIwZnW5VPaqed3W2N_TgwptjYEUyO6Q10WBlPh-32LoUjTiBGyIJ0oneDD1uBI1qj5ZISVTHFUQ_Y05L5lX-KXk2BhJ55uKnWdNeM8lZZGeF39rcrux1Bubhh9evBypwvbGKWJf2DubdNr9JorfewbHTenO4FvyC2A-gdVw1hA9cl1XMbWBEH655sXOJk8zcCQhP6Yxe8g1U3hhFGCf1bWA7rKK3eN1834UXe2aN6rpqAREj-63vOvl31gv3Qsz-KsR9VDpxQeVNhLo9I6Oi_1BDJIoZdI_6K_kcJEIkQkKN2lJLjNjwrRNdxRejm8DCJOC_zx909EDf_HT3KySFfamKwW78sAe8taTF2gtmO41P6Cq-ZKStSxJ-Fh7qU0cum44I5rQASEYWKratWVqKYynZkWN43mspCUvu7R4GrDVaSbbJWIADa6jljbAj7sH9-eQd9GCREsekXHqpvH-UNWSU22JBdDAlMG1oQ6Lply3TvQAHXPAUpLKr0l9DDEUEl9laSLWcBzqEM3qAGxYmIiLU7AqhRpxMqhgwtAttxlJQZYWxINT0DPQILrprYdL_xHEnPYAEDRSRfZrD9Ycq2R5qB7EcZEg8ssGql2GLBR4vka800_zhvjqYp8miJ6hPwvyJfF89sOmoELipLObAzq6TQYlqAFB9KKYwXOVqIP7TrVcS22lycVTgwoWiahF-NT0ulACsV1Ys2wB76Wa8asqiE0tnLgganV5EufB_0bTXSCwvnHw9RZu5mOu1Hokjs7EhQS/download,https://www.collegedata.fyi/schools/pacific-university/2025-26
209612,2025,rolling,true,,,,,https://public.boxcloud.com/d/1/b1!5uFheSN2ZQrfSmZbMmyFucmKNlVzUtxjaBb7CEVyW4cW83csPCNRa21e4BQ-binEjLO7-rAYJHUBooLYfIwFPlsUNnrhXE6KNSY6vgsZIt72TNEdBP6CdA-WvPTz6Iw3RnpQOUFDtjtaTs4dhugQdDKz9jvhJFb0X-PYqbVVBLLuf6U1r4Xe2R2LIn2W8eQN0fVAM4wNLerRJY4fe3vzOyGd52IGQUhsZIIwIRKEt22nJuZpqkaGouMWYGEEXAzapQjR-h5aIRwOjjIpyK1lslE_GOzt3MxEn0fxi_pD2vZQzUwaMkg2zEa3ir2K0JaVNU5RI_zD_5SQS0kyDuuy66xC5WtB3vCv5O1UyMpjC5o-V8GH6MHVryvHCLPDC6ciIKCAGBJsogkGHuEs282BhzR5cFwQokRyaJNft-j7ajDhzFcho3mpf4VXWoudfgRuUgQCDGFmYkUAnzCbJesdTivNrFCif2xXW5MerQw-mzDtr2j2anBtbQXUS3u_Klk7VEhsCEivbQqi8Cd9vL7h_Y9Gza8tSDT3dqBEwQQti8fZpVDStCoCsi4uJavXI4j3EwCZIl2yRcVESrDh6wVz2KiD4bx_1u7gDI9wiZYYEuJ7XXMPib8z3pepFGr4elxUVTAY-TiR-vPwRJZTrBl3KTY6evirMHj1OJbMJu0QKHGnMpO0dLoHo_WW9SJHiukBij1W6yZxKd8_x5-BEnnkvrtWtNOXUJrPkhv4InqpF0TTDBfPuuZGVTmGBwh4pm8rXLmMutNIhj6pbe3IIMnjM7PffnVXs0WYL_2aC5OJFf0S8xX-FoBDyTSYKdlqQooHFwDX30MNUBPE1FpTIfFCYIGf76o55Sd2q4e_UXozbCLhDyyXlrNSD1ioOV5EjFoBjwR9Vx9wBB4GPeD_sbQwlfdRIcS2HGuIwZnW5VPaqed3W2N_TgwptjYEUyO6Q10WBlPh-32LoUjTiBGyIJ0oneDD1uBI1qj5ZISVTHFUQ_Y05L5lX-KXk2BhJ55uKnWdNeM8lZZGeF39rcrux1Bubhh9evBypwvbGKWJf2DubdNr9JorfewbHTenO4FvyC2A-gdVw1hA9cl1XMbWBEH655sXOJk8zcCQhP6Yxe8g1U3hhFGCf1bWA7rKK3eN1834UXe2aN6rpqAREj-63vOvl31gv3Qsz-KsR9VDpxQeVNhLo9I6Oi_1BDJIoZdI_6K_kcJEIkQkKN2lJLjNjwrRNdxRejm8DCJOC_zx909EDf_HT3KySFfamKwW78sAe8taTF2gtmO41P6Cq-ZKStSxJ-Fh7qU0cum44I5rQASEYWKratWVqKYynZkWN43mspCUvu7R4GrDVaSbbJWIADa6jljbAj7sH9-eQd9GCREsekXHqpvH-UNWSU22JBdDAlMG1oQ6Lply3TvQAHXPAUpLKr0l9DDEUEl9laSLWcBzqEM3qAGxYmIiLU7AqhRpxMqhgwtAttxlJQZYWxINT0DPQILrprYdL_xHEnPYAEDRSRfZrD9Ycq2R5qB7EcZEg8ssGql2GLBR4vka800_zhvjqYp8miJ6hPwvyJfF89sOmoELipLObAzq6TQYlqAFB9KKYwXOVqIP7TrVcS22lycVTgwoWiahF-NT0ulACsV1Ys2wB76Wa8asqiE0tnLgganV5EufB_0bTXSCwvnHw9RZu5mOu1Hokjs7EhQS/download,https://www.collegedata.fyi/schools/pacific-university/2025-26
210669,2025,early_action,true,12,1,1,1,https://sites.allegheny.edu/institutional-effectiveness/files/2026/04/CDS-2025-26_AlleghenyCollege_Final.xlsx,https://www.collegedata.fyi/schools/allegheny-college/2025-26
210669,2025,early_decision_1,true,11,15,11,30,https://sites.allegheny.edu/institutional-effectiveness/files/2026/04/CDS-2025-26_AlleghenyCollege_Final.xlsx,https://www.collegedata.fyi/schools/allegheny-college/2025-26
210669,2025,early_decision_2,true,2,1,2,15,https://sites.allegheny.edu/institutional-effectiveness/files/2026/04/CDS-2025-26_AlleghenyCollege_Final.xlsx,https://www.collegedata.fyi/schools/allegheny-college/2025-26
210669,2025,regular,true,2,15,3,15,https://sites.allegheny.edu/institutional-effectiveness/files/2026/04/CDS-2025-26_AlleghenyCollege_Final.xlsx,https://www.collegedata.fyi/schools/allegheny-college/2025-26
210739,2024,rolling,true,,,,,https://www.desales.edu/_files/pdfs/ier/CDS_2024-2025_FINAL.pdf,https://www.collegedata.fyi/schools/desales-university/2024-25
211291,2024,early_decision_1,false,,,,,https://www.bucknell.edu/sites/default/files/institutional-research/common_data_set_2024-25.pdf,https://www.collegedata.fyi/schools/bucknell/2024-25
211291,2024,regular,true,1,10,4,1,https://www.bucknell.edu/sites/default/files/institutional-research/common_data_set_2024-25.pdf,https://www.collegedata.fyi/schools/bucknell/2024-25
211440,2025,early_action,false,,,,,https://www.cmu.edu/ira/CDS/pdf/cds_2025_26/cds_2025_full_pdf.pdf,https://www.collegedata.fyi/schools/carnegie-mellon/2025-26
211440,2025,early_decision_1,true,,,,,https://www.cmu.edu/ira/CDS/pdf/cds_2025_26/cds_2025_full_pdf.pdf,https://www.collegedata.fyi/schools/carnegie-mellon/2025-26
211440,2025,regular,true,1,1,,,https://www.cmu.edu/ira/CDS/pdf/cds_2025_26/cds_2025_full_pdf.pdf,https://www.collegedata.fyi/schools/carnegie-mellon/2025-26
212009,2024,early_decision_1,true,,,,,https://drive.usercontent.google.com/download?id=1EBQXWzp_k2jN1JV9edCVRVTziRIB5Zfp&export=download,https://www.collegedata.fyi/schools/dickinson-college/2024-25
212009,2024,regular,true,1,15,,,https://drive.usercontent.google.com/download?id=1EBQXWzp_k2jN1JV9edCVRVTziRIB5Zfp&export=download,https://www.collegedata.fyi/schools/dickinson-college/2024-25
212106,2025,priority,true,11,15,,,https://www.duq.edu/documents/institutionalresearch/cds-2025-2026.pdf,https://www.collegedata.fyi/schools/duquesne-university/2025-26
212106,2025,regular,true,8,28,,,https://www.duq.edu/documents/institutionalresearch/cds-2025-2026.pdf,https://www.collegedata.fyi/schools/duquesne-university/2025-26
212106,2025,rolling,true,,,,,https://www.duq.edu/documents/institutionalresearch/cds-2025-2026.pdf,https://www.collegedata.fyi/schools/duquesne-university/2025-26
212577,2024,early_decision_1,true,,,,,https://www.fandm.edu/_resources/pdfs/IR_CDS%202024-25.pdf,https://www.collegedata.fyi/schools/franklin-and-marshall-college/2024-25
212577,2024,regular,true,1,6,4,1,https://www.fandm.edu/_resources/pdfs/IR_CDS%202024-25.pdf,https://www.collegedata.fyi/schools/franklin-and-marshall-college/2024-25
212832,2024,early_action,false,,,,,https://www.gmercyu.edu/pdfs/legacy-cds_2024-2025_updated_4_11_2025_compressed.pdf,https://www.collegedata.fyi/schools/gwynedd-mercy-university/2024-25
212832,2024,early_decision_1,false,,,,,https://www.gmercyu.edu/pdfs/legacy-cds_2024-2025_updated_4_11_2025_compressed.pdf,https://www.collegedata.fyi/schools/gwynedd-mercy-university/2024-25
212832,2024,priority,true,8,1,,,https://www.gmercyu.edu/pdfs/legacy-cds_2024-2025_updated_4_11_2025_compressed.pdf,https://www.collegedata.fyi/schools/gwynedd-mercy-university/2024-25
212832,2024,regular,true,8,20,,,https://www.gmercyu.edu/pdfs/legacy-cds_2024-2025_updated_4_11_2025_compressed.pdf,https://www.collegedata.fyi/schools/gwynedd-mercy-university/2024-25
212832,2024,rolling,true,,,,,https://www.gmercyu.edu/pdfs/legacy-cds_2024-2025_updated_4_11_2025_compressed.pdf,https://www.collegedata.fyi/schools/gwynedd-mercy-university/2024-25
212911,2025,early_action,false,,,,,https://www.haverford.edu/sites/default/files/Office/President/CDS-2025-26.pdf,https://www.collegedata.fyi/schools/haverford-college/2025-26
212911,2025,early_decision_1,true,,,,,https://www.haverford.edu/sites/default/files/Office/President/CDS-2025-26.pdf,https://www.collegedata.fyi/schools/haverford-college/2025-26
212911,2025,early_decision_2,true,1,5,2,15,https://www.haverford.edu/sites/default/files/Office/President/CDS-2025-26.pdf,https://www.collegedata.fyi/schools/haverford-college/2025-26
212911,2025,regular,true,1,10,4,1,https://www.haverford.edu/sites/default/files/Office/President/CDS-2025-26.pdf,https://www.collegedata.fyi/schools/haverford-college/2025-26
213011,2025,early_action,false,,,,,https://www.immaculata.edu/wp-content/uploads/2026/03/Common-Data-Set-2025-2026-Immaculata-University-3-25-2026.pdf,https://www.collegedata.fyi/schools/immaculata-university/2025-26
213011,2025,early_decision_1,false,,,,,https://www.immaculata.edu/wp-content/uploads/2026/03/Common-Data-Set-2025-2026-Immaculata-University-3-25-2026.pdf,https://www.collegedata.fyi/schools/immaculata-university/2025-26
213011,2025,regular,false,,,,,https://www.immaculata.edu/wp-content/uploads/2026/03/Common-Data-Set-2025-2026-Immaculata-University-3-25-2026.pdf,https://www.collegedata.fyi/schools/immaculata-university/2025-26
213011,2025,rolling,true,,,,,https://www.immaculata.edu/wp-content/uploads/2026/03/Common-Data-Set-2025-2026-Immaculata-University-3-25-2026.pdf,https://www.collegedata.fyi/schools/immaculata-university/2025-26
213020,2024,early_action,false,,,,,https://www.iup.edu/planningandassessment/files/university_data/common_data_set/cds-2025-26-iup-for-web-2.pdf,https://www.collegedata.fyi/schools/indiana-university-of-pennsylvania-main-campus/2024-25
213020,2024,priority,true,8,10,,,https://www.iup.edu/planningandassessment/files/university_data/common_data_set/cds-2025-26-iup-for-web-2.pdf,https://www.collegedata.fyi/schools/indiana-university-of-pennsylvania-main-campus/2024-25
213020,2024,regular,true,8,10,,,https://www.iup.edu/planningandassessment/files/university_data/common_data_set/cds-2025-26-iup-for-web-2.pdf,https://www.collegedata.fyi/schools/indiana-university-of-pennsylvania-main-campus/2024-25
213251,2024,early_action,true,1,15,2,15,https://doc-0o-60-sheets.googleusercontent.com/export/54bogvaave6cua4cdnls17ksc4/16davqpundd7ihag6ehs96ml10/1776619730000/105250506097979753968/*/1c4clQ5t8nSgPFv1Wk2pihiGlehC70LuA?format=xlsx,https://www.collegedata.fyi/schools/juniata-college/2024-25
213251,2024,early_decision_1,true,11,15,12,15,https://doc-0o-60-sheets.googleusercontent.com/export/54bogvaave6cua4cdnls17ksc4/16davqpundd7ihag6ehs96ml10/1776619730000/105250506097979753968/*/1c4clQ5t8nSgPFv1Wk2pihiGlehC70LuA?format=xlsx,https://www.collegedata.fyi/schools/juniata-college/2024-25
213251,2024,regular,true,3,,,,https://doc-0o-60-sheets.googleusercontent.com/export/54bogvaave6cua4cdnls17ksc4/16davqpundd7ihag6ehs96ml10/1776619730000/105250506097979753968/*/1c4clQ5t8nSgPFv1Wk2pihiGlehC70LuA?format=xlsx,https://www.collegedata.fyi/schools/juniata-college/2024-25
213251,2024,rolling,true,,,,,https://doc-0o-60-sheets.googleusercontent.com/export/54bogvaave6cua4cdnls17ksc4/16davqpundd7ihag6ehs96ml10/1776619730000/105250506097979753968/*/1c4clQ5t8nSgPFv1Wk2pihiGlehC70LuA?format=xlsx,https://www.collegedata.fyi/schools/juniata-college/2024-25
213349,2025,early_action,false,,,,,https://www.kutztown.edu/Departments-Offices/G-L/InstitutionalResearch/Documents/CDS_KU_2025%20COMMON%20DATA%20SET.pdf,https://www.collegedata.fyi/schools/kutztown-university-of-pennsylvania/2025-26
213349,2025,priority,true,12,1,,,https://www.kutztown.edu/Departments-Offices/G-L/InstitutionalResearch/Documents/CDS_KU_2025%20COMMON%20DATA%20SET.pdf,https://www.collegedata.fyi/schools/kutztown-university-of-pennsylvania/2025-26
213349,2025,regular,false,,,,,https://www.kutztown.edu/Departments-Offices/G-L/InstitutionalResearch/Documents/CDS_KU_2025%20COMMON%20DATA%20SET.pdf,https://www.collegedata.fyi/schools/kutztown-university-of-pennsylvania/2025-26
213349,2025,rolling,true,,,,,https://www.kutztown.edu/Departments-Offices/G-L/InstitutionalResearch/Documents/CDS_KU_2025%20COMMON%20DATA%20SET.pdf,https://www.collegedata.fyi/schools/kutztown-university-of-pennsylvania/2025-26
213385,2025,early_action,false,,,,,https://oir.lafayette.edu/wp-content/uploads/sites/196/2026/01/CDS2025-2026.pdf,https://www.collegedata.fyi/schools/lafayette-college/2025-26
213385,2025,early_decision_1,true,,,,,https://oir.lafayette.edu/wp-content/uploads/sites/196/2026/01/CDS2025-2026.pdf,https://www.collegedata.fyi/schools/lafayette-college/2025-26
213385,2025,early_decision_2,true,2,1,2,15,https://oir.lafayette.edu/wp-content/uploads/sites/196/2026/01/CDS2025-2026.pdf,https://www.collegedata.fyi/schools/lafayette-college/2025-26
213385,2025,regular,true,1,15,3,23,https://oir.lafayette.edu/wp-content/uploads/sites/196/2026/01/CDS2025-2026.pdf,https://www.collegedata.fyi/schools/lafayette-college/2025-26
213543,2025,early_action,true,,,,,https://data.lehigh.edu/sites/data.lehigh.edu/files/682026_CDS-2025-26_Revised_Published.pdf,https://www.collegedata.fyi/schools/lehigh/2025-26
213543,2025,early_decision_1,true,,,,,https://data.lehigh.edu/sites/data.lehigh.edu/files/682026_CDS-2025-26_Revised_Published.pdf,https://www.collegedata.fyi/schools/lehigh/2025-26
213543,2025,early_decision_2,true,1,1,2,5,https://data.lehigh.edu/sites/data.lehigh.edu/files/682026_CDS-2025-26_Revised_Published.pdf,https://www.collegedata.fyi/schools/lehigh/2025-26
213543,2025,priority,true,1,1,,,https://data.lehigh.edu/sites/data.lehigh.edu/files/682026_CDS-2025-26_Revised_Published.pdf,https://www.collegedata.fyi/schools/lehigh/2025-26
213543,2025,regular,true,1,1,3,20,https://data.lehigh.edu/sites/data.lehigh.edu/files/682026_CDS-2025-26_Revised_Published.pdf,https://www.collegedata.fyi/schools/lehigh/2025-26
213668,2024,early_decision_1,false,,,,,https://www.lycoming.edu/institutional-research/pdfs/cds-2024-2025.pdf,https://www.collegedata.fyi/schools/lycoming-college/2024-25
213996,2025,early_action,false,,,,,https://www.messiah.edu/institutional-research/_files/messiah-university-cds-current-year.pdf,https://www.collegedata.fyi/schools/messiah-university/2025-26
213996,2025,early_decision_1,false,,,,,https://www.messiah.edu/institutional-research/_files/messiah-university-cds-current-year.pdf,https://www.collegedata.fyi/schools/messiah-university/2025-26
213996,2025,regular,false,,,,,https://www.messiah.edu/institutional-research/_files/messiah-university-cds-current-year.pdf,https://www.collegedata.fyi/schools/messiah-university/2025-26
213996,2025,rolling,true,,,,,https://www.messiah.edu/institutional-research/_files/messiah-university-cds-current-year.pdf,https://www.collegedata.fyi/schools/messiah-university/2025-26
214041,2024,early_decision_1,false,,,,,https://www.millersville.edu/iea/ir/cds_2024-25_final.pdf,https://www.collegedata.fyi/schools/millersville-university-of-pennsylvania/2024-25
214041,2024,regular,true,,,9,15,https://www.millersville.edu/iea/ir/cds_2024-25_final.pdf,https://www.collegedata.fyi/schools/millersville-university-of-pennsylvania/2024-25
214272,2024,priority,true,8,15,,,https://www.neumann.edu/hubfs/CDS%202025-26%20Neumann%20University%20(3).pdf?hsLang=en,https://www.collegedata.fyi/schools/neumann-university/2024-25
214272,2024,regular,true,8,31,,,https://www.neumann.edu/hubfs/CDS%202025-26%20Neumann%20University%20(3).pdf?hsLang=en,https://www.collegedata.fyi/schools/neumann-university/2024-25
214777,2024,early_action,true,,,,,https://bpb-us-e1.wpmucdn.com/sites.psu.edu/dist/d/114442/files/2025/06/CDS_2024_2025_Abingtonv2.pdf,https://www.collegedata.fyi/schools/penn-state/2024-25
214777,2024,regular,false,,,,,https://bpb-us-e1.wpmucdn.com/sites.psu.edu/dist/d/114442/files/2025/06/CDS_2024_2025_Abingtonv2.pdf,https://www.collegedata.fyi/schools/penn-state/2024-25
215062,2025,early_action,true,,,,,https://public.boxcloud.com/d/1/b1!2U04ewHOLph7vR6BOGJsXwpTo9_pLUlxq42Oxm5dpXl7RTy6LKQeGWA2bsJ671FsFuOyk1Sa_o42WaBrleNZVdQg_X5MChKsmdt1c14g3NbWxIPt3U8NPT4govMG7SIPtA2uT_ds0_XgQID7prRyZEY1LvlaqzYEJzTdhczkkuIKl9CuP0gFPjEfKXmyNXRKLKEQPgvtazPCCp2_MM4HWCRLUte_Srz8h2KAu6sOYews5E3hrYinYct4aW0CEJDPm22Qht8zrOHhENoOAyEuYl4fYNTehmtMQZfxeUtcISCDHuNxYh4cAjGApG6qhm_ExNGY7qcoB3VLoNSawNZ9S8hLFWIKvUja6sLaEPkMEmifznBNfsnpPFvdURi8lq0RPPpjNXUyHLstywGrR8DYkyqpVM4foS2NznFpVky4PU7XCQtF1cEtboOWpORjrTVVsY9937uxgavkoZAhF0i7kv-7Ipy8VSHMdZ5VRWPr6NM1LDhexdVWnHh9gTkZp925r4xfRGp47UdKynStdOdpBlM9bWCsstCvgz7GslVGURAcNbb5xgrAn7TQw6M3xwug_MDSoY6xhubdS6D0oBf1LvEfzSchDUU95qd8nFTSVLXlGsKC1mH66zmCdIJSAc1i9BCDI0za8atRk8sbVgLzXJm7VduEQaid-0-bu326TlAIMrO_WnGoz1ZpZOkh3L71BEEJRSl2Y4IKW1xrSqJvXHUM8DtNMS-dQGqjdaVyjmMSx337Kovnhvyn6dTNoDH-iGIyLou7Msrzw-j1QZ37PYYTdb3ikJfWAKEOp1EUQtMLDJTbk_LADMj25WCTym0dJvjQS8ilmd0KI4LoyRocORVKKT4ur3670M1Lc9vVMCtKYuTkBWOV2sK7ih7KkaHV_lKFFK5bV7se_7h9Tnmcd80TKyWm7OqoV37aAhT2PMqjLYidg-BBYl-jjqZft5luUd0HrxVCcFOpfln1UdVjIYhLJxSUXTTJi3nXx6i223UHIqsJBzfk88zlzeKNgDyJntmER7ejcT6WTBPbMyZBsV_mfg45gVHXVEiA9zRTbv8MTccO_bEJzYSVRTCd_Gj4wDPmtHOnXHE4Aghf8ENdYB5rHtlNsLrcbOlwppbbQxd5S_AcRabcxilgjn4XnD5n476WlvPhCxg9yTXpLeNIBWqKbUNR-zqDWpP8Eh2Udcx3yvetUtXUtc80hq8r442OOc3ZSisG9NAoJvUO3tTW8bzBIZuElg2YuALOgyvKMYJvkgTRrjmYs6E40J_geql7PdHdJMgSCqqcmw0ZV7Jp0YQxxPu2sbMRgEF9BCWGKip1Ce6xsmctjvmt4s_oVSLYAKlkUUYG9qoa9n-JU36-w8YMbmceS3lJn8yUTrqe-hhEsNIDpssa3ntyNxOQVtES4pqinUzabdKPoBwVbzgxnubsM5vg90m54Grrz3iA2a0k99L358s5sJvEUPCmzHqroqQpsUojpXRQM29D6Soee5qwM2M9C4bBWo76pOeiNcMO8V9npcYufPM3ZUE2Pf3L-8fLHhDTBsMpWwSggJxjNZYaSbWQtmNwiJEnmt8GybArBQ../download,https://www.collegedata.fyi/schools/upenn/2025-26
215062,2025,early_decision_1,true,,,,,https://public.boxcloud.com/d/1/b1!2U04ewHOLph7vR6BOGJsXwpTo9_pLUlxq42Oxm5dpXl7RTy6LKQeGWA2bsJ671FsFuOyk1Sa_o42WaBrleNZVdQg_X5MChKsmdt1c14g3NbWxIPt3U8NPT4govMG7SIPtA2uT_ds0_XgQID7prRyZEY1LvlaqzYEJzTdhczkkuIKl9CuP0gFPjEfKXmyNXRKLKEQPgvtazPCCp2_MM4HWCRLUte_Srz8h2KAu6sOYews5E3hrYinYct4aW0CEJDPm22Qht8zrOHhENoOAyEuYl4fYNTehmtMQZfxeUtcISCDHuNxYh4cAjGApG6qhm_ExNGY7qcoB3VLoNSawNZ9S8hLFWIKvUja6sLaEPkMEmifznBNfsnpPFvdURi8lq0RPPpjNXUyHLstywGrR8DYkyqpVM4foS2NznFpVky4PU7XCQtF1cEtboOWpORjrTVVsY9937uxgavkoZAhF0i7kv-7Ipy8VSHMdZ5VRWPr6NM1LDhexdVWnHh9gTkZp925r4xfRGp47UdKynStdOdpBlM9bWCsstCvgz7GslVGURAcNbb5xgrAn7TQw6M3xwug_MDSoY6xhubdS6D0oBf1LvEfzSchDUU95qd8nFTSVLXlGsKC1mH66zmCdIJSAc1i9BCDI0za8atRk8sbVgLzXJm7VduEQaid-0-bu326TlAIMrO_WnGoz1ZpZOkh3L71BEEJRSl2Y4IKW1xrSqJvXHUM8DtNMS-dQGqjdaVyjmMSx337Kovnhvyn6dTNoDH-iGIyLou7Msrzw-j1QZ37PYYTdb3ikJfWAKEOp1EUQtMLDJTbk_LADMj25WCTym0dJvjQS8ilmd0KI4LoyRocORVKKT4ur3670M1Lc9vVMCtKYuTkBWOV2sK7ih7KkaHV_lKFFK5bV7se_7h9Tnmcd80TKyWm7OqoV37aAhT2PMqjLYidg-BBYl-jjqZft5luUd0HrxVCcFOpfln1UdVjIYhLJxSUXTTJi3nXx6i223UHIqsJBzfk88zlzeKNgDyJntmER7ejcT6WTBPbMyZBsV_mfg45gVHXVEiA9zRTbv8MTccO_bEJzYSVRTCd_Gj4wDPmtHOnXHE4Aghf8ENdYB5rHtlNsLrcbOlwppbbQxd5S_AcRabcxilgjn4XnD5n476WlvPhCxg9yTXpLeNIBWqKbUNR-zqDWpP8Eh2Udcx3yvetUtXUtc80hq8r442OOc3ZSisG9NAoJvUO3tTW8bzBIZuElg2YuALOgyvKMYJvkgTRrjmYs6E40J_geql7PdHdJMgSCqqcmw0ZV7Jp0YQxxPu2sbMRgEF9BCWGKip1Ce6xsmctjvmt4s_oVSLYAKlkUUYG9qoa9n-JU36-w8YMbmceS3lJn8yUTrqe-hhEsNIDpssa3ntyNxOQVtES4pqinUzabdKPoBwVbzgxnubsM5vg90m54Grrz3iA2a0k99L358s5sJvEUPCmzHqroqQpsUojpXRQM29D6Soee5qwM2M9C4bBWo76pOeiNcMO8V9npcYufPM3ZUE2Pf3L-8fLHhDTBsMpWwSggJxjNZYaSbWQtmNwiJEnmt8GybArBQ../download,https://www.collegedata.fyi/schools/upenn/2025-26
215062,2025,regular,true,1,5,,,https://public.boxcloud.com/d/1/b1!2U04ewHOLph7vR6BOGJsXwpTo9_pLUlxq42Oxm5dpXl7RTy6LKQeGWA2bsJ671FsFuOyk1Sa_o42WaBrleNZVdQg_X5MChKsmdt1c14g3NbWxIPt3U8NPT4govMG7SIPtA2uT_ds0_XgQID7prRyZEY1LvlaqzYEJzTdhczkkuIKl9CuP0gFPjEfKXmyNXRKLKEQPgvtazPCCp2_MM4HWCRLUte_Srz8h2KAu6sOYews5E3hrYinYct4aW0CEJDPm22Qht8zrOHhENoOAyEuYl4fYNTehmtMQZfxeUtcISCDHuNxYh4cAjGApG6qhm_ExNGY7qcoB3VLoNSawNZ9S8hLFWIKvUja6sLaEPkMEmifznBNfsnpPFvdURi8lq0RPPpjNXUyHLstywGrR8DYkyqpVM4foS2NznFpVky4PU7XCQtF1cEtboOWpORjrTVVsY9937uxgavkoZAhF0i7kv-7Ipy8VSHMdZ5VRWPr6NM1LDhexdVWnHh9gTkZp925r4xfRGp47UdKynStdOdpBlM9bWCsstCvgz7GslVGURAcNbb5xgrAn7TQw6M3xwug_MDSoY6xhubdS6D0oBf1LvEfzSchDUU95qd8nFTSVLXlGsKC1mH66zmCdIJSAc1i9BCDI0za8atRk8sbVgLzXJm7VduEQaid-0-bu326TlAIMrO_WnGoz1ZpZOkh3L71BEEJRSl2Y4IKW1xrSqJvXHUM8DtNMS-dQGqjdaVyjmMSx337Kovnhvyn6dTNoDH-iGIyLou7Msrzw-j1QZ37PYYTdb3ikJfWAKEOp1EUQtMLDJTbk_LADMj25WCTym0dJvjQS8ilmd0KI4LoyRocORVKKT4ur3670M1Lc9vVMCtKYuTkBWOV2sK7ih7KkaHV_lKFFK5bV7se_7h9Tnmcd80TKyWm7OqoV37aAhT2PMqjLYidg-BBYl-jjqZft5luUd0HrxVCcFOpfln1UdVjIYhLJxSUXTTJi3nXx6i223UHIqsJBzfk88zlzeKNgDyJntmER7ejcT6WTBPbMyZBsV_mfg45gVHXVEiA9zRTbv8MTccO_bEJzYSVRTCd_Gj4wDPmtHOnXHE4Aghf8ENdYB5rHtlNsLrcbOlwppbbQxd5S_AcRabcxilgjn4XnD5n476WlvPhCxg9yTXpLeNIBWqKbUNR-zqDWpP8Eh2Udcx3yvetUtXUtc80hq8r442OOc3ZSisG9NAoJvUO3tTW8bzBIZuElg2YuALOgyvKMYJvkgTRrjmYs6E40J_geql7PdHdJMgSCqqcmw0ZV7Jp0YQxxPu2sbMRgEF9BCWGKip1Ce6xsmctjvmt4s_oVSLYAKlkUUYG9qoa9n-JU36-w8YMbmceS3lJn8yUTrqe-hhEsNIDpssa3ntyNxOQVtES4pqinUzabdKPoBwVbzgxnubsM5vg90m54Grrz3iA2a0k99L358s5sJvEUPCmzHqroqQpsUojpXRQM29D6Soee5qwM2M9C4bBWo76pOeiNcMO8V9npcYufPM3ZUE2Pf3L-8fLHhDTBsMpWwSggJxjNZYaSbWQtmNwiJEnmt8GybArBQ../download,https://www.collegedata.fyi/schools/upenn/2025-26
215929,2025,early_action,true,,,,,https://www.scranton.edu/pir/institutional-research/institutional-research-reports/2025-2026-cds.pdf,https://www.collegedata.fyi/schools/university-of-scranton/2025-26
215929,2025,early_decision_1,false,,,,,https://www.scranton.edu/pir/institutional-research/institutional-research-reports/2025-2026-cds.pdf,https://www.collegedata.fyi/schools/university-of-scranton/2025-26
215929,2025,priority,true,3,1,,,https://www.scranton.edu/pir/institutional-research/institutional-research-reports/2025-2026-cds.pdf,https://www.collegedata.fyi/schools/university-of-scranton/2025-26
215929,2025,regular,true,8,1,,,https://www.scranton.edu/pir/institutional-research/institutional-research-reports/2025-2026-cds.pdf,https://www.collegedata.fyi/schools/university-of-scranton/2025-26
215929,2025,rolling,true,,,,,https://www.scranton.edu/pir/institutional-research/institutional-research-reports/2025-2026-cds.pdf,https://www.collegedata.fyi/schools/university-of-scranton/2025-26
216287,2025,early_action,false,,,,,https://www.swarthmore.edu/sites/default/files/assets/documents/institutional-effectiveness-research-assessment/Swarthmore-CDS-2025-26.pdf,https://www.collegedata.fyi/schools/swarthmore/2025-26
216287,2025,early_decision_1,true,11,15,12,16,https://www.swarthmore.edu/sites/default/files/assets/documents/institutional-effectiveness-research-assessment/Swarthmore-CDS-2025-26.pdf,https://www.collegedata.fyi/schools/swarthmore/2025-26
216287,2025,early_decision_2,true,1,4,2,15,https://www.swarthmore.edu/sites/default/files/assets/documents/institutional-effectiveness-research-assessment/Swarthmore-CDS-2025-26.pdf,https://www.collegedata.fyi/schools/swarthmore/2025-26
216287,2025,regular,true,1,4,4,1,https://www.swarthmore.edu/sites/default/files/assets/documents/institutional-effectiveness-research-assessment/Swarthmore-CDS-2025-26.pdf,https://www.collegedata.fyi/schools/swarthmore/2025-26
216597,2024,early_decision_1,true,,,,,https://drive.usercontent.google.com/download?id=1TJi4oOjU6bQQIdhnpeaPWgfwHb_tq_60&export=download,https://www.collegedata.fyi/schools/villanova-university/2024-25
216597,2024,early_decision_2,true,1,15,3,1,https://drive.usercontent.google.com/download?id=1TJi4oOjU6bQQIdhnpeaPWgfwHb_tq_60&export=download,https://www.collegedata.fyi/schools/villanova-university/2024-25
216764,2025,priority,true,2,1,,,https://www.wcupa.edu/deputy-provost/institutionalResearch/documents/CDS_2025-2026%20Final.pdf,https://www.collegedata.fyi/schools/west-chester-university-of-pennsylvania/2025-26
216764,2025,regular,false,,,,,https://www.wcupa.edu/deputy-provost/institutionalResearch/documents/CDS_2025-2026%20Final.pdf,https://www.collegedata.fyi/schools/west-chester-university-of-pennsylvania/2025-26
216931,2025,early_action,false,,,,,https://www.wilkes.edu/about-wilkes/offices-and-administration/institutional-research/_assets/Wilkes%20University%20CDS_2025-26.pdf,https://www.collegedata.fyi/schools/wilkes-university/2025-26
216931,2025,regular,false,,,,,https://www.wilkes.edu/about-wilkes/offices-and-administration/institutional-research/_assets/Wilkes%20University%20CDS_2025-26.pdf,https://www.collegedata.fyi/schools/wilkes-university/2025-26
216931,2025,rolling,true,,,,,https://www.wilkes.edu/about-wilkes/offices-and-administration/institutional-research/_assets/Wilkes%20University%20CDS_2025-26.pdf,https://www.collegedata.fyi/schools/wilkes-university/2025-26
217156,2024,early_action,true,,,,,https://oir.brown.edu/sites/default/files/2020-04/CDS_2024_2025.pdf,https://www.collegedata.fyi/schools/brown/2024-25
217156,2024,early_decision_1,true,,,,,https://oir.brown.edu/sites/default/files/2020-04/CDS_2024_2025.pdf,https://www.collegedata.fyi/schools/brown/2024-25
217420,2025,early_action,true,,,,,https://www.ric.edu/documents/common-data-set-2025-2026,https://www.collegedata.fyi/schools/rhode-island-college/2025-26
217484,2025,early_action,true,12,1,12,15,https://web.uri.edu/ir/wp-content/uploads/sites/276/CDS-PDF-2025-2026_fillablePDF.pdf,https://www.collegedata.fyi/schools/university-of-rhode-island/2025-26
217484,2025,early_decision_1,true,11,1,12,1,https://web.uri.edu/ir/wp-content/uploads/sites/276/CDS-PDF-2025-2026_fillablePDF.pdf,https://www.collegedata.fyi/schools/university-of-rhode-island/2025-26
217484,2025,regular,true,2,1,1,31,https://web.uri.edu/ir/wp-content/uploads/sites/276/CDS-PDF-2025-2026_fillablePDF.pdf,https://www.collegedata.fyi/schools/university-of-rhode-island/2025-26
217819,2024,early_decision_1,true,,,,,https://drive.usercontent.google.com/download?id=1Fn6DeJuD-KBiKm0rw6EC5oHwDGWdGtz3&export=download,https://www.collegedata.fyi/schools/college-of-charleston/2024-25
217819,2024,priority,true,11,1,,,https://drive.usercontent.google.com/download?id=1Fn6DeJuD-KBiKm0rw6EC5oHwDGWdGtz3&export=download,https://www.collegedata.fyi/schools/college-of-charleston/2024-25
217819,2024,regular,true,1,15,,,https://drive.usercontent.google.com/download?id=1Fn6DeJuD-KBiKm0rw6EC5oHwDGWdGtz3&export=download,https://www.collegedata.fyi/schools/college-of-charleston/2024-25
217864,2025,early_action,false,,,,,https://www.citadel.edu/institutional-research/wp-content/uploads/sites/75/CDS-2025-26-Excel_For-Website.xlsx,https://www.collegedata.fyi/schools/citadel-military-college-of-south-carolina/2025-26
217864,2025,early_decision_1,false,,,,,https://www.citadel.edu/institutional-research/wp-content/uploads/sites/75/CDS-2025-26-Excel_For-Website.xlsx,https://www.collegedata.fyi/schools/citadel-military-college-of-south-carolina/2025-26
217864,2025,regular,false,,,,,https://www.citadel.edu/institutional-research/wp-content/uploads/sites/75/CDS-2025-26-Excel_For-Website.xlsx,https://www.collegedata.fyi/schools/citadel-military-college-of-south-carolina/2025-26
217864,2025,rolling,true,,,,,https://www.citadel.edu/institutional-research/wp-content/uploads/sites/75/CDS-2025-26-Excel_For-Website.xlsx,https://www.collegedata.fyi/schools/citadel-military-college-of-south-carolina/2025-26
218645,2024,early_decision_1,false,,,,,https://drive.usercontent.google.com/download?id=1NL9FMDkvcWRsIrwu26wWK1w2cLsdr-C1&export=download,https://www.collegedata.fyi/schools/university-of-south-carolina-aiken/2024-25
218645,2024,priority,true,12,1,,,https://drive.usercontent.google.com/download?id=1NL9FMDkvcWRsIrwu26wWK1w2cLsdr-C1&export=download,https://www.collegedata.fyi/schools/university-of-south-carolina-aiken/2024-25
218645,2024,regular,true,12,1,,,https://drive.usercontent.google.com/download?id=1NL9FMDkvcWRsIrwu26wWK1w2cLsdr-C1&export=download,https://www.collegedata.fyi/schools/university-of-south-carolina-aiken/2024-25
218663,2024,early_decision_1,false,,,,,http://oiraa.dw.sc.edu/cds/cds2024/CDS_2024-2025.pdf,https://www.collegedata.fyi/schools/university-of-south-carolina-columbia/2024-25
218663,2024,priority,true,12,1,,,http://oiraa.dw.sc.edu/cds/cds2024/CDS_2024-2025.pdf,https://www.collegedata.fyi/schools/university-of-south-carolina-columbia/2024-25
218663,2024,regular,true,12,1,,,http://oiraa.dw.sc.edu/cds/cds2024/CDS_2024-2025.pdf,https://www.collegedata.fyi/schools/university-of-south-carolina-columbia/2024-25
218724,2024,early_decision_1,true,,,,,https://drive.usercontent.google.com/download?id=1hyAZ9FlsdI_z6JAY8ZiuulcTtLEwEWbe&export=download,https://www.collegedata.fyi/schools/coastal-carolina-university/2024-25
218724,2024,regular,true,2,1,,,https://drive.usercontent.google.com/download?id=1hyAZ9FlsdI_z6JAY8ZiuulcTtLEwEWbe&export=download,https://www.collegedata.fyi/schools/coastal-carolina-university/2024-25
218964,2025,early_action,false,,,,,https://www.winthrop.edu/uploadedFiles/institutional-effectiveness/cds202526.pdf,https://www.collegedata.fyi/schools/winthrop-university/2025-26
218964,2025,early_decision_1,false,,,,,https://www.winthrop.edu/uploadedFiles/institutional-effectiveness/cds202526.pdf,https://www.collegedata.fyi/schools/winthrop-university/2025-26
218964,2025,rolling,true,,,,,https://www.winthrop.edu/uploadedFiles/institutional-effectiveness/cds202526.pdf,https://www.collegedata.fyi/schools/winthrop-university/2025-26
219000,2025,early_action,false,,,,,https://www.augie.edu/sites/default/files/documents/2026-06/2025-2026-CDS.xlsx,https://www.collegedata.fyi/schools/augustana-university/2025-26
219000,2025,early_decision_1,false,,,,,https://www.augie.edu/sites/default/files/documents/2026-06/2025-2026-CDS.xlsx,https://www.collegedata.fyi/schools/augustana-university/2025-26
219000,2025,priority,true,5,1,,,https://www.augie.edu/sites/default/files/documents/2026-06/2025-2026-CDS.xlsx,https://www.collegedata.fyi/schools/augustana-university/2025-26
219000,2025,regular,false,,,,,https://www.augie.edu/sites/default/files/documents/2026-06/2025-2026-CDS.xlsx,https://www.collegedata.fyi/schools/augustana-university/2025-26
219000,2025,rolling,true,,,,,https://www.augie.edu/sites/default/files/documents/2026-06/2025-2026-CDS.xlsx,https://www.collegedata.fyi/schools/augustana-university/2025-26
219082,2025,regular,false,,,,,https://blogs.dsu.edu/wp-content/uploads/sites/19/2026/04/CDS_2025-2026-Dakota-State-University_for-Publication.pdf,https://www.collegedata.fyi/schools/dakota-state-university/2025-26
219602,2025,early_decision_1,true,,,,,https://www.apsu.edu/institutional-research/files/common-data-set-2025-2026.pdf,https://www.collegedata.fyi/schools/austin-peay-state-university/2025-26
219709,2024,regular,false,,,,,https://drive.usercontent.google.com/download?id=1S3YOAXK782hvRvBduoIGgF02dXedYafp&export=download,https://www.collegedata.fyi/schools/belmont-university/2024-25
221351,2025,early_action,true,11,15,1,15,https://www.rhodes.edu/sites/default/files/2026-05/CDS_2025-26_(New_Update).xlsx,https://www.collegedata.fyi/schools/rhodes-college/2025-26
221351,2025,early_decision_1,true,11,1,11,15,https://www.rhodes.edu/sites/default/files/2026-05/CDS_2025-26_(New_Update).xlsx,https://www.collegedata.fyi/schools/rhodes-college/2025-26
221351,2025,early_decision_2,true,1,15,2,1,https://www.rhodes.edu/sites/default/files/2026-05/CDS_2025-26_(New_Update).xlsx,https://www.collegedata.fyi/schools/rhodes-college/2025-26
221351,2025,priority,true,11,15,,,https://www.rhodes.edu/sites/default/files/2026-05/CDS_2025-26_(New_Update).xlsx,https://www.collegedata.fyi/schools/rhodes-college/2025-26
221351,2025,regular,true,1,15,3,15,https://www.rhodes.edu/sites/default/files/2026-05/CDS_2025-26_(New_Update).xlsx,https://www.collegedata.fyi/schools/rhodes-college/2025-26
221759,2025,priority,true,11,1,,,https://irsa.utk.edu/wp-content/uploads/sites/5/2026/07/CDS_2025-26_All__-1.pdf,https://www.collegedata.fyi/schools/the-university-of-tennessee-knoxville/2025-26
221759,2025,regular,true,12,15,3,9,https://irsa.utk.edu/wp-content/uploads/sites/5/2026/07/CDS_2025-26_All__-1.pdf,https://www.collegedata.fyi/schools/the-university-of-tennessee-knoxville/2025-26
221847,2025,early_action,false,,,,,https://www.tntech.edu/iare/pdf/institutional_research/CDS-PDF-2025-2026_ADA.pdf,https://www.collegedata.fyi/schools/tennessee-technological-university/2025-26
221847,2025,regular,false,,,,,https://www.tntech.edu/iare/pdf/institutional_research/CDS-PDF-2025-2026_ADA.pdf,https://www.collegedata.fyi/schools/tennessee-technological-university/2025-26
221999,2025,early_action,false,,,,,https://cdn.vanderbilt.edu/vu-wpfsx/wp-content/uploads/sites/70/2026/07/CDS_2025-2026.xlsx,https://www.collegedata.fyi/schools/vanderbilt/2025-26
221999,2025,early_decision_1,true,,,,,https://cdn.vanderbilt.edu/vu-wpfsx/wp-content/uploads/sites/70/2026/07/CDS_2025-2026.xlsx,https://www.collegedata.fyi/schools/vanderbilt/2025-26
221999,2025,regular,true,,,,,https://cdn.vanderbilt.edu/vu-wpfsx/wp-content/uploads/sites/70/2026/07/CDS_2025-2026.xlsx,https://www.collegedata.fyi/schools/vanderbilt/2025-26
222983,2025,early_action,true,,,,,https://resources.finalsite.net/images/v1787333926/austincollegeedu/austincollegeedu/qfseyvgfiugcabtgawum/CDS_2025-2026.pdf,https://www.collegedata.fyi/schools/austin-college/2025-26
222983,2025,early_decision_1,false,,,,,https://resources.finalsite.net/images/v1787333926/austincollegeedu/austincollegeedu/qfseyvgfiugcabtgawum/CDS_2025-2026.pdf,https://www.collegedata.fyi/schools/austin-college/2025-26
222983,2025,priority,true,11,1,,,https://resources.finalsite.net/images/v1787333926/austincollegeedu/austincollegeedu/qfseyvgfiugcabtgawum/CDS_2025-2026.pdf,https://www.collegedata.fyi/schools/austin-college/2025-26
222983,2025,regular,true,3,1,,,https://resources.finalsite.net/images/v1787333926/austincollegeedu/austincollegeedu/qfseyvgfiugcabtgawum/CDS_2025-2026.pdf,https://www.collegedata.fyi/schools/austin-college/2025-26
222983,2025,rolling,true,,,,,https://resources.finalsite.net/images/v1787333926/austincollegeedu/austincollegeedu/qfseyvgfiugcabtgawum/CDS_2025-2026.pdf,https://www.collegedata.fyi/schools/austin-college/2025-26
224147,2025,regular,true,,,,,https://www.tamucc.edu/president/pir/cds_files/cds_2025-2026-final3.pdf,https://www.collegedata.fyi/schools/texas-a-and-m-university-corpus-christi/2025-26
224554,2025,early_action,false,,,,,https://www.etamu.edu/wp-content/uploads/2026/07/CDS_2025-2026-2.pdf,https://www.collegedata.fyi/schools/texas-a-and-m-university-commerce/2025-26
224554,2025,early_decision_1,false,,,,,https://www.etamu.edu/wp-content/uploads/2026/07/CDS_2025-2026-2.pdf,https://www.collegedata.fyi/schools/texas-a-and-m-university-commerce/2025-26
224554,2025,priority,true,6,1,,,https://www.etamu.edu/wp-content/uploads/2026/07/CDS_2025-2026-2.pdf,https://www.collegedata.fyi/schools/texas-a-and-m-university-commerce/2025-26
224554,2025,regular,true,8,15,10,1,https://www.etamu.edu/wp-content/uploads/2026/07/CDS_2025-2026-2.pdf,https://www.collegedata.fyi/schools/texas-a-and-m-university-commerce/2025-26
225399,2025,early_decision_1,true,,,,,https://hc.edu/publications/IRE/ire2526/HCU-CDS-2025-2026_PDF_Publish_07-17-2026.pdf,https://www.collegedata.fyi/schools/houston-christian-university/2025-26
225432,2025,early_action,false,,,,,https://www.uhd.edu/documents/provost/ie/institutional-research/common-data-set/cds-2025-2026.pdf,https://www.collegedata.fyi/schools/university-of-houston-downtown/2025-26
225432,2025,early_decision_1,false,,,,,https://www.uhd.edu/documents/provost/ie/institutional-research/common-data-set/cds-2025-2026.pdf,https://www.collegedata.fyi/schools/university-of-houston-downtown/2025-26
225432,2025,regular,true,6,1,,,https://www.uhd.edu/documents/provost/ie/institutional-research/common-data-set/cds-2025-2026.pdf,https://www.collegedata.fyi/schools/university-of-houston-downtown/2025-26
225511,2025,early_action,false,,,,,https://www.uh.edu/ir/reports/common-data-sets/cds-data/common_data_set_2025-2026_final.xlsx,https://www.collegedata.fyi/schools/university-of-houston/2025-26
225511,2025,early_decision_1,false,,,,,https://www.uh.edu/ir/reports/common-data-sets/cds-data/common_data_set_2025-2026_final.xlsx,https://www.collegedata.fyi/schools/university-of-houston/2025-26
225511,2025,priority,true,11,3,,,https://www.uh.edu/ir/reports/common-data-sets/cds-data/common_data_set_2025-2026_final.xlsx,https://www.collegedata.fyi/schools/university-of-houston/2025-26
225511,2025,regular,true,6,1,,,https://www.uh.edu/ir/reports/common-data-sets/cds-data/common_data_set_2025-2026_final.xlsx,https://www.collegedata.fyi/schools/university-of-houston/2025-26
225511,2025,rolling,true,,,,,https://www.uh.edu/ir/reports/common-data-sets/cds-data/common_data_set_2025-2026_final.xlsx,https://www.collegedata.fyi/schools/university-of-houston/2025-26
225627,2024,early_decision_1,false,,,,,https://my.uiw.edu/ir/_docs/cds-24-25.pdf,https://www.collegedata.fyi/schools/university-of-the-incarnate-word/2024-25
227182,2025,early_action,true,,,,,https://www.lonestar.edu/departments/institutionaleffectiveness/Lone-Star-College-CDS-PDF-2025-2026_PDF_Final_2.pdf,https://www.collegedata.fyi/schools/lone-star-college-system/2025-26
227757,2025,early_action,false,,,,,https://ideas.rice.edu/wp-content/uploads/2026/08/CDS_2025-26_WEBSITE_Updated_8-3-2026.pdf,https://www.collegedata.fyi/schools/rice/2025-26
227757,2025,early_decision_1,true,,,,,https://ideas.rice.edu/wp-content/uploads/2026/08/CDS_2025-26_WEBSITE_Updated_8-3-2026.pdf,https://www.collegedata.fyi/schools/rice/2025-26
227757,2025,early_decision_2,true,1,4,,,https://ideas.rice.edu/wp-content/uploads/2026/08/CDS_2025-26_WEBSITE_Updated_8-3-2026.pdf,https://www.collegedata.fyi/schools/rice/2025-26
227757,2025,regular,true,1,4,4,1,https://ideas.rice.edu/wp-content/uploads/2026/08/CDS_2025-26_WEBSITE_Updated_8-3-2026.pdf,https://www.collegedata.fyi/schools/rice/2025-26
228431,2024,early_decision_1,false,,,,,https://www.sfasu.edu/docs/institutional-research/common-data-set-complete-24-25.pdf,https://www.collegedata.fyi/schools/stephen-f-austin-state-university/2024-25
228431,2024,rolling,true,,,,,https://www.sfasu.edu/docs/institutional-research/common-data-set-complete-24-25.pdf,https://www.collegedata.fyi/schools/stephen-f-austin-state-university/2024-25
228705,2024,priority,true,8,1,,,https://www.tamuk.edu/pes/_files_oir/CDS_reports/2024-2025_TAMUK_CDS.pdf,https://www.collegedata.fyi/schools/texas-a-and-m-university-kingsville/2024-25
228705,2024,regular,true,8,25,,,https://www.tamuk.edu/pes/_files_oir/CDS_reports/2024-2025_TAMUK_CDS.pdf,https://www.collegedata.fyi/schools/texas-a-and-m-university-kingsville/2024-25
228723,2025,early_action,true,10,15,,,https://abpa.tamu.edu/getattachment/3ef3380e-0c01-4ac3-bad5-185eb51fa208/CDS-PDF-2025-2026_TAMU_FINAL.pdf,https://www.collegedata.fyi/schools/texas-am/2025-26
228723,2025,early_decision_1,false,,,,,https://abpa.tamu.edu/getattachment/3ef3380e-0c01-4ac3-bad5-185eb51fa208/CDS-PDF-2025-2026_TAMU_FINAL.pdf,https://www.collegedata.fyi/schools/texas-am/2025-26
228723,2025,regular,true,12,1,12,15,https://abpa.tamu.edu/getattachment/3ef3380e-0c01-4ac3-bad5-185eb51fa208/CDS-PDF-2025-2026_TAMU_FINAL.pdf,https://www.collegedata.fyi/schools/texas-am/2025-26
228778,2024,early_decision_1,false,,,,,https://drive.usercontent.google.com/download?id=1IfM-WLguczkEG1sfDhg4OhihHeQkchY9&export=download,https://www.collegedata.fyi/schools/ut-austin/2024-25
228778,2024,priority,true,10,15,,,https://drive.usercontent.google.com/download?id=1IfM-WLguczkEG1sfDhg4OhihHeQkchY9&export=download,https://www.collegedata.fyi/schools/ut-austin/2024-25
228778,2024,regular,true,12,1,2,15,https://drive.usercontent.google.com/download?id=1IfM-WLguczkEG1sfDhg4OhihHeQkchY9&export=download,https://www.collegedata.fyi/schools/ut-austin/2024-25
228787,2024,early_decision_1,false,,,,,https://drive.usercontent.google.com/download?id=1cigaguVyYb-5dDGoizNviBdvfunLmx4n&export=download,https://www.collegedata.fyi/schools/the-university-of-texas-at-dallas/2024-25
228787,2024,rolling,true,,,,,https://drive.usercontent.google.com/download?id=1cigaguVyYb-5dDGoizNviBdvfunLmx4n&export=download,https://www.collegedata.fyi/schools/the-university-of-texas-at-dallas/2024-25
228802,2025,early_action,false,,,,,https://www.uttyler.edu/offices/information-analysis/files/cds-2025-26-20260418.pdf,https://www.collegedata.fyi/schools/the-university-of-texas-at-tyler/2025-26
228802,2025,early_decision_1,false,,,,,https://www.uttyler.edu/offices/information-analysis/files/cds-2025-26-20260418.pdf,https://www.collegedata.fyi/schools/the-university-of-texas-at-tyler/2025-26
228802,2025,priority,true,5,1,,,https://www.uttyler.edu/offices/information-analysis/files/cds-2025-26-20260418.pdf,https://www.collegedata.fyi/schools/the-university-of-texas-at-tyler/2025-26
228802,2025,regular,true,8,21,,,https://www.uttyler.edu/offices/information-analysis/files/cds-2025-26-20260418.pdf,https://www.collegedata.fyi/schools/the-university-of-texas-at-tyler/2025-26
228802,2025,rolling,true,,,,,https://www.uttyler.edu/offices/information-analysis/files/cds-2025-26-20260418.pdf,https://www.collegedata.fyi/schools/the-university-of-texas-at-tyler/2025-26
228875,2025,early_action,true,,,,,https://ir.tcu.edu/wp-content/uploads/2026/03/CDS-2025-26-TCU.pdf,https://www.collegedata.fyi/schools/texas-christian-university/2025-26
228875,2025,early_decision_1,true,,,,,https://ir.tcu.edu/wp-content/uploads/2026/03/CDS-2025-26-TCU.pdf,https://www.collegedata.fyi/schools/texas-christian-university/2025-26
228875,2025,early_decision_2,true,2,1,3,15,https://ir.tcu.edu/wp-content/uploads/2026/03/CDS-2025-26-TCU.pdf,https://www.collegedata.fyi/schools/texas-christian-university/2025-26
228875,2025,priority,true,1,1,,,https://ir.tcu.edu/wp-content/uploads/2026/03/CDS-2025-26-TCU.pdf,https://www.collegedata.fyi/schools/texas-christian-university/2025-26
228875,2025,regular,true,2,1,4,1,https://ir.tcu.edu/wp-content/uploads/2026/03/CDS-2025-26-TCU.pdf,https://www.collegedata.fyi/schools/texas-christian-university/2025-26
229179,2024,early_decision_1,false,,,,,https://twu.edu/media/documents/irdm/CDS_2024-2025_v2.pdf,https://www.collegedata.fyi/schools/texas-womans-university/2024-25
229179,2024,priority,true,3,1,,,https://twu.edu/media/documents/irdm/CDS_2024-2025_v2.pdf,https://www.collegedata.fyi/schools/texas-womans-university/2024-25
229407,2025,early_action,false,,,,,https://www.uh.edu/ir/reports/common-data-sets/cds-data/common_data_set_2025-2026_final.xlsx,https://www.collegedata.fyi/schools/university-of-houston-system-administration/2025-26
229407,2025,early_decision_1,false,,,,,https://www.uh.edu/ir/reports/common-data-sets/cds-data/common_data_set_2025-2026_final.xlsx,https://www.collegedata.fyi/schools/university-of-houston-system-administration/2025-26
229407,2025,priority,true,11,3,,,https://www.uh.edu/ir/reports/common-data-sets/cds-data/common_data_set_2025-2026_final.xlsx,https://www.collegedata.fyi/schools/university-of-houston-system-administration/2025-26
229407,2025,regular,true,6,1,,,https://www.uh.edu/ir/reports/common-data-sets/cds-data/common_data_set_2025-2026_final.xlsx,https://www.collegedata.fyi/schools/university-of-houston-system-administration/2025-26
229407,2025,rolling,true,,,,,https://www.uh.edu/ir/reports/common-data-sets/cds-data/common_data_set_2025-2026_final.xlsx,https://www.collegedata.fyi/schools/university-of-houston-system-administration/2025-26
229814,2024,early_action,false,,,,,https://www.wtamu.edu/_files/docs/academics/Institutional%20Research/CDS.pdf,https://www.collegedata.fyi/schools/west-texas-a-and-m-university/2024-25
229814,2024,early_decision_1,false,,,,,https://www.wtamu.edu/_files/docs/academics/Institutional%20Research/CDS.pdf,https://www.collegedata.fyi/schools/west-texas-a-and-m-university/2024-25
229814,2024,priority,true,8,1,,,https://www.wtamu.edu/_files/docs/academics/Institutional%20Research/CDS.pdf,https://www.collegedata.fyi/schools/west-texas-a-and-m-university/2024-25
229814,2024,regular,true,8,1,9,1,https://www.wtamu.edu/_files/docs/academics/Institutional%20Research/CDS.pdf,https://www.collegedata.fyi/schools/west-texas-a-and-m-university/2024-25
230038,2025,early_action,false,,,,,https://data.byu.edu/0000019d-e4b4-df27-a1df-eef579b00001/cds-2025-2026-pdf,https://www.collegedata.fyi/schools/brigham-young-university/2025-26
230038,2025,early_decision_1,false,,,,,https://data.byu.edu/0000019d-e4b4-df27-a1df-eef579b00001/cds-2025-2026-pdf,https://www.collegedata.fyi/schools/brigham-young-university/2025-26
230038,2025,priority,true,11,1,,,https://data.byu.edu/0000019d-e4b4-df27-a1df-eef579b00001/cds-2025-2026-pdf,https://www.collegedata.fyi/schools/brigham-young-university/2025-26
230038,2025,regular,true,12,16,2,15,https://data.byu.edu/0000019d-e4b4-df27-a1df-eef579b00001/cds-2025-2026-pdf,https://www.collegedata.fyi/schools/brigham-young-university/2025-26
230728,2025,early_action,false,,,,,https://www.usu.edu/oda/files/common-data-sets/CDS2025-26.pdf,https://www.collegedata.fyi/schools/utah-state-university/2025-26
230728,2025,early_decision_1,false,,,,,https://www.usu.edu/oda/files/common-data-sets/CDS2025-26.pdf,https://www.collegedata.fyi/schools/utah-state-university/2025-26
230728,2025,regular,false,,,,,https://www.usu.edu/oda/files/common-data-sets/CDS2025-26.pdf,https://www.collegedata.fyi/schools/utah-state-university/2025-26
230764,2025,early_action,true,12,1,1,15,https://data.utah.edu/wp-content/uploads/2026/08/CDS_2025-2026.pdf,https://www.collegedata.fyi/schools/university-of-utah/2025-26
230764,2025,early_decision_1,false,,,,,https://data.utah.edu/wp-content/uploads/2026/08/CDS_2025-2026.pdf,https://www.collegedata.fyi/schools/university-of-utah/2025-26
230764,2025,priority,true,12,1,,,https://data.utah.edu/wp-content/uploads/2026/08/CDS_2025-2026.pdf,https://www.collegedata.fyi/schools/university-of-utah/2025-26
230764,2025,regular,true,4,1,1,15,https://data.utah.edu/wp-content/uploads/2026/08/CDS_2025-2026.pdf,https://www.collegedata.fyi/schools/university-of-utah/2025-26
230807,2025,early_action,true,12,1,12,1,https://westminsteru.edu/_resources/files/default-source/common-data-set-2025-2026.xlsx,https://www.collegedata.fyi/schools/westminster-university/2025-26
230807,2025,early_decision_1,false,,,,,https://westminsteru.edu/_resources/files/default-source/common-data-set-2025-2026.xlsx,https://www.collegedata.fyi/schools/westminster-university/2025-26
230807,2025,priority,true,5,1,,,https://westminsteru.edu/_resources/files/default-source/common-data-set-2025-2026.xlsx,https://www.collegedata.fyi/schools/westminster-university/2025-26
230807,2025,regular,true,8,1,,,https://westminsteru.edu/_resources/files/default-source/common-data-set-2025-2026.xlsx,https://www.collegedata.fyi/schools/westminster-university/2025-26
230807,2025,rolling,true,,,,,https://westminsteru.edu/_resources/files/default-source/common-data-set-2025-2026.xlsx,https://www.collegedata.fyi/schools/westminster-university/2025-26
230959,2024,early_decision_1,true,,,,,https://drive.usercontent.google.com/download?id=1h-ek-1m3tiN70uCse2JRNZMl5dJs6mQB&export=download,https://www.collegedata.fyi/schools/middlebury-college/2024-25
230959,2024,priority,true,1,1,,,https://drive.usercontent.google.com/download?id=1h-ek-1m3tiN70uCse2JRNZMl5dJs6mQB&export=download,https://www.collegedata.fyi/schools/middlebury-college/2024-25
230959,2024,regular,true,1,1,,,https://drive.usercontent.google.com/download?id=1h-ek-1m3tiN70uCse2JRNZMl5dJs6mQB&export=download,https://www.collegedata.fyi/schools/middlebury-college/2024-25
231174,2025,early_action,true,,,,,https://www.uvm.edu/d10-files/documents/2026-06/CDS_2025-2026_C.pdf,https://www.collegedata.fyi/schools/university-of-vermont/2025-26
231174,2025,early_decision_1,true,,,,,https://www.uvm.edu/d10-files/documents/2026-06/CDS_2025-2026_C.pdf,https://www.collegedata.fyi/schools/university-of-vermont/2025-26
231174,2025,regular,true,1,15,,,https://www.uvm.edu/d10-files/documents/2026-06/CDS_2025-2026_C.pdf,https://www.collegedata.fyi/schools/university-of-vermont/2025-26
231624,2025,early_action,false,,,,,https://www.wm.edu/offices/ir/university_data/cds/cds_2025-26_a1.pdf,https://www.collegedata.fyi/schools/william-and-mary/2025-26
231624,2025,early_decision_1,true,11,1,,,https://www.wm.edu/offices/ir/university_data/cds/cds_2025-26_a1.pdf,https://www.collegedata.fyi/schools/william-and-mary/2025-26
231624,2025,early_decision_2,true,1,5,2,1,https://www.wm.edu/offices/ir/university_data/cds/cds_2025-26_a1.pdf,https://www.collegedata.fyi/schools/william-and-mary/2025-26
231624,2025,regular,true,1,5,,,https://www.wm.edu/offices/ir/university_data/cds/cds_2025-26_a1.pdf,https://www.collegedata.fyi/schools/william-and-mary/2025-26
231970,2025,early_action,true,,,,,https://www.odu.edu/sites/default/files/2026/documents/cds-2025-2026.pdf,https://www.collegedata.fyi/schools/eastern-virginia-medical-school/2025-26
231970,2025,priority,true,12,1,,,https://www.odu.edu/sites/default/files/2026/documents/cds-2025-2026.pdf,https://www.collegedata.fyi/schools/eastern-virginia-medical-school/2025-26
231970,2025,regular,true,2,1,,,https://www.odu.edu/sites/default/files/2026/documents/cds-2025-2026.pdf,https://www.collegedata.fyi/schools/eastern-virginia-medical-school/2025-26
231970,2025,rolling,true,,,,,https://www.odu.edu/sites/default/files/2026/documents/cds-2025-2026.pdf,https://www.collegedata.fyi/schools/eastern-virginia-medical-school/2025-26
232043,2025,early_decision_1,true,,,,,https://emu.edu/ir/docs/EMU%20CDS%202025-2026%20public.pdf,https://www.collegedata.fyi/schools/eastern-mennonite-university/2025-26
232308,2025,early_action,true,11,15,12,1,https://www.hollins.edu/wp-content/uploads/2026/07/CDS-2025-2026-Hollins-University.pdf,https://www.collegedata.fyi/schools/hollins-university/2025-26
232308,2025,early_decision_1,true,11,1,11,5,https://www.hollins.edu/wp-content/uploads/2026/07/CDS-2025-2026-Hollins-University.pdf,https://www.collegedata.fyi/schools/hollins-university/2025-26
232308,2025,priority,true,1,1,,,https://www.hollins.edu/wp-content/uploads/2026/07/CDS-2025-2026-Hollins-University.pdf,https://www.collegedata.fyi/schools/hollins-university/2025-26
232308,2025,regular,true,7,1,11,1,https://www.hollins.edu/wp-content/uploads/2026/07/CDS-2025-2026-Hollins-University.pdf,https://www.collegedata.fyi/schools/hollins-university/2025-26
232982,2025,early_action,true,,,,,https://www.odu.edu/sites/default/files/2026/documents/cds-2025-2026.pdf,https://www.collegedata.fyi/schools/old-dominion-university/2025-26
232982,2025,priority,true,12,1,,,https://www.odu.edu/sites/default/files/2026/documents/cds-2025-2026.pdf,https://www.collegedata.fyi/schools/old-dominion-university/2025-26
232982,2025,regular,true,2,1,,,https://www.odu.edu/sites/default/files/2026/documents/cds-2025-2026.pdf,https://www.collegedata.fyi/schools/old-dominion-university/2025-26
232982,2025,rolling,true,,,,,https://www.odu.edu/sites/default/files/2026/documents/cds-2025-2026.pdf,https://www.collegedata.fyi/schools/old-dominion-university/2025-26
233277,2025,regular,true,,,,,https://www.radford.edu/institutional-research/_documents/cds-2025.pdf,https://www.collegedata.fyi/schools/radford-university/2025-26
233374,2024,early_decision_1,true,,,,,https://drive.usercontent.google.com/download?id=1H7OYRSCi-ZdQoFbAGqs-mG5_SORO5DRH&export=download,https://www.collegedata.fyi/schools/university-of-richmond/2024-25
233374,2024,regular,true,1,1,,,https://drive.usercontent.google.com/download?id=1H7OYRSCi-ZdQoFbAGqs-mG5_SORO5DRH&export=download,https://www.collegedata.fyi/schools/university-of-richmond/2024-25
233921,2024,early_action,true,2,22,,,https://doc-0g-60-sheets.googleusercontent.com/export/54bogvaave6cua4cdnls17ksc4/6lnn7pchv8k3mg4q0h9rudfoa4/1776620200000/105250506097979753968/*/1KnGBhS5hVKwDzlbRnoZt0YlAKfBVHX6x?format=xlsx,https://www.collegedata.fyi/schools/virginia-polytechnic-institute-and-state-university/2024-25
233921,2024,regular,true,3,1,,,https://doc-0g-60-sheets.googleusercontent.com/export/54bogvaave6cua4cdnls17ksc4/6lnn7pchv8k3mg4q0h9rudfoa4/1776620200000/105250506097979753968/*/1KnGBhS5hVKwDzlbRnoZt0YlAKfBVHX6x?format=xlsx,https://www.collegedata.fyi/schools/virginia-polytechnic-institute-and-state-university/2024-25
234076,2024,early_action,true,,,,,https://ira.virginia.edu/sites/ira/files/2025-03/CDS_2024-2025_508.pdf,https://www.collegedata.fyi/schools/uva/2024-25
234076,2024,early_decision_1,true,,,,,https://ira.virginia.edu/sites/ira/files/2025-03/CDS_2024-2025_508.pdf,https://www.collegedata.fyi/schools/uva/2024-25
234085,2025,early_decision_1,true,,,,,https://www.vmi.edu/wp-content/uploads/2026/06/CDS-2025-26-Tuition-Update.pdf,https://www.collegedata.fyi/schools/virginia-military-institute/2025-26
234085,2025,regular,true,,,,,https://www.vmi.edu/wp-content/uploads/2026/06/CDS-2025-26-Tuition-Update.pdf,https://www.collegedata.fyi/schools/virginia-military-institute/2025-26
234207,2024,early_decision_1,false,,,,,https://drive.usercontent.google.com/download?id=1_K2Y0eIfYNKULckC9h51h_FeGqJ0GyC7&export=download,https://www.collegedata.fyi/schools/washington-and-lee/2024-25
234207,2024,regular,true,1,1,4,1,https://drive.usercontent.google.com/download?id=1_K2Y0eIfYNKULckC9h51h_FeGqJ0GyC7&export=download,https://www.collegedata.fyi/schools/washington-and-lee/2024-25
235097,2025,early_action,false,,,,,https://inside.ewu.edu/institutional-research/wp-content/uploads/sites/65/2026/05/CDS-EWU-2025-2026-FINAL.pdf,https://www.collegedata.fyi/schools/eastern-washington-university/2025-26
235097,2025,early_decision_1,false,,,,,https://inside.ewu.edu/institutional-research/wp-content/uploads/sites/65/2026/05/CDS-EWU-2025-2026-FINAL.pdf,https://www.collegedata.fyi/schools/eastern-washington-university/2025-26
235097,2025,priority,true,2,1,,,https://inside.ewu.edu/institutional-research/wp-content/uploads/sites/65/2026/05/CDS-EWU-2025-2026-FINAL.pdf,https://www.collegedata.fyi/schools/eastern-washington-university/2025-26
235097,2025,regular,true,9,1,,,https://inside.ewu.edu/institutional-research/wp-content/uploads/sites/65/2026/05/CDS-EWU-2025-2026-FINAL.pdf,https://www.collegedata.fyi/schools/eastern-washington-university/2025-26
235167,2024,priority,true,12,1,,,https://www.evergreen.edu/sites/default/files/2026-04/2025-2026_Common_Data_Set_Evergreen.pdf,https://www.collegedata.fyi/schools/the-evergreen-state-college/2024-25
235167,2024,regular,true,9,1,,,https://www.evergreen.edu/sites/default/files/2026-04/2025-2026_Common_Data_Set_Evergreen.pdf,https://www.collegedata.fyi/schools/the-evergreen-state-college/2024-25
236328,2024,early_decision_1,true,,,,,https://drive.usercontent.google.com/download?id=1OaFaCV_d54yJCHVUmPKSu6C7Rermnahs&export=download,https://www.collegedata.fyi/schools/university-of-puget-sound/2024-25
236328,2024,regular,true,,,4,1,https://drive.usercontent.google.com/download?id=1OaFaCV_d54yJCHVUmPKSu6C7Rermnahs&export=download,https://www.collegedata.fyi/schools/university-of-puget-sound/2024-25
236948,2025,early_action,false,,,,,https://cdn.uw.edu/wp-content/uploads/sites/162/2026/02/27111247/CDS_2025-2026_Seattle.pdf,https://www.collegedata.fyi/schools/uw/2025-26
236948,2025,early_decision_1,false,,,,,https://cdn.uw.edu/wp-content/uploads/sites/162/2026/02/27111247/CDS_2025-2026_Seattle.pdf,https://www.collegedata.fyi/schools/uw/2025-26
236948,2025,regular,true,11,15,3,15,https://cdn.uw.edu/wp-content/uploads/sites/162/2026/02/27111247/CDS_2025-2026_Seattle.pdf,https://www.collegedata.fyi/schools/uw/2025-26
237011,2025,early_action,true,,,,,https://bpb-us-e1.wpmucdn.com/wp.wwu.edu/dist/d/4572/files/2026/02/CDS_2025-26.pdf,https://www.collegedata.fyi/schools/western-washington-university/2025-26
237011,2025,regular,true,1,31,,,https://bpb-us-e1.wpmucdn.com/wp.wwu.edu/dist/d/4572/files/2026/02/CDS_2025-26.pdf,https://www.collegedata.fyi/schools/western-washington-university/2025-26
237011,2025,rolling,true,,,,,https://bpb-us-e1.wpmucdn.com/wp.wwu.edu/dist/d/4572/files/2026/02/CDS_2025-26.pdf,https://www.collegedata.fyi/schools/western-washington-university/2025-26
237057,2024,early_decision_1,true,,,,,https://drive.usercontent.google.com/download?id=1IPdvZGD-gzDYjb8QUWKuj8UgZk-wgpFr&export=download,https://www.collegedata.fyi/schools/whitman-college/2024-25
237057,2024,priority,true,11,15,,,https://drive.usercontent.google.com/download?id=1IPdvZGD-gzDYjb8QUWKuj8UgZk-wgpFr&export=download,https://www.collegedata.fyi/schools/whitman-college/2024-25
237057,2024,regular,true,1,15,,,https://drive.usercontent.google.com/download?id=1IPdvZGD-gzDYjb8QUWKuj8UgZk-wgpFr&export=download,https://www.collegedata.fyi/schools/whitman-college/2024-25
237330,2024,early_decision_1,false,,,,,https://www.concord.edu/wp-content/uploads/CDS_2024-2025_ConcordUniversity.pdf,https://www.collegedata.fyi/schools/concord-university/2024-25
238333,2025,early_action,false,,,,,https://www.beloit.edu/live/files/1104-common-data-set-cds-2025-26,https://www.collegedata.fyi/schools/beloit-college/2025-26
238333,2025,priority,true,3,1,,,https://www.beloit.edu/live/files/1104-common-data-set-cds-2025-26,https://www.collegedata.fyi/schools/beloit-college/2025-26
238333,2025,regular,false,,,,,https://www.beloit.edu/live/files/1104-common-data-set-cds-2025-26,https://www.collegedata.fyi/schools/beloit-college/2025-26
238333,2025,rolling,true,,,,,https://www.beloit.edu/live/files/1104-common-data-set-cds-2025-26,https://www.collegedata.fyi/schools/beloit-college/2025-26
239105,2024,regular,true,,,,,https://www.marquette.edu/academic-effectiveness/institutional-research-analysis/documents/cds-2024-2025_final.pdf,https://www.collegedata.fyi/schools/marquette-university/2024-25
239318,2025,early_action,false,,,,,https://msoe.s3.amazonaws.com/files/resources/cds-final-pdf-25-26-1.pdf,https://www.collegedata.fyi/schools/milwaukee-school-of-engineering/2025-26
239318,2025,early_decision_1,false,,,,,https://msoe.s3.amazonaws.com/files/resources/cds-final-pdf-25-26-1.pdf,https://www.collegedata.fyi/schools/milwaukee-school-of-engineering/2025-26
239318,2025,regular,false,,,,,https://msoe.s3.amazonaws.com/files/resources/cds-final-pdf-25-26-1.pdf,https://www.collegedata.fyi/schools/milwaukee-school-of-engineering/2025-26
239318,2025,rolling,true,,,,,https://msoe.s3.amazonaws.com/files/resources/cds-final-pdf-25-26-1.pdf,https://www.collegedata.fyi/schools/milwaukee-school-of-engineering/2025-26
240107,2025,early_action,false,,,,,https://www.viterbo.edu/sites/default/files/2026-04/vu_fa25_cds_final_20260416-a.pdf,https://www.collegedata.fyi/schools/viterbo-university/2025-26
240107,2025,early_decision_1,false,,,,,https://www.viterbo.edu/sites/default/files/2026-04/vu_fa25_cds_final_20260416-a.pdf,https://www.collegedata.fyi/schools/viterbo-university/2025-26
240107,2025,regular,false,,,7,1,https://www.viterbo.edu/sites/default/files/2026-04/vu_fa25_cds_final_20260416-a.pdf,https://www.collegedata.fyi/schools/viterbo-university/2025-26
240268,2025,early_action,false,,,,,https://www.uwec.edu/sites/default/files/2025-11/CDS2025-2026.pdf,https://www.collegedata.fyi/schools/university-of-wisconsin-eau-claire/2025-26
240268,2025,early_decision_1,false,,,,,https://www.uwec.edu/sites/default/files/2025-11/CDS2025-2026.pdf,https://www.collegedata.fyi/schools/university-of-wisconsin-eau-claire/2025-26
240268,2025,priority,true,2,1,,,https://www.uwec.edu/sites/default/files/2025-11/CDS2025-2026.pdf,https://www.collegedata.fyi/schools/university-of-wisconsin-eau-claire/2025-26
240268,2025,regular,true,8,1,,,https://www.uwec.edu/sites/default/files/2025-11/CDS2025-2026.pdf,https://www.collegedata.fyi/schools/university-of-wisconsin-eau-claire/2025-26
240268,2025,rolling,true,,,,,https://www.uwec.edu/sites/default/files/2025-11/CDS2025-2026.pdf,https://www.collegedata.fyi/schools/university-of-wisconsin-eau-claire/2025-26
240277,2025,early_action,false,,,,,https://www.uwgb.edu/getmedia/e4d65779-195e-47a8-95a8-b4e72bc34978/CDS-2025-2026.xlsx,https://www.collegedata.fyi/schools/university-of-wisconsin-green-bay/2025-26
240277,2025,early_decision_1,false,,,,,https://www.uwgb.edu/getmedia/e4d65779-195e-47a8-95a8-b4e72bc34978/CDS-2025-2026.xlsx,https://www.collegedata.fyi/schools/university-of-wisconsin-green-bay/2025-26
240277,2025,regular,false,,,,,https://www.uwgb.edu/getmedia/e4d65779-195e-47a8-95a8-b4e72bc34978/CDS-2025-2026.xlsx,https://www.collegedata.fyi/schools/university-of-wisconsin-green-bay/2025-26
240277,2025,rolling,true,,,,,https://www.uwgb.edu/getmedia/e4d65779-195e-47a8-95a8-b4e72bc34978/CDS-2025-2026.xlsx,https://www.collegedata.fyi/schools/university-of-wisconsin-green-bay/2025-26
240374,2024,early_decision_1,false,,,,,https://www.uwp.edu/wp-content/uploads/2026/07/CDS_2024-25-UW-Parkside.pdf,https://www.collegedata.fyi/schools/university-of-wisconsin-parkside/2024-25
240374,2024,rolling,true,,,,,https://www.uwp.edu/wp-content/uploads/2026/07/CDS_2024-25-UW-Parkside.pdf,https://www.collegedata.fyi/schools/university-of-wisconsin-parkside/2024-25
240444,2025,early_action,true,11,1,1,31,https://public.boxcloud.com/d/1/b1!kNqWWea0wSGRTofcvbk7aEwd5OOeyoTPeymUxF9WuitxIDjAWZUDy-EyUZ5VfzUb7MVfSLPhuUX2_04kirlTV_TLhlDuXTzvWooO31VVvntR5SfaJEi_5xXSFAlpdYrIOeazW3IVFUazeHhDGS7ijZkY1lcskLTGwCbe_hLkJxvX5btXF7E0LtD83txjn5lX-Wne9GeJI0YacDuqANDsvQZAuSSv_VCgkNobchTCQBA7GRlvfkPROx3uVbEg4-P1pFJvJ7uVfSyVUjwIeeYm_6tLIXHfynkxBh12219WkiEvQyxJ9Tlxf9z9jkMOntwDyPrrb_Mh6fvqoo_sfef2Kfl_VbCZMIOBeD27Nd6mgI9lIBVj3r3pmGGg4SRi4kTVRNKJIyZVxp5lTLvIo_hC7RkbQiw15nsbuWe1jAf7-88lIU1hO6tpzTbJKpw-MXmzF96LaZap8IIN9v3UEEPJPytno6YI_KY587uD0IwCTC_eITVKcOIhyVY2Hj4otLK0TUXmGWnGQ7EkFGpSSNV73XXksSZnNAxh-5N90THkuto0j6HE9caJL9I8vdF5GdP09sdiBjE8aUT_tISzqqegz-xuFUUXHWWsGLd7eDaM0HVQRxDsE2xV4LhSzmpfOa1Ts3WxLVqjRq3-cZvGpm4rI97cslQw-NGK33Pj7UIbyZma_FIPK8KCCPOJM6LB7aEsHch-W8k9pjdPhuav9k4Gei1thpWu57mMptyREzWjtXVPNJ2E-ASauVYQhaqhnxfkWk5-4Ymdr-O1yOCJAtpXn2qgDnrvIyZzrc3_GwfIwi2gXdcUfx4p_NdmSeTCMBiNjTGb4QWQnS-Z0eZcb8kFFqe0vB736OlkPGfba8XRiKzlYWwErUi591VW8zKx2JE5zYOWY6IAgqNeq0YMicRgKaPcKX34v0hE_AMv6HXoiEB_dH4R9hDYo3oytZIqfRRQoBP0TP2aVlDVwT6D6WLirkd86OVaHKpbG2CWmdVdUf3h7_RyQJp51D1ghqpK3XORng_sdWcf958Ado0d9-PKda2yWqR2yeivigkxezA8vlTjDv31nQ-fmsfDx1Y_fPCuRb1LAW5qdtcl7t-M9yES7rr5Upb2W41BT2Iit0Ht3t4ncIwnOoryh7FM2LDybCVfgtpdyLa_UQ1oqH1TTK8_bxskPnTUc1hfJmnJBGrx0qdO4AWQ9sxr25OPuFlU7j5LCA7hGActM6k_a-CsXv9URFkcIyqrYhgg92vQ_KAr38IZaGKUDpy3gx28GWXwruKQbYtoFRQyskXv_q3jRob__C5gKDKSl12jJQYGGbGCuo4cUod1fY03otU4KCVca3-RMJ9jOc-2qdCNns6n8Hus3ug6djwxzqiwSnjPzOZa1E8X6CgrDYvVHClu5xXLJCFtCwq8X-92t0N7YpkmONMxh3hXFyDHocBEBTn6sXjlC90Vf-vF-2rUEN2uJbQ_mKj9aK7yXuEIZMJxFSoWxddjbiGnX1mcmex3LQIVu9SP2irNtol7zQ0ZMURbGsAQZDVFxN2sYdOHK_j4ESC3QYyfszNzeJDAwryKIINbNk83I1rk6cy9TkXspTSvg7oCknAC9nJ7ZUfE8pqP4cYkhOw0JAer1jK2UnnggJf5wrF7YMs./download,https://www.collegedata.fyi/schools/uw-madison/2025-26
240444,2025,early_decision_1,false,,,,,https://public.boxcloud.com/d/1/b1!kNqWWea0wSGRTofcvbk7aEwd5OOeyoTPeymUxF9WuitxIDjAWZUDy-EyUZ5VfzUb7MVfSLPhuUX2_04kirlTV_TLhlDuXTzvWooO31VVvntR5SfaJEi_5xXSFAlpdYrIOeazW3IVFUazeHhDGS7ijZkY1lcskLTGwCbe_hLkJxvX5btXF7E0LtD83txjn5lX-Wne9GeJI0YacDuqANDsvQZAuSSv_VCgkNobchTCQBA7GRlvfkPROx3uVbEg4-P1pFJvJ7uVfSyVUjwIeeYm_6tLIXHfynkxBh12219WkiEvQyxJ9Tlxf9z9jkMOntwDyPrrb_Mh6fvqoo_sfef2Kfl_VbCZMIOBeD27Nd6mgI9lIBVj3r3pmGGg4SRi4kTVRNKJIyZVxp5lTLvIo_hC7RkbQiw15nsbuWe1jAf7-88lIU1hO6tpzTbJKpw-MXmzF96LaZap8IIN9v3UEEPJPytno6YI_KY587uD0IwCTC_eITVKcOIhyVY2Hj4otLK0TUXmGWnGQ7EkFGpSSNV73XXksSZnNAxh-5N90THkuto0j6HE9caJL9I8vdF5GdP09sdiBjE8aUT_tISzqqegz-xuFUUXHWWsGLd7eDaM0HVQRxDsE2xV4LhSzmpfOa1Ts3WxLVqjRq3-cZvGpm4rI97cslQw-NGK33Pj7UIbyZma_FIPK8KCCPOJM6LB7aEsHch-W8k9pjdPhuav9k4Gei1thpWu57mMptyREzWjtXVPNJ2E-ASauVYQhaqhnxfkWk5-4Ymdr-O1yOCJAtpXn2qgDnrvIyZzrc3_GwfIwi2gXdcUfx4p_NdmSeTCMBiNjTGb4QWQnS-Z0eZcb8kFFqe0vB736OlkPGfba8XRiKzlYWwErUi591VW8zKx2JE5zYOWY6IAgqNeq0YMicRgKaPcKX34v0hE_AMv6HXoiEB_dH4R9hDYo3oytZIqfRRQoBP0TP2aVlDVwT6D6WLirkd86OVaHKpbG2CWmdVdUf3h7_RyQJp51D1ghqpK3XORng_sdWcf958Ado0d9-PKda2yWqR2yeivigkxezA8vlTjDv31nQ-fmsfDx1Y_fPCuRb1LAW5qdtcl7t-M9yES7rr5Upb2W41BT2Iit0Ht3t4ncIwnOoryh7FM2LDybCVfgtpdyLa_UQ1oqH1TTK8_bxskPnTUc1hfJmnJBGrx0qdO4AWQ9sxr25OPuFlU7j5LCA7hGActM6k_a-CsXv9URFkcIyqrYhgg92vQ_KAr38IZaGKUDpy3gx28GWXwruKQbYtoFRQyskXv_q3jRob__C5gKDKSl12jJQYGGbGCuo4cUod1fY03otU4KCVca3-RMJ9jOc-2qdCNns6n8Hus3ug6djwxzqiwSnjPzOZa1E8X6CgrDYvVHClu5xXLJCFtCwq8X-92t0N7YpkmONMxh3hXFyDHocBEBTn6sXjlC90Vf-vF-2rUEN2uJbQ_mKj9aK7yXuEIZMJxFSoWxddjbiGnX1mcmex3LQIVu9SP2irNtol7zQ0ZMURbGsAQZDVFxN2sYdOHK_j4ESC3QYyfszNzeJDAwryKIINbNk83I1rk6cy9TkXspTSvg7oCknAC9nJ7ZUfE8pqP4cYkhOw0JAer1jK2UnnggJf5wrF7YMs./download,https://www.collegedata.fyi/schools/uw-madison/2025-26
240444,2025,priority,true,11,1,,,https://public.boxcloud.com/d/1/b1!kNqWWea0wSGRTofcvbk7aEwd5OOeyoTPeymUxF9WuitxIDjAWZUDy-EyUZ5VfzUb7MVfSLPhuUX2_04kirlTV_TLhlDuXTzvWooO31VVvntR5SfaJEi_5xXSFAlpdYrIOeazW3IVFUazeHhDGS7ijZkY1lcskLTGwCbe_hLkJxvX5btXF7E0LtD83txjn5lX-Wne9GeJI0YacDuqANDsvQZAuSSv_VCgkNobchTCQBA7GRlvfkPROx3uVbEg4-P1pFJvJ7uVfSyVUjwIeeYm_6tLIXHfynkxBh12219WkiEvQyxJ9Tlxf9z9jkMOntwDyPrrb_Mh6fvqoo_sfef2Kfl_VbCZMIOBeD27Nd6mgI9lIBVj3r3pmGGg4SRi4kTVRNKJIyZVxp5lTLvIo_hC7RkbQiw15nsbuWe1jAf7-88lIU1hO6tpzTbJKpw-MXmzF96LaZap8IIN9v3UEEPJPytno6YI_KY587uD0IwCTC_eITVKcOIhyVY2Hj4otLK0TUXmGWnGQ7EkFGpSSNV73XXksSZnNAxh-5N90THkuto0j6HE9caJL9I8vdF5GdP09sdiBjE8aUT_tISzqqegz-xuFUUXHWWsGLd7eDaM0HVQRxDsE2xV4LhSzmpfOa1Ts3WxLVqjRq3-cZvGpm4rI97cslQw-NGK33Pj7UIbyZma_FIPK8KCCPOJM6LB7aEsHch-W8k9pjdPhuav9k4Gei1thpWu57mMptyREzWjtXVPNJ2E-ASauVYQhaqhnxfkWk5-4Ymdr-O1yOCJAtpXn2qgDnrvIyZzrc3_GwfIwi2gXdcUfx4p_NdmSeTCMBiNjTGb4QWQnS-Z0eZcb8kFFqe0vB736OlkPGfba8XRiKzlYWwErUi591VW8zKx2JE5zYOWY6IAgqNeq0YMicRgKaPcKX34v0hE_AMv6HXoiEB_dH4R9hDYo3oytZIqfRRQoBP0TP2aVlDVwT6D6WLirkd86OVaHKpbG2CWmdVdUf3h7_RyQJp51D1ghqpK3XORng_sdWcf958Ado0d9-PKda2yWqR2yeivigkxezA8vlTjDv31nQ-fmsfDx1Y_fPCuRb1LAW5qdtcl7t-M9yES7rr5Upb2W41BT2Iit0Ht3t4ncIwnOoryh7FM2LDybCVfgtpdyLa_UQ1oqH1TTK8_bxskPnTUc1hfJmnJBGrx0qdO4AWQ9sxr25OPuFlU7j5LCA7hGActM6k_a-CsXv9URFkcIyqrYhgg92vQ_KAr38IZaGKUDpy3gx28GWXwruKQbYtoFRQyskXv_q3jRob__C5gKDKSl12jJQYGGbGCuo4cUod1fY03otU4KCVca3-RMJ9jOc-2qdCNns6n8Hus3ug6djwxzqiwSnjPzOZa1E8X6CgrDYvVHClu5xXLJCFtCwq8X-92t0N7YpkmONMxh3hXFyDHocBEBTn6sXjlC90Vf-vF-2rUEN2uJbQ_mKj9aK7yXuEIZMJxFSoWxddjbiGnX1mcmex3LQIVu9SP2irNtol7zQ0ZMURbGsAQZDVFxN2sYdOHK_j4ESC3QYyfszNzeJDAwryKIINbNk83I1rk6cy9TkXspTSvg7oCknAC9nJ7ZUfE8pqP4cYkhOw0JAer1jK2UnnggJf5wrF7YMs./download,https://www.collegedata.fyi/schools/uw-madison/2025-26
240444,2025,regular,true,1,15,3,31,https://public.boxcloud.com/d/1/b1!kNqWWea0wSGRTofcvbk7aEwd5OOeyoTPeymUxF9WuitxIDjAWZUDy-EyUZ5VfzUb7MVfSLPhuUX2_04kirlTV_TLhlDuXTzvWooO31VVvntR5SfaJEi_5xXSFAlpdYrIOeazW3IVFUazeHhDGS7ijZkY1lcskLTGwCbe_hLkJxvX5btXF7E0LtD83txjn5lX-Wne9GeJI0YacDuqANDsvQZAuSSv_VCgkNobchTCQBA7GRlvfkPROx3uVbEg4-P1pFJvJ7uVfSyVUjwIeeYm_6tLIXHfynkxBh12219WkiEvQyxJ9Tlxf9z9jkMOntwDyPrrb_Mh6fvqoo_sfef2Kfl_VbCZMIOBeD27Nd6mgI9lIBVj3r3pmGGg4SRi4kTVRNKJIyZVxp5lTLvIo_hC7RkbQiw15nsbuWe1jAf7-88lIU1hO6tpzTbJKpw-MXmzF96LaZap8IIN9v3UEEPJPytno6YI_KY587uD0IwCTC_eITVKcOIhyVY2Hj4otLK0TUXmGWnGQ7EkFGpSSNV73XXksSZnNAxh-5N90THkuto0j6HE9caJL9I8vdF5GdP09sdiBjE8aUT_tISzqqegz-xuFUUXHWWsGLd7eDaM0HVQRxDsE2xV4LhSzmpfOa1Ts3WxLVqjRq3-cZvGpm4rI97cslQw-NGK33Pj7UIbyZma_FIPK8KCCPOJM6LB7aEsHch-W8k9pjdPhuav9k4Gei1thpWu57mMptyREzWjtXVPNJ2E-ASauVYQhaqhnxfkWk5-4Ymdr-O1yOCJAtpXn2qgDnrvIyZzrc3_GwfIwi2gXdcUfx4p_NdmSeTCMBiNjTGb4QWQnS-Z0eZcb8kFFqe0vB736OlkPGfba8XRiKzlYWwErUi591VW8zKx2JE5zYOWY6IAgqNeq0YMicRgKaPcKX34v0hE_AMv6HXoiEB_dH4R9hDYo3oytZIqfRRQoBP0TP2aVlDVwT6D6WLirkd86OVaHKpbG2CWmdVdUf3h7_RyQJp51D1ghqpK3XORng_sdWcf958Ado0d9-PKda2yWqR2yeivigkxezA8vlTjDv31nQ-fmsfDx1Y_fPCuRb1LAW5qdtcl7t-M9yES7rr5Upb2W41BT2Iit0Ht3t4ncIwnOoryh7FM2LDybCVfgtpdyLa_UQ1oqH1TTK8_bxskPnTUc1hfJmnJBGrx0qdO4AWQ9sxr25OPuFlU7j5LCA7hGActM6k_a-CsXv9URFkcIyqrYhgg92vQ_KAr38IZaGKUDpy3gx28GWXwruKQbYtoFRQyskXv_q3jRob__C5gKDKSl12jJQYGGbGCuo4cUod1fY03otU4KCVca3-RMJ9jOc-2qdCNns6n8Hus3ug6djwxzqiwSnjPzOZa1E8X6CgrDYvVHClu5xXLJCFtCwq8X-92t0N7YpkmONMxh3hXFyDHocBEBTn6sXjlC90Vf-vF-2rUEN2uJbQ_mKj9aK7yXuEIZMJxFSoWxddjbiGnX1mcmex3LQIVu9SP2irNtol7zQ0ZMURbGsAQZDVFxN2sYdOHK_j4ESC3QYyfszNzeJDAwryKIINbNk83I1rk6cy9TkXspTSvg7oCknAC9nJ7ZUfE8pqP4cYkhOw0JAer1jK2UnnggJf5wrF7YMs./download,https://www.collegedata.fyi/schools/uw-madison/2025-26
243744,2025,early_action,false,,,,,https://drive.usercontent.google.com/download?id=1GIPKgVj1d86dkmLkHI_mZVCk_iY6kiCp&export=download,https://www.collegedata.fyi/schools/stanford/2025-26
243744,2025,priority,true,1,5,,,https://drive.usercontent.google.com/download?id=1GIPKgVj1d86dkmLkHI_mZVCk_iY6kiCp&export=download,https://www.collegedata.fyi/schools/stanford/2025-26
243744,2025,regular,true,1,5,4,1,https://drive.usercontent.google.com/download?id=1GIPKgVj1d86dkmLkHI_mZVCk_iY6kiCp&export=download,https://www.collegedata.fyi/schools/stanford/2025-26
366711,2025,early_action,false,,,,,https://www.csusm.edu/ipa/cds-files/cds-doc/cds_2025-2026.xlsx,https://www.collegedata.fyi/schools/california-state-university-san-marcos/2025-26
366711,2025,early_decision_1,false,,,,,https://www.csusm.edu/ipa/cds-files/cds-doc/cds_2025-2026.xlsx,https://www.collegedata.fyi/schools/california-state-university-san-marcos/2025-26
366711,2025,priority,true,12,31,,,https://www.csusm.edu/ipa/cds-files/cds-doc/cds_2025-2026.xlsx,https://www.collegedata.fyi/schools/california-state-university-san-marcos/2025-26
366711,2025,regular,true,2,28,,,https://www.csusm.edu/ipa/cds-files/cds-doc/cds_2025-2026.xlsx,https://www.collegedata.fyi/schools/california-state-university-san-marcos/2025-26
366711,2025,rolling,true,,,,,https://www.csusm.edu/ipa/cds-files/cds-doc/cds_2025-2026.xlsx,https://www.collegedata.fyi/schools/california-state-university-san-marcos/2025-26
377555,2025,early_action,false,,,,,https://cdn.uw.edu/wp-content/uploads/sites/162/2026/02/27111247/CDS_2025-2026_Seattle.pdf,https://www.collegedata.fyi/schools/university-of-washington-bothell-campus/2025-26
377555,2025,early_decision_1,false,,,,,https://cdn.uw.edu/wp-content/uploads/sites/162/2026/02/27111247/CDS_2025-2026_Seattle.pdf,https://www.collegedata.fyi/schools/university-of-washington-bothell-campus/2025-26
377555,2025,regular,true,11,15,3,15,https://cdn.uw.edu/wp-content/uploads/sites/162/2026/02/27111247/CDS_2025-2026_Seattle.pdf,https://www.collegedata.fyi/schools/university-of-washington-bothell-campus/2025-26
377564,2025,early_action,false,,,,,https://cdn.uw.edu/wp-content/uploads/sites/162/2026/02/27111247/CDS_2025-2026_Seattle.pdf,https://www.collegedata.fyi/schools/university-of-washington-tacoma-campus/2025-26
377564,2025,early_decision_1,false,,,,,https://cdn.uw.edu/wp-content/uploads/sites/162/2026/02/27111247/CDS_2025-2026_Seattle.pdf,https://www.collegedata.fyi/schools/university-of-washington-tacoma-campus/2025-26
377564,2025,regular,true,11,15,3,15,https://cdn.uw.edu/wp-content/uploads/sites/162/2026/02/27111247/CDS_2025-2026_Seattle.pdf,https://www.collegedata.fyi/schools/university-of-washington-tacoma-campus/2025-26
433660,2024,early_decision_1,false,,,,,https://drive.usercontent.google.com/download?id=1adQcqwkHToXN9XmWPSjI48GFgTTrV0ag&export=download,https://www.collegedata.fyi/schools/florida-gulf-coast-university/2024-25
433660,2024,priority,true,11,1,,,https://drive.usercontent.google.com/download?id=1adQcqwkHToXN9XmWPSjI48GFgTTrV0ag&export=download,https://www.collegedata.fyi/schools/florida-gulf-coast-university/2024-25
433660,2024,regular,true,3,1,,,https://drive.usercontent.google.com/download?id=1adQcqwkHToXN9XmWPSjI48GFgTTrV0ag&export=download,https://www.collegedata.fyi/schools/florida-gulf-coast-university/2024-25
445188,2024,early_action,false,,,,,https://doc-00-60-sheets.googleusercontent.com/export/54bogvaave6cua4cdnls17ksc4/9quq6sross372a6beg238pq3go/1776620045000/105250506097979753968/*/1lUTmFPQC7tXMFF6mAZn8o2UcISM1oZes?format=xlsx,https://www.collegedata.fyi/schools/university-of-california-merced/2024-25
445188,2024,early_decision_1,false,,,,,https://doc-00-60-sheets.googleusercontent.com/export/54bogvaave6cua4cdnls17ksc4/9quq6sross372a6beg238pq3go/1776620045000/105250506097979753968/*/1lUTmFPQC7tXMFF6mAZn8o2UcISM1oZes?format=xlsx,https://www.collegedata.fyi/schools/university-of-california-merced/2024-25
445188,2024,regular,true,11,,,,https://doc-00-60-sheets.googleusercontent.com/export/54bogvaave6cua4cdnls17ksc4/9quq6sross372a6beg238pq3go/1776620045000/105250506097979753968/*/1lUTmFPQC7tXMFF6mAZn8o2UcISM1oZes?format=xlsx,https://www.collegedata.fyi/schools/university-of-california-merced/2024-25
445188,2024,rolling,true,,,,,https://doc-00-60-sheets.googleusercontent.com/export/54bogvaave6cua4cdnls17ksc4/9quq6sross372a6beg238pq3go/1776620045000/105250506097979753968/*/1lUTmFPQC7tXMFF6mAZn8o2UcISM1oZes?format=xlsx,https://www.collegedata.fyi/schools/university-of-california-merced/2024-25
482680,2025,early_action,true,11,15,12,15,https://ung.edu/institutional-effectiveness-research-administration/_uploads/files/common-data-sets/cds-2025-2026.xlsx,https://www.collegedata.fyi/schools/university-of-north-georgia/2025-26
482680,2025,early_decision_1,true,11,15,12,15,https://ung.edu/institutional-effectiveness-research-administration/_uploads/files/common-data-sets/cds-2025-2026.xlsx,https://www.collegedata.fyi/schools/university-of-north-georgia/2025-26
482680,2025,priority,true,5,1,,,https://ung.edu/institutional-effectiveness-research-administration/_uploads/files/common-data-sets/cds-2025-2026.xlsx,https://www.collegedata.fyi/schools/university-of-north-georgia/2025-26
482680,2025,regular,true,7,1,,,https://ung.edu/institutional-effectiveness-research-administration/_uploads/files/common-data-sets/cds-2025-2026.xlsx,https://www.collegedata.fyi/schools/university-of-north-georgia/2025-26
482680,2025,rolling,true,,,,,https://ung.edu/institutional-effectiveness-research-administration/_uploads/files/common-data-sets/cds-2025-2026.xlsx,https://www.collegedata.fyi/schools/university-of-north-georgia/2025-26
482705,2024,early_decision_1,true,,,,,http://uds.northeastern.edu/wp-content/uploads/2026/03/CDS-2024-25.pdf,https://www.collegedata.fyi/schools/northeastern-university-professional-programs/2024-25
482705,2024,regular,true,,,4,1,http://uds.northeastern.edu/wp-content/uploads/2026/03/CDS-2024-25.pdf,https://www.collegedata.fyi/schools/northeastern-university-professional-programs/2024-25
486840,2024,early_decision_1,false,,,,,https://campus.kennesaw.edu/offices-services/data-strategy/institutional-research/publications/common-data-set/docs/cds-2024-2025-06232025.pdf,https://www.collegedata.fyi/schools/kennesaw-state-university/2024-25
486840,2024,priority,true,7,1,,,https://campus.kennesaw.edu/offices-services/data-strategy/institutional-research/publications/common-data-set/docs/cds-2024-2025-06232025.pdf,https://www.collegedata.fyi/schools/kennesaw-state-university/2024-25
486840,2024,regular,true,11,1,,,https://campus.kennesaw.edu/offices-services/data-strategy/institutional-research/publications/common-data-set/docs/cds-2024-2025-06232025.pdf,https://www.collegedata.fyi/schools/kennesaw-state-university/2024-25
486840,2024,rolling,true,,,,,https://campus.kennesaw.edu/offices-services/data-strategy/institutional-research/publications/common-data-set/docs/cds-2024-2025-06232025.pdf,https://www.collegedata.fyi/schools/kennesaw-state-university/2024-25
